ISO-10303-21;
HEADER;
FILE_DESCRIPTION((''),'2;1');
FILE_NAME('GIFTBOX_PACKING_HOLDER_FIXTURE','2026-05-16T08:55:24',('V3248452'),(
''),'CREO PARAMETRIC BY PTC INC, 2016510','CREO PARAMETRIC BY PTC INC, 2016510',
'');
FILE_SCHEMA(('CONFIG_CONTROL_DESIGN'));
ENDSEC;
DATA;
#1=DIRECTION('',(1.E0,0.E0,0.E0));
#2=VECTOR('',#1,1.198400000790E2);
#3=CARTESIAN_POINT('',(1.827317750708E3,-5.518E1,1.05E1));
#4=LINE('',#3,#2);
#5=DIRECTION('',(0.E0,0.E0,-1.E0));
#6=VECTOR('',#5,4.8E1);
#7=CARTESIAN_POINT('',(1.953157750787E3,-5.518E1,5.35E1));
#8=LINE('',#7,#6);
#9=DIRECTION('',(0.E0,0.E0,1.E0));
#10=VECTOR('',#9,4.8E1);
#11=CARTESIAN_POINT('',(1.821317750708E3,-5.518E1,5.5E0));
#12=LINE('',#11,#10);
#13=DIRECTION('',(6.666666666666E-1,6.666666666667E-1,3.333333333333E-1));
#14=VECTOR('',#13,3.E0);
#15=CARTESIAN_POINT('',(1.827317750708E3,-5.518E1,1.05E1));
#16=LINE('',#15,#14);
#17=DIRECTION('',(0.E0,8.944271909999E-1,4.472135955E-1));
#18=VECTOR('',#17,8.944271909999E0);
#19=CARTESIAN_POINT('',(1.829317750708E3,-5.318E1,1.15E1));
#20=LINE('',#19,#18);
#21=DIRECTION('',(2.542114972925E-14,-8.944271909999E-1,-4.472135955E-1));
#22=VECTOR('',#21,8.944271909999E0);
#23=CARTESIAN_POINT('',(1.945157750787E3,-4.518E1,1.55E1));
#24=LINE('',#23,#22);
#25=DIRECTION('',(6.666666666667E-1,-6.666666666666E-1,-3.333333333333E-1));
#26=VECTOR('',#25,3.E0);
#27=CARTESIAN_POINT('',(1.945157750787E3,-5.318E1,1.15E1));
#28=LINE('',#27,#26);
#29=DIRECTION('',(0.E0,0.E0,1.E0));
#30=VECTOR('',#29,4.3E1);
#31=CARTESIAN_POINT('',(1.827317750708E3,-5.518E1,1.05E1));
#32=LINE('',#31,#30);
#33=DIRECTION('',(0.E0,1.E0,0.E0));
#34=VECTOR('',#33,1.301999999902E2);
#35=CARTESIAN_POINT('',(1.829317750708E3,-4.518E1,1.55E1));
#36=LINE('',#35,#34);
#37=DIRECTION('',(0.E0,0.E0,1.E0));
#38=VECTOR('',#37,4.2E1);
#39=CARTESIAN_POINT('',(1.829317750708E3,-5.318E1,1.15E1));
#40=LINE('',#39,#38);
#41=CARTESIAN_POINT('',(1.829317750708E3,5.982E1,6.55E1));
#42=DIRECTION('',(1.E0,0.E0,0.E0));
#43=DIRECTION('',(0.E0,1.557845408259E-9,-1.E0));
#44=AXIS2_PLACEMENT_3D('',#41,#42,#43);
#46=CARTESIAN_POINT('',(1.829317750708E3,9.521525067375E1,1.55E1));
#47=DIRECTION('',(0.E0,0.E0,1.E0));
#48=DIRECTION('',(0.E0,1.E0,0.E0));
#49=AXIS2_PLACEMENT_3D('',#46,#47,#48);
#51=DIRECTION('',(1.E0,0.E0,0.E0));
#52=VECTOR('',#51,1.158400000790E2);
#53=CARTESIAN_POINT('',(1.829317750708E3,1.052152506738E2,1.55E1));
#54=LINE('',#53,#52);
#55=CARTESIAN_POINT('',(1.945157750787E3,9.521525067375E1,1.55E1));
#56=DIRECTION('',(0.E0,0.E0,1.E0));
#57=DIRECTION('',(9.999999999979E-1,-2.059028899737E-6,0.E0));
#58=AXIS2_PLACEMENT_3D('',#55,#56,#57);
#60=DIRECTION('',(1.E0,0.E0,0.E0));
#61=VECTOR('',#60,1.158400000790E2);
#62=CARTESIAN_POINT('',(1.829317750708E3,-4.518E1,1.55E1));
#63=LINE('',#62,#61);
#64=DIRECTION('',(0.E0,0.E0,1.E0));
#65=VECTOR('',#64,4.8E1);
#66=CARTESIAN_POINT('',(1.819317750708E3,-5.318E1,5.5E0));
#67=LINE('',#66,#65);
#68=DIRECTION('',(7.145242261625E-5,-1.776520566646E-6,9.999999974457E-1));
#69=VECTOR('',#68,1.000000002554E1);
#70=CARTESIAN_POINT('',(1.819317750708E3,9.521525067375E1,5.5E0));
#71=LINE('',#70,#69);
#72=DIRECTION('',(0.E0,-4.528780768183E-11,1.E0));
#73=VECTOR('',#72,7.800000001752E1);
#74=CARTESIAN_POINT('',(1.819317750708E3,9.502E1,1.55E1));
#75=LINE('',#74,#73);
#76=CARTESIAN_POINT('',(1.819317750708E3,5.982E1,6.55E1));
#77=DIRECTION('',(-1.E0,0.E0,0.E0));
#78=DIRECTION('',(0.E0,1.E0,-6.624753486652E-9));
#79=AXIS2_PLACEMENT_3D('',#76,#77,#78);
#81=DIRECTION('',(5.773502691896E-1,-5.773502691897E-1,5.773502691896E-1));
#82=VECTOR('',#81,1.732050807569E0);
#83=CARTESIAN_POINT('',(1.819317750708E3,-5.318E1,5.35E1));
#84=LINE('',#83,#82);
#85=DIRECTION('',(5.219533754069E-12,1.E0,1.202232021142E-11));
#86=VECTOR('',#85,1.129999999789E2);
#87=CARTESIAN_POINT('',(1.819317750708E3,-5.318E1,5.35E1));
#88=LINE('',#87,#86);
#89=DIRECTION('',(-5.773502692982E-1,-5.773502691353E-1,-5.773502691353E-1));
#90=VECTOR('',#89,1.732050808310E0);
#91=CARTESIAN_POINT('',(1.821317750709E3,-5.317999999967E1,5.550000000033E1));
#92=LINE('',#91,#90);
#93=CARTESIAN_POINT('',(1.821317750708E3,5.982E1,6.55E1));
#94=DIRECTION('',(-1.E0,0.E0,0.E0));
#95=DIRECTION('',(0.E0,1.E0,0.E0));
#96=AXIS2_PLACEMENT_3D('',#93,#94,#95);
#98=DIRECTION('',(-7.071067813395E-1,1.093580451262E-8,-7.071067810336E-1));
#99=VECTOR('',#98,2.828427123873E0);
#100=CARTESIAN_POINT('',(1.821317750708E3,5.981999994798E1,5.550000000031E1));
#101=LINE('',#100,#99);
#102=DIRECTION('',(7.071067817112E-1,-7.071067806619E-1,8.652500706558E-9));
#103=VECTOR('',#102,2.828427119787E0);
#104=CARTESIAN_POINT('',(1.819317750711E3,7.181999999464E1,6.550000002538E1));
#105=LINE('',#104,#103);
#106=DIRECTION('',(-1.E0,0.E0,-6.293040164018E-12));
#107=VECTOR('',#106,5.999999999076E0);
#108=CARTESIAN_POINT('',(1.827317750707E3,5.981999994798E1,5.550000000035E1));
#109=LINE('',#108,#107);
#110=DIRECTION('',(1.E0,-1.003286343115E-11,0.E0));
#111=VECTOR('',#110,5.999999998675E0);
#112=CARTESIAN_POINT('',(1.821317750709E3,6.981999999963E1,6.550000004985E1));
#113=LINE('',#112,#111);
#114=CARTESIAN_POINT('',(1.827317750708E3,5.982E1,6.55E1));
#115=DIRECTION('',(1.E0,0.E0,0.E0));
#116=DIRECTION('',(0.E0,-6.305999988999E-9,-1.E0));
#117=AXIS2_PLACEMENT_3D('',#114,#115,#116);
#119=DIRECTION('',(7.071067813889E-1,7.071067809842E-1,9.114826350415E-9));
#120=VECTOR('',#119,2.828427124167E0);
#121=CARTESIAN_POINT('',(1.827317750707E3,6.981999999957E1,6.550000004985E1));
#122=LINE('',#121,#120);
#123=DIRECTION('',(-7.071067813530E-1,-1.093539251966E-8,7.071067810201E-1));
#124=VECTOR('',#123,2.828427124053E0);
#125=CARTESIAN_POINT('',(1.829317750707E3,5.981999997891E1,5.350000000131E1));
#126=LINE('',#125,#124);
#127=DIRECTION('',(-1.088665161317E-11,-1.701437218491E-11,-1.E0));
#128=VECTOR('',#127,2.499999992434E1);
#129=CARTESIAN_POINT('',(1.829317750708E3,7.181999999901E1,9.049999999997E1));
#130=LINE('',#129,#128);
#131=DIRECTION('',(-5.773502692766E-1,-5.773502689152E-1,5.773502693771E-1));
#132=VECTOR('',#131,3.464101615937E0);
#133=CARTESIAN_POINT('',(1.829317750708E3,7.181999999901E1,9.049999999997E1));
#134=LINE('',#133,#132);
#135=DIRECTION('',(-5.773502690950E-1,5.773502691954E-1,5.773502692785E-1));
#136=VECTOR('',#135,3.464101612952E0);
#137=CARTESIAN_POINT('',(1.826317750708E3,6.982E1,9.35E1));
#138=LINE('',#137,#136);
#139=DIRECTION('',(-2.182442788065E-11,1.E0,2.182012156102E-11));
#140=VECTOR('',#139,1.319999994328E1);
#141=CARTESIAN_POINT('',(1.824317750710E3,7.181999999876E1,9.549999999905E1));
#142=LINE('',#141,#140);
#143=DIRECTION('',(-4.390723490297E-11,-1.E0,3.728949821827E-11));
#144=VECTOR('',#143,1.319999995412E1);
#145=CARTESIAN_POINT('',(1.829317750708E3,8.501999995313E1,9.049999999948E1));
#146=LINE('',#145,#144);
#147=DIRECTION('',(1.212659604554E-11,2.501636762347E-12,-1.E0));
#148=VECTOR('',#147,2.699999995123E1);
#149=CARTESIAN_POINT('',(1.827317750707E3,6.981999999950E1,9.250000000108E1));
#150=LINE('',#149,#148);
#151=DIRECTION('',(-2.999870831401E-10,2.027076921359E-12,1.E0));
#152=VECTOR('',#151,2.799999996767E1);
#153=CARTESIAN_POINT('',(1.821317750709E3,6.981999999963E1,6.550000004985E1));
#154=LINE('',#153,#152);
#155=DIRECTION('',(1.E0,6.313030088798E-11,-3.504266027419E-9));
#156=VECTOR('',#155,5.000000007828E0);
#157=CARTESIAN_POINT('',(1.821317750700E3,6.981999999968E1,9.350000001752E1));
#158=LINE('',#157,#156);
#159=DIRECTION('',(7.071067811865E-1,-3.536501379239E-10,-7.071067811866E-1));
#160=VECTOR('',#159,1.414213560845E0);
#161=CARTESIAN_POINT('',(1.826317750708E3,6.982E1,9.35E1));
#162=LINE('',#161,#160);
#163=DIRECTION('',(-2.112951080567E-11,4.992780784005E-11,1.E0));
#164=VECTOR('',#163,2.800000004470E1);
#165=CARTESIAN_POINT('',(1.819317750711E3,7.181999999464E1,6.550000002538E1));
#166=LINE('',#165,#164);
#167=CARTESIAN_POINT('',(1.821317750708E3,7.182E1,9.35E1));
#168=DIRECTION('',(0.E0,1.E0,0.E0));
#169=DIRECTION('',(-1.E0,0.E0,0.E0));
#170=AXIS2_PLACEMENT_3D('',#167,#168,#169);
#172=DIRECTION('',(1.224344539148E-8,-7.071067843014E-1,-7.071067780717E-1));
#173=VECTOR('',#172,2.828427112122E0);
#174=CARTESIAN_POINT('',(1.821317750666E3,7.181999999957E1,9.549999999978E1));
#175=LINE('',#174,#173);
#176=DIRECTION('',(-7.071067800939E-1,7.071067822792E-1,1.858411180890E-8));
#177=VECTOR('',#176,2.828427115214E0);
#178=CARTESIAN_POINT('',(1.821317750700E3,6.981999999968E1,9.350000001752E1));
#179=LINE('',#178,#177);
#180=DIRECTION('',(-8.635299371952E-11,1.E0,-2.265683732539E-9));
#181=VECTOR('',#180,2.320000000043E1);
#182=CARTESIAN_POINT('',(1.819317750710E3,7.181999999603E1,9.350000007009E1));
#183=LINE('',#182,#181);
#184=DIRECTION('',(-8.481528160121E-10,-1.E0,-9.294634068077E-12));
#185=VECTOR('',#184,2.319999989984E1);
#186=CARTESIAN_POINT('',(1.821317750685E3,9.501999989941E1,9.55E1));
#187=LINE('',#186,#185);
#188=CARTESIAN_POINT('',(1.829317750708E3,9.502E1,9.35E1));
#189=DIRECTION('',(0.E0,0.E0,-1.E0));
#190=DIRECTION('',(-1.E0,-7.064912210808E-10,0.E0));
#191=AXIS2_PLACEMENT_3D('',#188,#189,#190);
#193=CARTESIAN_POINT('',(1.829317750708E3,1.0302E2,9.35E1));
#194=DIRECTION('',(1.E0,0.E0,0.E0));
#195=DIRECTION('',(0.E0,1.E0,0.E0));
#196=AXIS2_PLACEMENT_3D('',#193,#194,#195);
#198=CARTESIAN_POINT('',(1.821317750708E3,9.502E1,9.35E1));
#199=DIRECTION('',(0.E0,-1.E0,0.E0));
#200=DIRECTION('',(-1.708519903332E-8,0.E0,1.E0));
#201=AXIS2_PLACEMENT_3D('',#198,#199,#200);
#203=CARTESIAN_POINT('',(1.829317750708E3,9.502E1,1.55E1));
#204=DIRECTION('',(0.E0,0.E0,1.E0));
#205=DIRECTION('',(0.E0,1.E0,0.E0));
#206=AXIS2_PLACEMENT_3D('',#203,#204,#205);
#208=DIRECTION('',(1.192254272516E-11,0.E0,1.E0));
#209=VECTOR('',#208,7.8E1);
#210=CARTESIAN_POINT('',(1.829317750708E3,1.0502E2,1.55E1));
#211=LINE('',#210,#209);
#212=CARTESIAN_POINT('',(1.819318465232E3,9.521523290855E1,1.55E1));
#213=CARTESIAN_POINT('',(1.819318465232E3,9.518274610926E1,1.55E1));
#214=CARTESIAN_POINT('',(1.819317393446E3,9.511774417883E1,1.55E1));
#215=CARTESIAN_POINT('',(1.819317750708E3,9.505259675863E1,1.55E1));
#216=CARTESIAN_POINT('',(1.819317750708E3,9.502E1,1.55E1));
#218=DIRECTION('',(1.E0,0.E0,0.E0));
#219=VECTOR('',#218,1.158400000790E2);
#220=CARTESIAN_POINT('',(1.829317750708E3,1.0502E2,1.55E1));
#221=LINE('',#220,#219);
#222=DIRECTION('',(-2.732273666576E-11,0.E0,1.E0));
#223=VECTOR('',#222,7.8E1);
#224=CARTESIAN_POINT('',(1.945157750787E3,1.0502E2,1.55E1));
#225=LINE('',#224,#223);
#226=DIRECTION('',(-1.786507452729E-13,1.786507452729E-13,-1.E0));
#227=VECTOR('',#226,2.799999995583E1);
#228=CARTESIAN_POINT('',(1.931317750707E3,1.050199999993E2,9.350000001026E1));
#229=LINE('',#228,#227);
#230=CARTESIAN_POINT('',(1.919317750708E3,1.0502E2,6.55E1));
#231=DIRECTION('',(0.E0,1.E0,0.E0));
#232=DIRECTION('',(1.E0,0.E0,-1.884805792924E-9));
#233=AXIS2_PLACEMENT_3D('',#230,#231,#232);
#235=DIRECTION('',(-1.E0,0.E0,0.E0));
#236=VECTOR('',#235,6.499999998111E1);
#237=CARTESIAN_POINT('',(1.919317750705E3,1.050199999986E2,5.350000000282E1));
#238=LINE('',#237,#236);
#239=CARTESIAN_POINT('',(1.854317750708E3,1.0502E2,6.55E1));
#240=DIRECTION('',(0.E0,1.E0,0.E0));
#241=DIRECTION('',(-3.568989844405E-9,0.E0,-1.E0));
#242=AXIS2_PLACEMENT_3D('',#239,#240,#241);
#244=DIRECTION('',(-1.705302566778E-13,-1.786507450910E-13,1.E0));
#245=VECTOR('',#244,2.799999998434E1);
#246=CARTESIAN_POINT('',(1.842317750710E3,1.050199999992E2,6.550000002837E1));
#247=LINE('',#246,#245);
#248=CARTESIAN_POINT('',(1.955157750787E3,9.502E1,1.55E1));
#249=CARTESIAN_POINT('',(1.955157750787E3,9.505259675863E1,1.55E1));
#250=CARTESIAN_POINT('',(1.955158108049E3,9.511774417883E1,1.55E1));
#251=CARTESIAN_POINT('',(1.955157036263E3,9.518274610926E1,1.55E1));
#252=CARTESIAN_POINT('',(1.955157036263E3,9.521523290855E1,1.55E1));
#254=DIRECTION('',(0.E0,-1.065449722519E-11,1.E0));
#255=VECTOR('',#254,7.800000001692E1);
#256=CARTESIAN_POINT('',(1.955157750787E3,9.502E1,1.55E1));
#257=LINE('',#256,#255);
#258=CARTESIAN_POINT('',(1.945157750787E3,9.502E1,1.55E1));
#259=DIRECTION('',(0.E0,0.E0,1.E0));
#260=DIRECTION('',(9.998094442304E-1,1.952114821644E-2,0.E0));
#261=AXIS2_PLACEMENT_3D('',#258,#259,#260);
#263=DIRECTION('',(0.E0,0.E0,-1.E0));
#264=VECTOR('',#263,4.8E1);
#265=CARTESIAN_POINT('',(1.955157750787E3,-5.318E1,5.35E1));
#266=LINE('',#265,#264);
#267=CARTESIAN_POINT('',(1.955157750787E3,5.982E1,6.55E1));
#268=DIRECTION('',(1.E0,0.E0,0.E0));
#269=DIRECTION('',(0.E0,1.557845408259E-9,-1.E0));
#270=AXIS2_PLACEMENT_3D('',#267,#268,#269);
#272=DIRECTION('',(-7.145242266172E-5,-1.776520569488E-6,9.999999974457E-1));
#273=VECTOR('',#272,1.000000002554E1);
#274=CARTESIAN_POINT('',(1.955157750787E3,9.521525067375E1,5.5E0));
#275=LINE('',#274,#273);
#276=DIRECTION('',(-7.071067811866E-1,7.071067811865E-1,0.E0));
#277=VECTOR('',#276,2.828427124746E0);
#278=CARTESIAN_POINT('',(1.821317750708E3,-5.518E1,5.5E0));
#279=LINE('',#278,#277);
#280=DIRECTION('',(-1.E0,0.E0,0.E0));
#281=VECTOR('',#280,1.318400000790E2);
#282=CARTESIAN_POINT('',(1.953157750787E3,-5.518E1,5.5E0));
#283=LINE('',#282,#281);
#284=DIRECTION('',(-7.071067811865E-1,-7.071067811866E-1,0.E0));
#285=VECTOR('',#284,2.828427124746E0);
#286=CARTESIAN_POINT('',(1.955157750787E3,-5.318E1,5.5E0));
#287=LINE('',#286,#285);
#288=DIRECTION('',(0.E0,-1.E0,0.E0));
#289=VECTOR('',#288,1.483952506738E2);
#290=CARTESIAN_POINT('',(1.955157750787E3,9.521525067375E1,5.5E0));
#291=LINE('',#290,#289);
#292=CARTESIAN_POINT('',(1.945157750787E3,9.521525067375E1,5.5E0));
#293=DIRECTION('',(0.E0,0.E0,-1.E0));
#294=DIRECTION('',(0.E0,1.E0,0.E0));
#295=AXIS2_PLACEMENT_3D('',#292,#293,#294);
#297=DIRECTION('',(1.E0,0.E0,0.E0));
#298=VECTOR('',#297,1.158400000790E2);
#299=CARTESIAN_POINT('',(1.829317750708E3,1.052152506738E2,5.5E0));
#300=LINE('',#299,#298);
#301=CARTESIAN_POINT('',(1.829317750708E3,9.521525067375E1,5.5E0));
#302=DIRECTION('',(0.E0,0.E0,-1.E0));
#303=DIRECTION('',(-1.E0,0.E0,0.E0));
#304=AXIS2_PLACEMENT_3D('',#301,#302,#303);
#306=DIRECTION('',(0.E0,1.E0,0.E0));
#307=VECTOR('',#306,1.483952506738E2);
#308=CARTESIAN_POINT('',(1.819317750708E3,-5.318E1,5.5E0));
#309=LINE('',#308,#307);
#310=DIRECTION('',(0.E0,0.E0,1.E0));
#311=VECTOR('',#310,1.E1);
#312=CARTESIAN_POINT('',(1.829317750708E3,1.052152506738E2,5.5E0));
#313=LINE('',#312,#311);
#314=DIRECTION('',(0.E0,0.E0,1.E0));
#315=VECTOR('',#314,1.E1);
#316=CARTESIAN_POINT('',(1.945157750787E3,1.052152506738E2,5.5E0));
#317=LINE('',#316,#315);
#318=DIRECTION('',(5.773502691897E-1,-5.773502691896E-1,-5.773502691896E-1));
#319=VECTOR('',#318,1.732050807569E0);
#320=CARTESIAN_POINT('',(1.946157750787E3,-5.418E1,5.45E1));
#321=LINE('',#320,#319);
#322=DIRECTION('',(5.773502692980E-1,5.773502691355E-1,5.773502691354E-1));
#323=VECTOR('',#322,1.732050808310E0);
#324=CARTESIAN_POINT('',(1.946157750787E3,-5.418E1,5.45E1));
#325=LINE('',#324,#323);
#326=DIRECTION('',(1.E0,8.391509711263E-12,8.392693949156E-12));
#327=VECTOR('',#326,5.999999998616E0);
#328=CARTESIAN_POINT('',(1.947157750788E3,-5.317999999967E1,5.550000000033E1));
#329=LINE('',#328,#327);
#330=DIRECTION('',(5.773502693375E-1,-5.773502691157E-1,-5.773502691157E-1));
#331=VECTOR('',#330,1.732050808456E0);
#332=CARTESIAN_POINT('',(1.953157750786E3,-5.317999999962E1,5.550000000038E1));
#333=LINE('',#332,#331);
#334=DIRECTION('',(5.773502691896E-1,5.773502691896E-1,5.773502691896E-1));
#335=VECTOR('',#334,1.732050807569E0);
#336=CARTESIAN_POINT('',(1.953157750787E3,-5.518E1,5.35E1));
#337=LINE('',#336,#335);
#338=DIRECTION('',(-1.E0,0.E0,0.E0));
#339=VECTOR('',#338,6.E0);
#340=CARTESIAN_POINT('',(1.953157750787E3,-5.518E1,5.35E1));
#341=LINE('',#340,#339);
#342=DIRECTION('',(0.E0,0.E0,-1.E0));
#343=VECTOR('',#342,4.3E1);
#344=CARTESIAN_POINT('',(1.947157750787E3,-5.518E1,5.35E1));
#345=LINE('',#344,#343);
#346=DIRECTION('',(0.E0,0.E0,1.E0));
#347=VECTOR('',#346,4.2E1);
#348=CARTESIAN_POINT('',(1.945157750787E3,-5.318E1,1.15E1));
#349=LINE('',#348,#347);
#350=DIRECTION('',(0.E0,-1.E0,0.E0));
#351=VECTOR('',#350,1.301999999902E2);
#352=CARTESIAN_POINT('',(1.945157750787E3,8.501999999023E1,1.55E1));
#353=LINE('',#352,#351);
#354=CARTESIAN_POINT('',(1.945157750787E3,5.982E1,6.55E1));
#355=DIRECTION('',(-1.E0,0.E0,0.E0));
#356=DIRECTION('',(0.E0,1.E0,-1.701783010839E-9));
#357=AXIS2_PLACEMENT_3D('',#354,#355,#356);
#359=CARTESIAN_POINT('',(1.935157750787E3,8.502E1,1.55E1));
#360=DIRECTION('',(0.E0,0.E0,1.E0));
#361=DIRECTION('',(1.E0,0.E0,0.E0));
#362=AXIS2_PLACEMENT_3D('',#359,#360,#361);
#364=DIRECTION('',(-3.563551824019E-10,-3.169399557636E-12,1.E0));
#365=VECTOR('',#364,7.499999999952E1);
#366=CARTESIAN_POINT('',(1.935157750756E3,9.502E1,1.55E1));
#367=LINE('',#366,#365);
#368=DIRECTION('',(3.325718959506E-12,4.945616183283E-10,-1.E0));
#369=VECTOR('',#368,7.499999999949E1);
#370=CARTESIAN_POINT('',(1.945157750787E3,8.501999995313E1,9.049999999949E1));
#371=LINE('',#370,#369);
#372=DIRECTION('',(1.E0,0.E0,0.E0));
#373=VECTOR('',#372,9.584000001630E1);
#374=CARTESIAN_POINT('',(1.839317750739E3,9.502E1,1.55E1));
#375=LINE('',#374,#373);
#376=DIRECTION('',(1.E0,2.514705528425E-10,2.251141537991E-10));
#377=VECTOR('',#376,2.999999943288E0);
#378=CARTESIAN_POINT('',(1.839317750766E3,9.501999999976E1,9.049999999953E1));
#379=LINE('',#378,#377);
#380=DIRECTION('',(1.266926122076E-11,1.265448193182E-11,-1.E0));
#381=VECTOR('',#380,2.499999995055E1);
#382=CARTESIAN_POINT('',(1.842317750709E3,9.502000000052E1,9.050000000020E1));
#383=LINE('',#382,#381);
#384=CARTESIAN_POINT('',(1.854317750708E3,9.502E1,6.55E1));
#385=DIRECTION('',(0.E0,-1.E0,0.E0));
#386=DIRECTION('',(-1.E0,0.E0,3.248755338821E-9));
#387=AXIS2_PLACEMENT_3D('',#384,#385,#386);
#389=DIRECTION('',(1.E0,0.E0,0.E0));
#390=VECTOR('',#389,6.499999995943E1);
#391=CARTESIAN_POINT('',(1.854317750724E3,9.502000000141E1,5.350000000282E1));
#392=LINE('',#391,#390);
#393=CARTESIAN_POINT('',(1.919317750708E3,9.502E1,6.55E1));
#394=DIRECTION('',(0.E0,-1.E0,0.E0));
#395=DIRECTION('',(-1.850158544888E-9,0.E0,-1.E0));
#396=AXIS2_PLACEMENT_3D('',#393,#394,#395);
#398=DIRECTION('',(1.267835617113E-11,-1.267778773694E-11,1.E0));
#399=VECTOR('',#398,2.499999994396E1);
#400=CARTESIAN_POINT('',(1.931317750707E3,9.502000000059E1,6.550000005600E1));
#401=LINE('',#400,#399);
#402=DIRECTION('',(1.E0,-1.328381841428E-10,-1.122028389755E-10));
#403=VECTOR('',#402,3.840000021784E0);
#404=CARTESIAN_POINT('',(1.931317750707E3,9.502000000027E1,9.049999999996E1));
#405=LINE('',#404,#403);
#406=CARTESIAN_POINT('',(1.839317750708E3,8.502E1,1.55E1));
#407=DIRECTION('',(0.E0,0.E0,-1.E0));
#408=DIRECTION('',(-1.E0,0.E0,0.E0));
#409=AXIS2_PLACEMENT_3D('',#406,#407,#408);
#411=DIRECTION('',(3.486396356821E-12,-4.945583972013E-10,1.E0));
#412=VECTOR('',#411,7.499999999948E1);
#413=CARTESIAN_POINT('',(1.829317750708E3,8.501999999022E1,1.55E1));
#414=LINE('',#413,#412);
#415=DIRECTION('',(-3.563551824019E-10,3.163904693813E-12,-1.E0));
#416=VECTOR('',#415,7.499999999953E1);
#417=CARTESIAN_POINT('',(1.839317750766E3,9.501999999976E1,9.049999999953E1));
#418=LINE('',#417,#416);
#419=CARTESIAN_POINT('',(1.839317750708E3,8.502E1,9.05E1));
#420=DIRECTION('',(0.E0,0.E0,1.E0));
#421=DIRECTION('',(3.135119186481E-9,1.E0,0.E0));
#422=AXIS2_PLACEMENT_3D('',#419,#420,#421);
#424=DIRECTION('',(-7.071067811231E-1,-1.569495572520E-9,7.071067812500E-1));
#425=VECTOR('',#424,7.071067811029E0);
#426=CARTESIAN_POINT('',(1.829317750708E3,8.501999995313E1,9.049999999948E1));
#427=LINE('',#426,#425);
#428=DIRECTION('',(-6.489943264742E-10,-7.071067811250E-1,-7.071067812481E-1));
#429=VECTOR('',#428,7.071067811027E0);
#430=CARTESIAN_POINT('',(1.839317750771E3,1.000199999987E2,9.549999999937E1));
#431=LINE('',#430,#429);
#432=CARTESIAN_POINT('',(1.829317750708E3,9.502E1,9.55E1));
#433=DIRECTION('',(0.E0,0.E0,-1.E0));
#434=DIRECTION('',(-1.E0,-3.772062129315E-8,0.E0));
#435=AXIS2_PLACEMENT_3D('',#432,#433,#434);
#437=DIRECTION('',(-1.278597968030E-10,-1.E0,-2.233567404733E-10));
#438=VECTOR('',#437,3.000000000499E0);
#439=CARTESIAN_POINT('',(1.844317750708E3,1.030199999992E2,9.550000000004E1));
#440=LINE('',#439,#438);
#441=CARTESIAN_POINT('',(1.839317750708E3,8.502E1,9.55E1));
#442=DIRECTION('',(0.E0,0.E0,1.E0));
#443=DIRECTION('',(-1.282417845990E-9,1.E0,0.E0));
#444=AXIS2_PLACEMENT_3D('',#441,#442,#443);
#446=DIRECTION('',(1.E0,-2.698309684189E-10,-2.460846305385E-10));
#447=VECTOR('',#446,3.000000044047E0);
#448=CARTESIAN_POINT('',(1.821317750666E3,7.181999999957E1,9.549999999978E1));
#449=LINE('',#448,#447);
#450=CARTESIAN_POINT('',(1.842317750710E3,1.050199999992E2,9.350000001271E1));
#451=CARTESIAN_POINT('',(1.842317750710E3,1.050199999992E2,9.358622971706E1));
#452=CARTESIAN_POINT('',(1.842328917967E3,1.050088327404E2,9.375738307098E1));
#453=CARTESIAN_POINT('',(1.842377696935E3,1.049600537730E2,9.400830485154E1));
#454=CARTESIAN_POINT('',(1.842460792425E3,1.048769582828E2,9.425908964726E1));
#455=CARTESIAN_POINT('',(1.842584419174E3,1.047533315335E2,9.451197448691E1));
#456=CARTESIAN_POINT('',(1.842756072392E3,1.045816783158E2,9.476235072011E1));
#457=CARTESIAN_POINT('',(1.842975657288E3,1.043620934205E2,9.499492722259E1));
#458=CARTESIAN_POINT('',(1.843246214275E3,1.040915364332E2,9.520079130977E1));
#459=CARTESIAN_POINT('',(1.843567202470E3,1.037705482380E2,9.536611293858E1));
#460=CARTESIAN_POINT('',(1.843928724895E3,1.034090258133E2,9.547404847702E1));
#461=CARTESIAN_POINT('',(1.844184888199E3,1.031528625086E2,9.550000000004E1));
#462=CARTESIAN_POINT('',(1.844317750708E3,1.030199999992E2,9.550000000004E1));
#464=DIRECTION('',(-1.E0,5.113255004462E-11,-2.485952184782E-12));
#465=VECTOR('',#464,1.500000000038E1);
#466=CARTESIAN_POINT('',(1.844317750708E3,1.030199999992E2,9.550000000004E1));
#467=LINE('',#466,#465);
#468=DIRECTION('',(1.E0,-6.293550295953E-11,9.776936866408E-10));
#469=VECTOR('',#468,1.300000000071E1);
#470=CARTESIAN_POINT('',(1.829317750709E3,1.0502E2,9.35E1));
#471=LINE('',#470,#469);
#472=DIRECTION('',(-1.212659604195E-13,-1.250555216827E-13,1.E0));
#473=VECTOR('',#472,2.999999995469E1);
#474=CARTESIAN_POINT('',(1.844317750708E3,1.030199999992E2,6.550000004535E1));
#475=LINE('',#474,#473);
#476=DIRECTION('',(8.421845321401E-9,-7.071067815522E-1,7.071067808209E-1));
#477=VECTOR('',#476,2.828427123163E0);
#478=CARTESIAN_POINT('',(1.854317750724E3,1.050199999986E2,5.350000000282E1));
#479=LINE('',#478,#477);
#480=CARTESIAN_POINT('',(1.854317750708E3,1.0302E2,6.55E1));
#481=DIRECTION('',(0.E0,1.E0,0.E0));
#482=DIRECTION('',(0.E0,0.E0,-1.E0));
#483=AXIS2_PLACEMENT_3D('',#480,#481,#482);
#485=DIRECTION('',(-7.071067809737E-1,7.071067813993E-1,-6.004149122769E-9));
#486=VECTOR('',#485,2.828427123824E0);
#487=CARTESIAN_POINT('',(1.844317750708E3,1.030199999992E2,6.550000004535E1));
#488=LINE('',#487,#486);
#489=DIRECTION('',(-1.E0,0.E0,0.E0));
#490=VECTOR('',#489,6.499999992742E1);
#491=CARTESIAN_POINT('',(1.919317750675E3,1.030199999987E2,5.550000000066E1));
#492=LINE('',#491,#490);
#493=DIRECTION('',(-7.071067810062E-1,-7.071067813669E-1,1.810585405277E-9));
#494=VECTOR('',#493,2.828427123831E0);
#495=CARTESIAN_POINT('',(1.931317750707E3,1.050199999993E2,6.550000005443E1));
#496=LINE('',#495,#494);
#497=CARTESIAN_POINT('',(1.919317750708E3,1.0302E2,6.55E1));
#498=DIRECTION('',(0.E0,1.E0,0.E0));
#499=DIRECTION('',(1.E0,0.E0,0.E0));
#500=AXIS2_PLACEMENT_3D('',#497,#498,#499);
#502=DIRECTION('',(1.056131108620E-8,7.071067815522E-1,-7.071067808209E-1));
#503=VECTOR('',#502,2.828427123163E0);
#504=CARTESIAN_POINT('',(1.919317750675E3,1.030199999987E2,5.550000000066E1));
#505=LINE('',#504,#503);
#506=DIRECTION('',(-1.212659604770E-13,1.260029120581E-13,-1.E0));
#507=VECTOR('',#506,2.999999994047E1);
#508=CARTESIAN_POINT('',(1.929317750708E3,1.030199999995E2,9.550000000002E1));
#509=LINE('',#508,#507);
#510=CARTESIAN_POINT('',(1.929317750707E3,1.030199999990E2,9.55E1));
#511=CARTESIAN_POINT('',(1.929886786292E3,1.035890355843E2,9.550000000028E1));
#512=CARTESIAN_POINT('',(1.930531255407E3,1.042335046994E2,9.520431019419E1));
#513=CARTESIAN_POINT('',(1.931130598797E3,1.048328480889E2,9.444243404351E1));
#514=CARTESIAN_POINT('',(1.931317750702E3,1.050199999938E2,9.390236895186E1));
#515=CARTESIAN_POINT('',(1.931317750708E3,1.0502E2,9.350000003079E1));
#517=DIRECTION('',(1.E0,4.773881969199E-11,-7.415273234656E-10));
#518=VECTOR('',#517,1.384000007827E1);
#519=CARTESIAN_POINT('',(1.931317750707E3,1.050199999993E2,9.350000001026E1));
#520=LINE('',#519,#518);
#521=DIRECTION('',(-1.E0,-3.298909950242E-11,1.526949154310E-12));
#522=VECTOR('',#521,1.584000007925E1);
#523=CARTESIAN_POINT('',(1.945157750787E3,1.0302E2,9.55E1));
#524=LINE('',#523,#522);
#525=CARTESIAN_POINT('',(1.945157750787E3,1.0302E2,9.35E1));
#526=DIRECTION('',(-1.E0,0.E0,0.E0));
#527=DIRECTION('',(0.E0,0.E0,1.E0));
#528=AXIS2_PLACEMENT_3D('',#525,#526,#527);
#530=CARTESIAN_POINT('',(1.945157750787E3,9.502E1,9.35E1));
#531=DIRECTION('',(0.E0,0.E0,-1.E0));
#532=DIRECTION('',(-4.262801667210E-10,1.E0,0.E0));
#533=AXIS2_PLACEMENT_3D('',#530,#531,#532);
#535=CARTESIAN_POINT('',(1.953157750787E3,9.502E1,9.35E1));
#536=DIRECTION('',(0.E0,-1.E0,0.E0));
#537=DIRECTION('',(1.E0,0.E0,1.691521589464E-8));
#538=AXIS2_PLACEMENT_3D('',#535,#536,#537);
#540=CARTESIAN_POINT('',(1.935157750787E3,8.502E1,9.55E1));
#541=DIRECTION('',(0.E0,0.E0,1.E0));
#542=DIRECTION('',(1.E0,1.413455189928E-9,0.E0));
#543=AXIS2_PLACEMENT_3D('',#540,#541,#542);
#545=CARTESIAN_POINT('',(1.945157750787E3,9.502E1,9.55E1));
#546=DIRECTION('',(0.E0,0.E0,-1.E0));
#547=DIRECTION('',(0.E0,1.E0,0.E0));
#548=AXIS2_PLACEMENT_3D('',#545,#546,#547);
#550=DIRECTION('',(1.E0,5.562412616566E-10,3.945406867591E-10));
#551=VECTOR('',#550,3.000000073381E0);
#552=CARTESIAN_POINT('',(1.950157750784E3,7.181999999542E1,9.549999999736E1));
#553=LINE('',#552,#551);
#554=DIRECTION('',(-5.773502692423E-1,-5.773502688828E-1,-5.773502694438E-1));
#555=VECTOR('',#554,3.464101609039E0);
#556=CARTESIAN_POINT('',(1.950157750784E3,7.181999999542E1,9.549999999736E1));
#557=LINE('',#556,#555);
#558=DIRECTION('',(-5.773502692612E-1,5.773502689461E-1,-5.773502693616E-1));
#559=VECTOR('',#558,3.464101615576E0);
#560=CARTESIAN_POINT('',(1.947157750788E3,6.981999999958E1,9.250000000084E1));
#561=LINE('',#560,#559);
#562=DIRECTION('',(-4.452734492899E-11,1.E0,-3.799142831719E-11));
#563=VECTOR('',#562,1.319999995414E1);
#564=CARTESIAN_POINT('',(1.945157750787E3,7.181999999899E1,9.049999999999E1));
#565=LINE('',#564,#563);
#566=DIRECTION('',(-1.472244554379E-10,-1.E0,-1.472179959585E-10));
#567=VECTOR('',#566,1.319999994724E1);
#568=CARTESIAN_POINT('',(1.950157750786E3,8.501999994266E1,9.549999999930E1));
#569=LINE('',#568,#567);
#570=DIRECTION('',(1.E0,-7.516973685030E-11,1.691478240704E-9));
#571=VECTOR('',#570,5.000000016711E0);
#572=CARTESIAN_POINT('',(1.948157750787E3,6.982E1,9.35E1));
#573=LINE('',#572,#571);
#574=DIRECTION('',(-6.237022336397E-10,-2.026569391489E-12,-1.E0));
#575=VECTOR('',#574,2.799999995860E1);
#576=CARTESIAN_POINT('',(1.953157750804E3,6.981999999962E1,9.350000000846E1));
#577=LINE('',#576,#575);
#578=DIRECTION('',(9.894965523363E-12,-1.757935364257E-12,1.E0));
#579=VECTOR('',#578,2.699999995099E1);
#580=CARTESIAN_POINT('',(1.947157750788E3,6.981999999963E1,6.550000004985E1));
#581=LINE('',#580,#579);
#582=DIRECTION('',(7.071067811866E-1,2.968755944851E-10,7.071067811865E-1));
#583=VECTOR('',#582,1.414213561186E0);
#584=CARTESIAN_POINT('',(1.947157750788E3,6.981999999958E1,9.250000000084E1));
#585=LINE('',#584,#583);
#586=DIRECTION('',(-5.798028730103E-12,-1.981500679978E-11,-1.E0));
#587=VECTOR('',#586,2.799999996957E1);
#588=CARTESIAN_POINT('',(1.955157750786E3,7.181999999856E1,9.350000004229E1));
#589=LINE('',#588,#587);
#590=CARTESIAN_POINT('',(1.953157750787E3,7.182E1,9.35E1));
#591=DIRECTION('',(0.E0,1.E0,0.E0));
#592=DIRECTION('',(0.E0,0.E0,1.E0));
#593=AXIS2_PLACEMENT_3D('',#590,#591,#592);
#595=DIRECTION('',(-7.071067782934E-1,-7.071067840797E-1,-1.196071319074E-8));
#596=VECTOR('',#595,2.828427111674E0);
#597=CARTESIAN_POINT('',(1.955157750786E3,7.181999999856E1,9.350000004229E1));
#598=LINE('',#597,#596);
#599=DIRECTION('',(1.885549914628E-8,7.071067824903E-1,7.071067798828E-1));
#600=VECTOR('',#599,2.828427115940E0);
#601=CARTESIAN_POINT('',(1.953157750804E3,6.981999999962E1,9.350000000846E1));
#602=LINE('',#601,#600);
#603=DIRECTION('',(-2.014560183814E-9,1.E0,6.280585302205E-11));
#604=VECTOR('',#603,2.319999979710E1);
#605=CARTESIAN_POINT('',(1.953157750857E3,7.181999999708E1,9.549999999854E1));
#606=LINE('',#605,#604);
#607=DIRECTION('',(-3.085225561537E-11,-1.E0,1.093626951422E-9));
#608=VECTOR('',#607,2.320000000060E1);
#609=CARTESIAN_POINT('',(1.955157750787E3,9.501999999917E1,9.350000001692E1));
#610=LINE('',#609,#608);
#611=CARTESIAN_POINT('',(1.953157750787E3,5.982E1,6.55E1));
#612=DIRECTION('',(1.E0,0.E0,0.E0));
#613=DIRECTION('',(0.E0,-6.305999988999E-9,-1.E0));
#614=AXIS2_PLACEMENT_3D('',#611,#612,#613);
#616=DIRECTION('',(7.071067814399E-1,7.071067809332E-1,8.082886223665E-9));
#617=VECTOR('',#616,2.828427123556E0);
#618=CARTESIAN_POINT('',(1.953157750786E3,6.981999999957E1,6.550000004985E1));
#619=LINE('',#618,#617);
#620=DIRECTION('',(-7.071067813529E-1,-1.093539251966E-8,7.071067810202E-1));
#621=VECTOR('',#620,2.828427124053E0);
#622=CARTESIAN_POINT('',(1.955157750786E3,5.981999997891E1,5.350000000131E1));
#623=LINE('',#622,#621);
#624=DIRECTION('',(-1.E0,0.E0,-6.293040164017E-12));
#625=VECTOR('',#624,5.999999999077E0);
#626=CARTESIAN_POINT('',(1.953157750786E3,5.981999994798E1,5.550000000035E1));
#627=LINE('',#626,#625);
#628=DIRECTION('',(1.E0,-1.003523190693E-11,0.E0));
#629=VECTOR('',#628,5.999999998675E0);
#630=CARTESIAN_POINT('',(1.947157750788E3,6.981999999963E1,6.550000004985E1));
#631=LINE('',#630,#629);
#632=DIRECTION('',(-1.871305471329E-12,1.E0,-2.300146308509E-13));
#633=VECTOR('',#632,1.129999999476E2);
#634=CARTESIAN_POINT('',(1.947157750788E3,-5.317999999967E1,5.550000000033E1));
#635=LINE('',#634,#633);
#636=DIRECTION('',(-2.209347750022E-12,-1.E0,3.414377926519E-13));
#637=VECTOR('',#636,1.129999999476E2);
#638=CARTESIAN_POINT('',(1.953157750786E3,5.981999994798E1,5.550000000035E1));
#639=LINE('',#638,#637);
#640=DIRECTION('',(5.773502691897E-1,-5.773502691897E-1,5.773502691895E-1));
#641=VECTOR('',#640,1.732050807569E0);
#642=CARTESIAN_POINT('',(1.945157750787E3,-5.318E1,5.35E1));
#643=LINE('',#642,#641);
#644=DIRECTION('',(5.223558066910E-12,1.E0,1.202181717231E-11));
#645=VECTOR('',#644,1.129999999789E2);
#646=CARTESIAN_POINT('',(1.945157750787E3,-5.318E1,5.35E1));
#647=LINE('',#646,#645);
#648=CARTESIAN_POINT('',(1.947157750787E3,5.982E1,6.55E1));
#649=DIRECTION('',(-1.E0,0.E0,0.E0));
#650=DIRECTION('',(0.E0,1.E0,0.E0));
#651=AXIS2_PLACEMENT_3D('',#648,#649,#650);
#653=DIRECTION('',(-7.071067813395E-1,1.093577687899E-8,-7.071067810336E-1));
#654=VECTOR('',#653,2.828427123872E0);
#655=CARTESIAN_POINT('',(1.947157750787E3,5.981999994798E1,5.550000000031E1));
#656=LINE('',#655,#654);
#657=DIRECTION('',(7.071067813678E-1,-7.071067810053E-1,1.690369077915E-9));
#658=VECTOR('',#657,2.828427123989E0);
#659=CARTESIAN_POINT('',(1.945157750788E3,7.181999999858E1,6.550000004507E1));
#660=LINE('',#659,#658);
#661=DIRECTION('',(-1.025000530746E-11,1.638568395036E-11,1.E0));
#662=VECTOR('',#661,2.499999995492E1);
#663=CARTESIAN_POINT('',(1.945157750788E3,7.181999999858E1,6.550000004507E1));
#664=LINE('',#663,#662);
#665=DIRECTION('',(5.773502691897E-1,5.773502691896E-1,-5.773502691896E-1));
#666=VECTOR('',#665,1.732050807569E0);
#667=CARTESIAN_POINT('',(1.954157750787E3,-5.418E1,5.45E1));
#668=LINE('',#667,#666);
#669=DIRECTION('',(4.764786403098E-12,-1.E0,-1.156178791074E-11));
#670=VECTOR('',#669,1.129999999789E2);
#671=CARTESIAN_POINT('',(1.955157750786E3,5.981999997891E1,5.350000000131E1));
#672=LINE('',#671,#670);
#673=CARTESIAN_POINT('',(1.935157750787E3,8.502E1,9.05E1));
#674=DIRECTION('',(0.E0,0.E0,1.E0));
#675=DIRECTION('',(1.E0,0.E0,0.E0));
#676=AXIS2_PLACEMENT_3D('',#673,#674,#675);
#678=DIRECTION('',(-6.474187072900E-10,7.071067811249E-1,7.071067812482E-1));
#679=VECTOR('',#678,7.071067811025E0);
#680=CARTESIAN_POINT('',(1.935157750729E3,9.501999999976E1,9.049999999952E1));
#681=LINE('',#680,#679);
#682=DIRECTION('',(-7.071067811188E-1,1.481431724280E-9,-7.071067812543E-1));
#683=VECTOR('',#682,7.071067810924E0);
#684=CARTESIAN_POINT('',(1.950157750786E3,8.501999994266E1,9.549999999930E1));
#685=LINE('',#684,#683);
#686=DIRECTION('',(-5.773502689748E-1,5.773502692513E-1,5.773502693428E-1));
#687=VECTOR('',#686,3.464101615572E0);
#688=CARTESIAN_POINT('',(1.931317750707E3,9.502000000027E1,9.049999999996E1));
#689=LINE('',#688,#687);
#690=DIRECTION('',(1.E0,0.E0,0.E0));
#691=VECTOR('',#690,5.840000016344E0);
#692=CARTESIAN_POINT('',(1.929317750708E3,1.000199999987E2,9.549999999937E1));
#693=LINE('',#692,#691);
#694=DIRECTION('',(-3.402183891821E-12,6.820683950202E-12,1.E0));
#695=VECTOR('',#694,2.699999994119E1);
#696=CARTESIAN_POINT('',(1.929317750708E3,9.702000000055E1,6.550000005955E1));
#697=LINE('',#696,#695);
#698=DIRECTION('',(-2.897290359560E-9,7.071067815521E-1,7.071067808210E-1));
#699=VECTOR('',#698,2.828427123160E0);
#700=CARTESIAN_POINT('',(1.919317750683E3,9.502000000141E1,5.350000000282E1));
#701=LINE('',#700,#699);
#702=CARTESIAN_POINT('',(1.919317750708E3,9.702E1,6.55E1));
#703=DIRECTION('',(0.E0,-1.E0,0.E0));
#704=DIRECTION('',(-4.000003173132E-9,0.E0,-1.E0));
#705=AXIS2_PLACEMENT_3D('',#702,#703,#704);
#707=DIRECTION('',(7.071067810335E-1,-7.071067813396E-1,-1.256681907042E-9));
#708=VECTOR('',#707,2.828427124082E0);
#709=CARTESIAN_POINT('',(1.929317750708E3,9.702000000055E1,6.550000005955E1));
#710=LINE('',#709,#708);
#711=DIRECTION('',(1.E0,0.E0,0.E0));
#712=VECTOR('',#711,6.499999992742E1);
#713=CARTESIAN_POINT('',(1.854317750747E3,9.702000000132E1,5.550000000066E1));
#714=LINE('',#713,#712);
#715=DIRECTION('',(7.071067809687E-1,7.071067814044E-1,-1.521437178025E-9));
#716=VECTOR('',#715,2.828427123770E0);
#717=CARTESIAN_POINT('',(1.842317750710E3,9.502000000083E1,6.550000004965E1));
#718=LINE('',#717,#716);
#719=CARTESIAN_POINT('',(1.854317750708E3,9.702E1,6.55E1));
#720=DIRECTION('',(0.E0,-1.E0,0.E0));
#721=DIRECTION('',(-1.E0,0.E0,4.048999358020E-9));
#722=AXIS2_PLACEMENT_3D('',#719,#720,#721);
#724=DIRECTION('',(-8.418308217116E-9,-7.071067815521E-1,-7.071067808210E-1));
#725=VECTOR('',#724,2.828427123160E0);
#726=CARTESIAN_POINT('',(1.854317750747E3,9.702000000132E1,5.550000000066E1));
#727=LINE('',#726,#725);
#728=DIRECTION('',(-4.631685988857E-12,-9.372848191995E-12,-1.E0));
#729=VECTOR('',#728,2.699999995566E1);
#730=CARTESIAN_POINT('',(1.844317750709E3,9.702000000101E1,9.250000000101E1));
#731=LINE('',#730,#729);
#732=DIRECTION('',(-5.773502688973E-1,-5.773502692901E-1,-5.773502693814E-1));
#733=VECTOR('',#732,3.464101615393E0);
#734=CARTESIAN_POINT('',(1.844317750709E3,9.702000000101E1,9.250000000101E1));
#735=LINE('',#734,#733);
#736=DIRECTION('',(1.E0,0.E0,0.E0));
#737=VECTOR('',#736,4.999999937333E0);
#738=CARTESIAN_POINT('',(1.839317750771E3,1.000199999987E2,9.549999999937E1));
#739=LINE('',#738,#737);
#740=DIRECTION('',(-1.179034764412E-10,7.071067811120E-1,7.071067812611E-1));
#741=VECTOR('',#740,4.242640684345E0);
#742=CARTESIAN_POINT('',(1.844317750709E3,9.702000000101E1,9.250000000101E1));
#743=LINE('',#742,#741);
#744=DIRECTION('',(1.970571854341E-12,1.E0,-1.894780629174E-14));
#745=VECTOR('',#744,5.999999998478E0);
#746=CARTESIAN_POINT('',(1.844317750708E3,9.702000000076E1,6.550000004535E1));
#747=LINE('',#746,#745);
#748=DIRECTION('',(0.E0,-1.E0,-3.410605133145E-13));
#749=VECTOR('',#748,5.999999997368E0);
#750=CARTESIAN_POINT('',(1.854317750747E3,1.030199999987E2,5.550000000066E1));
#751=LINE('',#750,#749);
#752=DIRECTION('',(0.E0,1.E0,3.410605133145E-13));
#753=VECTOR('',#752,5.999999997368E0);
#754=CARTESIAN_POINT('',(1.919317750675E3,9.702000000132E1,5.550000000066E1));
#755=LINE('',#754,#753);
#756=DIRECTION('',(-4.016934933548E-12,-1.E0,1.894780629032E-14));
#757=VECTOR('',#756,5.999999998929E0);
#758=CARTESIAN_POINT('',(1.929317750708E3,1.030199999995E2,6.550000005955E1));
#759=LINE('',#758,#757);
#760=DIRECTION('',(8.291560029103E-11,-1.E0,-2.193634902809E-10));
#761=VECTOR('',#760,3.000000000745E0);
#762=CARTESIAN_POINT('',(1.929317750708E3,1.030199999995E2,9.550000000002E1));
#763=LINE('',#762,#761);
#764=DIRECTION('',(-8.692701762279E-11,-7.071067811118E-1,-7.071067812612E-1));
#765=VECTOR('',#764,4.242640684733E0);
#766=CARTESIAN_POINT('',(1.929317750708E3,1.000199999987E2,9.549999999937E1));
#767=LINE('',#766,#765);
#768=DIRECTION('',(5.773502691896E-1,5.773502691896E-1,-5.773502691896E-1));
#769=VECTOR('',#768,1.732050807569E0);
#770=CARTESIAN_POINT('',(1.828317750708E3,-5.418E1,5.45E1));
#771=LINE('',#770,#769);
#772=DIRECTION('',(-5.773502693377E-1,5.773502691156E-1,5.773502691156E-1));
#773=VECTOR('',#772,1.732050808457E0);
#774=CARTESIAN_POINT('',(1.828317750708E3,-5.418E1,5.45E1));
#775=LINE('',#774,#773);
#776=DIRECTION('',(4.762774246678E-12,-1.E0,-1.156147351130E-11));
#777=VECTOR('',#776,1.129999999789E2);
#778=CARTESIAN_POINT('',(1.829317750707E3,5.981999997891E1,5.350000000131E1));
#779=LINE('',#778,#777);
#780=DIRECTION('',(5.773502691896E-1,-5.773502691896E-1,-5.773502691896E-1));
#781=VECTOR('',#780,1.732050807569E0);
#782=CARTESIAN_POINT('',(1.820317750708E3,-5.418E1,5.45E1));
#783=LINE('',#782,#781);
#784=DIRECTION('',(1.E0,8.389141235478E-12,8.390325473371E-12));
#785=VECTOR('',#784,5.999999998615E0);
#786=CARTESIAN_POINT('',(1.821317750709E3,-5.317999999967E1,5.550000000033E1));
#787=LINE('',#786,#785);
#788=DIRECTION('',(5.773502691896E-1,5.773502691896E-1,5.773502691896E-1));
#789=VECTOR('',#788,1.732050807569E0);
#790=CARTESIAN_POINT('',(1.827317750708E3,-5.518E1,5.35E1));
#791=LINE('',#790,#789);
#792=DIRECTION('',(-1.E0,0.E0,0.E0));
#793=VECTOR('',#792,6.E0);
#794=CARTESIAN_POINT('',(1.827317750708E3,-5.518E1,5.35E1));
#795=LINE('',#794,#793);
#796=DIRECTION('',(-1.873317627750E-12,1.E0,-2.300775107390E-13));
#797=VECTOR('',#796,1.129999999476E2);
#798=CARTESIAN_POINT('',(1.821317750709E3,-5.317999999967E1,5.550000000033E1));
#799=LINE('',#798,#797);
#800=DIRECTION('',(-2.213372062863E-12,-1.E0,3.414377926519E-13));
#801=VECTOR('',#800,1.129999999476E2);
#802=CARTESIAN_POINT('',(1.827317750707E3,5.981999994798E1,5.550000000035E1));
#803=LINE('',#802,#801);
#804=CARTESIAN_POINT('',(1.947157750788E3,-5.317999999967E1,5.550000000033E1));
#805=CARTESIAN_POINT('',(1.953157750786E3,-5.317999999962E1,5.550000000038E1));
#806=VERTEX_POINT('',#804);
#807=VERTEX_POINT('',#805);
#808=CARTESIAN_POINT('',(1.945157750787E3,7.181999999899E1,9.049999999999E1));
#809=CARTESIAN_POINT('',(1.945157750787E3,8.501999995313E1,9.049999999949E1));
#810=VERTEX_POINT('',#808);
#811=VERTEX_POINT('',#809);
#812=CARTESIAN_POINT('',(1.945157750788E3,7.181999999858E1,6.550000004507E1));
#813=VERTEX_POINT('',#812);
#814=CARTESIAN_POINT('',(1.945157750787E3,5.982000001870E1,5.350000000023E1));
#815=VERTEX_POINT('',#814);
#816=CARTESIAN_POINT('',(1.935157750756E3,9.502E1,9.05E1));
#817=VERTEX_POINT('',#816);
#818=CARTESIAN_POINT('',(1.839317750766E3,9.501999999976E1,9.049999999953E1));
#819=CARTESIAN_POINT('',(1.842317750709E3,9.502000000052E1,9.050000000020E1));
#820=VERTEX_POINT('',#818);
#821=VERTEX_POINT('',#819);
#822=CARTESIAN_POINT('',(1.842317750710E3,9.502000000083E1,6.550000004965E1));
#823=VERTEX_POINT('',#822);
#824=CARTESIAN_POINT('',(1.854317750665E3,9.502E1,5.35E1));
#825=VERTEX_POINT('',#824);
#826=CARTESIAN_POINT('',(1.919317750683E3,9.502000000141E1,5.350000000282E1));
#827=VERTEX_POINT('',#826);
#828=CARTESIAN_POINT('',(1.931317750708E3,9.502E1,6.549999998208E1));
#829=VERTEX_POINT('',#828);
#830=CARTESIAN_POINT('',(1.931317750707E3,9.502000000027E1,9.049999999996E1));
#831=VERTEX_POINT('',#830);
#832=CARTESIAN_POINT('',(1.829317750708E3,8.502E1,9.05E1));
#833=VERTEX_POINT('',#832);
#834=CARTESIAN_POINT('',(1.829317750708E3,5.982000001869E1,5.350000000023E1));
#835=CARTESIAN_POINT('',(1.829317750708E3,7.181999999977E1,6.550000007126E1));
#836=VERTEX_POINT('',#834);
#837=VERTEX_POINT('',#835);
#838=CARTESIAN_POINT('',(1.829317750708E3,7.181999999901E1,9.049999999997E1));
#839=VERTEX_POINT('',#838);
#840=CARTESIAN_POINT('',(1.821317750709E3,-5.317999999967E1,5.550000000033E1));
#841=CARTESIAN_POINT('',(1.827317750707E3,-5.317999999962E1,5.550000000038E1));
#842=VERTEX_POINT('',#840);
#843=VERTEX_POINT('',#841);
#844=CARTESIAN_POINT('',(1.953157750786E3,5.981999994798E1,5.550000000035E1));
#845=VERTEX_POINT('',#844);
#846=CARTESIAN_POINT('',(1.955157750786E3,5.981999997891E1,5.350000000131E1));
#847=VERTEX_POINT('',#846);
#848=CARTESIAN_POINT('',(1.947157750787E3,5.981999994798E1,5.550000000031E1));
#849=VERTEX_POINT('',#848);
#850=CARTESIAN_POINT('',(1.821317750708E3,5.981999994798E1,5.550000000031E1));
#851=VERTEX_POINT('',#850);
#852=CARTESIAN_POINT('',(1.827317750707E3,5.981999994798E1,5.550000000035E1));
#853=VERTEX_POINT('',#852);
#854=CARTESIAN_POINT('',(1.947157750787E3,6.981999999977E1,6.55E1));
#855=VERTEX_POINT('',#854);
#856=CARTESIAN_POINT('',(1.953157750787E3,6.981999999977E1,6.55E1));
#857=VERTEX_POINT('',#856);
#858=CARTESIAN_POINT('',(1.955157750786E3,7.181999999801E1,6.550000007272E1));
#859=VERTEX_POINT('',#858);
#860=CARTESIAN_POINT('',(1.953157750804E3,6.981999999962E1,9.350000000846E1));
#861=VERTEX_POINT('',#860);
#862=CARTESIAN_POINT('',(1.955157750786E3,7.181999999856E1,9.350000004229E1));
#863=VERTEX_POINT('',#862);
#864=CARTESIAN_POINT('',(1.948157750787E3,6.982E1,9.35E1));
#865=VERTEX_POINT('',#864);
#866=CARTESIAN_POINT('',(1.947157750788E3,6.981999999958E1,9.250000000084E1));
#867=VERTEX_POINT('',#866);
#868=CARTESIAN_POINT('',(1.827317750707E3,6.981999999950E1,9.250000000108E1));
#869=CARTESIAN_POINT('',(1.827317750707E3,6.981999999957E1,6.550000004985E1));
#870=VERTEX_POINT('',#868);
#871=VERTEX_POINT('',#869);
#872=CARTESIAN_POINT('',(1.821317750709E3,6.981999999963E1,6.550000004985E1));
#873=VERTEX_POINT('',#872);
#874=CARTESIAN_POINT('',(1.821317750700E3,6.981999999968E1,9.350000001752E1));
#875=VERTEX_POINT('',#874);
#876=CARTESIAN_POINT('',(1.826317750708E3,6.982E1,9.35E1));
#877=VERTEX_POINT('',#876);
#878=CARTESIAN_POINT('',(1.950157750784E3,7.181999999542E1,9.549999999736E1));
#879=VERTEX_POINT('',#878);
#880=CARTESIAN_POINT('',(1.953157750857E3,7.181999999708E1,9.549999999854E1));
#881=VERTEX_POINT('',#880);
#882=CARTESIAN_POINT('',(1.950157750786E3,8.501999994266E1,9.549999999930E1));
#883=VERTEX_POINT('',#882);
#884=CARTESIAN_POINT('',(1.935157750724E3,1.000199999987E2,9.549999999937E1));
#885=VERTEX_POINT('',#884);
#886=CARTESIAN_POINT('',(1.929317750708E3,9.702000000074E1,9.250000000074E1));
#887=VERTEX_POINT('',#886);
#888=CARTESIAN_POINT('',(1.929317750708E3,1.000199999987E2,9.549999999937E1));
#889=VERTEX_POINT('',#888);
#890=CARTESIAN_POINT('',(1.929317750708E3,9.702000000055E1,6.550000005955E1));
#891=VERTEX_POINT('',#890);
#892=CARTESIAN_POINT('',(1.919317750675E3,9.702000000132E1,5.550000000066E1));
#893=VERTEX_POINT('',#892);
#894=CARTESIAN_POINT('',(1.854317750747E3,9.702000000132E1,5.550000000066E1));
#895=VERTEX_POINT('',#894);
#896=CARTESIAN_POINT('',(1.844317750708E3,9.702000000076E1,6.550000004535E1));
#897=VERTEX_POINT('',#896);
#898=CARTESIAN_POINT('',(1.844317750709E3,9.702000000101E1,9.250000000101E1));
#899=VERTEX_POINT('',#898);
#900=CARTESIAN_POINT('',(1.839317750771E3,1.000199999987E2,9.549999999937E1));
#901=VERTEX_POINT('',#900);
#902=CARTESIAN_POINT('',(1.844317750708E3,1.000199999987E2,9.549999999937E1));
#903=VERTEX_POINT('',#902);
#904=CARTESIAN_POINT('',(1.824317750709E3,8.501999994203E1,9.549999999933E1));
#905=VERTEX_POINT('',#904);
#906=CARTESIAN_POINT('',(1.824317750710E3,7.181999999876E1,9.549999999905E1));
#907=VERTEX_POINT('',#906);
#908=CARTESIAN_POINT('',(1.819317750709E3,5.981999997891E1,5.350000000136E1));
#909=VERTEX_POINT('',#908);
#910=CARTESIAN_POINT('',(1.819317750708E3,7.181999999977E1,6.549999992050E1));
#911=VERTEX_POINT('',#910);
#912=CARTESIAN_POINT('',(1.819317750710E3,7.181999999603E1,9.350000007009E1));
#913=CARTESIAN_POINT('',(1.819317750708E3,9.501999999647E1,9.350000001752E1));
#914=VERTEX_POINT('',#912);
#915=VERTEX_POINT('',#913);
#916=CARTESIAN_POINT('',(1.829317750708E3,1.0502E2,9.35E1));
#917=VERTEX_POINT('',#916);
#918=CARTESIAN_POINT('',(1.931317750707E3,1.050199999993E2,9.350000001026E1));
#919=CARTESIAN_POINT('',(1.945157750785E3,1.0502E2,9.35E1));
#920=VERTEX_POINT('',#918);
#921=VERTEX_POINT('',#919);
#922=CARTESIAN_POINT('',(1.931317750707E3,1.050199999993E2,6.550000005443E1));
#923=VERTEX_POINT('',#922);
#924=CARTESIAN_POINT('',(1.919317750751E3,1.0502E2,5.350000000002E1));
#925=VERTEX_POINT('',#924);
#926=CARTESIAN_POINT('',(1.854317750724E3,1.050199999986E2,5.350000000282E1));
#927=VERTEX_POINT('',#926);
#928=CARTESIAN_POINT('',(1.842317750708E3,1.0502E2,6.549999997513E1));
#929=VERTEX_POINT('',#928);
#930=CARTESIAN_POINT('',(1.842317750710E3,1.050199999992E2,9.350000001271E1));
#931=VERTEX_POINT('',#930);
#932=CARTESIAN_POINT('',(1.955157750787E3,9.502E1,9.35E1));
#933=VERTEX_POINT('',#932);
#934=CARTESIAN_POINT('',(1.953157750810E3,9.501999979419E1,9.55E1));
#935=VERTEX_POINT('',#934);
#936=CARTESIAN_POINT('',(1.929317750708E3,1.030199999995E2,9.550000000002E1));
#937=VERTEX_POINT('',#936);
#938=CARTESIAN_POINT('',(1.945157750787E3,1.0302E2,9.55E1));
#939=VERTEX_POINT('',#938);
#940=CARTESIAN_POINT('',(1.821317750666E3,7.181999999957E1,9.549999999978E1));
#941=VERTEX_POINT('',#940);
#942=CARTESIAN_POINT('',(1.821317750685E3,9.501999989941E1,9.55E1));
#943=VERTEX_POINT('',#942);
#944=CARTESIAN_POINT('',(1.829317750708E3,1.0302E2,9.55E1));
#945=VERTEX_POINT('',#944);
#946=CARTESIAN_POINT('',(1.844317750708E3,1.030199999992E2,9.550000000004E1));
#947=VERTEX_POINT('',#946);
#948=CARTESIAN_POINT('',(1.929317750708E3,1.030199999995E2,6.550000005955E1));
#949=VERTEX_POINT('',#948);
#950=CARTESIAN_POINT('',(1.919317750668E3,1.0302E2,5.550000000002E1));
#951=VERTEX_POINT('',#950);
#952=CARTESIAN_POINT('',(1.854317750747E3,1.030199999987E2,5.550000000066E1));
#953=VERTEX_POINT('',#952);
#954=CARTESIAN_POINT('',(1.844317750708E3,1.030199999992E2,6.550000004535E1));
#955=VERTEX_POINT('',#954);
#956=CARTESIAN_POINT('',(1.945157750787E3,8.502E1,1.55E1));
#957=CARTESIAN_POINT('',(1.935157750756E3,9.502E1,1.55E1));
#958=VERTEX_POINT('',#956);
#959=VERTEX_POINT('',#957);
#960=CARTESIAN_POINT('',(1.839317750739E3,9.502E1,1.55E1));
#961=VERTEX_POINT('',#960);
#962=CARTESIAN_POINT('',(1.829317750708E3,8.502E1,1.55E1));
#963=VERTEX_POINT('',#962);
#964=CARTESIAN_POINT('',(1.829317750708E3,1.0502E2,1.55E1));
#965=CARTESIAN_POINT('',(1.945157750787E3,1.0502E2,1.55E1));
#966=VERTEX_POINT('',#964);
#967=VERTEX_POINT('',#965);
#968=CARTESIAN_POINT('',(1.955157750787E3,9.502E1,1.55E1));
#969=VERTEX_POINT('',#968);
#970=CARTESIAN_POINT('',(1.819317750708E3,9.502E1,1.55E1));
#971=VERTEX_POINT('',#970);
#972=CARTESIAN_POINT('',(1.829317750708E3,1.052152506738E2,1.55E1));
#973=CARTESIAN_POINT('',(1.819317750708E3,9.521523008346E1,1.55E1));
#974=VERTEX_POINT('',#972);
#975=VERTEX_POINT('',#973);
#976=CARTESIAN_POINT('',(1.819317750708E3,9.521525067375E1,5.5E0));
#977=VERTEX_POINT('',#976);
#978=CARTESIAN_POINT('',(1.829317750708E3,1.052152506738E2,5.5E0));
#979=VERTEX_POINT('',#978);
#980=CARTESIAN_POINT('',(1.955157750787E3,9.521523008346E1,1.55E1));
#981=CARTESIAN_POINT('',(1.945157750787E3,1.052152506738E2,1.55E1));
#982=VERTEX_POINT('',#980);
#983=VERTEX_POINT('',#981);
#984=CARTESIAN_POINT('',(1.945157750787E3,1.052152506738E2,5.5E0));
#985=VERTEX_POINT('',#984);
#986=CARTESIAN_POINT('',(1.955157750787E3,9.521525067375E1,5.5E0));
#987=VERTEX_POINT('',#986);
#988=CARTESIAN_POINT('',(1.819317750708E3,-5.318E1,5.35E1));
#989=CARTESIAN_POINT('',(1.820317750708E3,-5.418E1,5.45E1));
#990=VERTEX_POINT('',#988);
#991=VERTEX_POINT('',#989);
#992=CARTESIAN_POINT('',(1.821317750708E3,-5.518E1,5.35E1));
#993=VERTEX_POINT('',#992);
#994=CARTESIAN_POINT('',(1.821317750708E3,-5.518E1,5.5E0));
#995=VERTEX_POINT('',#994);
#996=CARTESIAN_POINT('',(1.819317750708E3,-5.318E1,5.5E0));
#997=VERTEX_POINT('',#996);
#998=CARTESIAN_POINT('',(1.827317750708E3,-5.518E1,5.35E1));
#999=CARTESIAN_POINT('',(1.828317750708E3,-5.418E1,5.45E1));
#1000=VERTEX_POINT('',#998);
#1001=VERTEX_POINT('',#999);
#1002=CARTESIAN_POINT('',(1.829317750708E3,-5.318E1,5.35E1));
#1003=VERTEX_POINT('',#1002);
#1004=CARTESIAN_POINT('',(1.945157750787E3,-5.318E1,5.35E1));
#1005=CARTESIAN_POINT('',(1.946157750787E3,-5.418E1,5.45E1));
#1006=VERTEX_POINT('',#1004);
#1007=VERTEX_POINT('',#1005);
#1008=CARTESIAN_POINT('',(1.947157750787E3,-5.518E1,5.35E1));
#1009=VERTEX_POINT('',#1008);
#1010=CARTESIAN_POINT('',(1.955157750787E3,-5.318E1,5.5E0));
#1011=CARTESIAN_POINT('',(1.953157750787E3,-5.518E1,5.5E0));
#1012=VERTEX_POINT('',#1010);
#1013=VERTEX_POINT('',#1011);
#1014=CARTESIAN_POINT('',(1.953157750787E3,-5.518E1,5.35E1));
#1015=VERTEX_POINT('',#1014);
#1016=CARTESIAN_POINT('',(1.954157750787E3,-5.418E1,5.45E1));
#1017=VERTEX_POINT('',#1016);
#1018=CARTESIAN_POINT('',(1.955157750787E3,-5.318E1,5.35E1));
#1019=VERTEX_POINT('',#1018);
#1020=CARTESIAN_POINT('',(1.827317750708E3,-5.518E1,1.05E1));
#1021=CARTESIAN_POINT('',(1.947157750787E3,-5.518E1,1.05E1));
#1022=VERTEX_POINT('',#1020);
#1023=VERTEX_POINT('',#1021);
#1024=CARTESIAN_POINT('',(1.829317750708E3,-4.518E1,1.55E1));
#1025=CARTESIAN_POINT('',(1.945157750787E3,-4.518E1,1.55E1));
#1026=VERTEX_POINT('',#1024);
#1027=VERTEX_POINT('',#1025);
#1028=CARTESIAN_POINT('',(1.829317750708E3,-5.318E1,1.15E1));
#1029=VERTEX_POINT('',#1028);
#1030=CARTESIAN_POINT('',(1.945157750787E3,-5.318E1,1.15E1));
#1031=VERTEX_POINT('',#1030);
#1032=CARTESIAN_POINT('',(1.968008688681E3,-5.518E1,1.1795E2));
#1033=DIRECTION('',(0.E0,1.E0,0.E0));
#1034=DIRECTION('',(-1.E0,0.E0,0.E0));
#1035=AXIS2_PLACEMENT_3D('',#1032,#1033,#1034);
#1036=PLANE('',#1035);
#1038=ORIENTED_EDGE('',*,*,#1037,.T.);
#1040=ORIENTED_EDGE('',*,*,#1039,.F.);
#1042=ORIENTED_EDGE('',*,*,#1041,.F.);
#1044=ORIENTED_EDGE('',*,*,#1043,.T.);
#1046=ORIENTED_EDGE('',*,*,#1045,.T.);
#1048=ORIENTED_EDGE('',*,*,#1047,.T.);
#1050=ORIENTED_EDGE('',*,*,#1049,.F.);
#1052=ORIENTED_EDGE('',*,*,#1051,.F.);
#1053=EDGE_LOOP('',(#1038,#1040,#1042,#1044,#1046,#1048,#1050,#1052));
#1054=FACE_OUTER_BOUND('',#1053,.F.);
#1055=ADVANCED_FACE('',(#1054),#1036,.F.);
#1056=CARTESIAN_POINT('',(1.887237750747E3,-5.018E1,1.3E1));
#1057=DIRECTION('',(0.E0,-4.472135955E-1,8.944271909999E-1));
#1058=DIRECTION('',(0.E0,-8.944271909999E-1,-4.472135955E-1));
#1059=AXIS2_PLACEMENT_3D('',#1056,#1057,#1058);
#1060=PLANE('',#1059);
#1061=ORIENTED_EDGE('',*,*,#1037,.F.);
#1063=ORIENTED_EDGE('',*,*,#1062,.T.);
#1065=ORIENTED_EDGE('',*,*,#1064,.T.);
#1067=ORIENTED_EDGE('',*,*,#1066,.T.);
#1069=ORIENTED_EDGE('',*,*,#1068,.T.);
#1071=ORIENTED_EDGE('',*,*,#1070,.T.);
#1072=EDGE_LOOP('',(#1061,#1063,#1065,#1067,#1069,#1071));
#1073=FACE_OUTER_BOUND('',#1072,.F.);
#1074=ADVANCED_FACE('',(#1073),#1060,.T.);
#1075=CARTESIAN_POINT('',(1.828317750708E3,-5.418E1,3.45E1));
#1076=DIRECTION('',(7.071067811866E-1,-7.071067811865E-1,0.E0));
#1077=DIRECTION('',(-7.071067811865E-1,-7.071067811866E-1,0.E0));
#1078=AXIS2_PLACEMENT_3D('',#1075,#1076,#1077);
#1079=PLANE('',#1078);
#1081=ORIENTED_EDGE('',*,*,#1080,.F.);
#1082=ORIENTED_EDGE('',*,*,#1062,.F.);
#1083=ORIENTED_EDGE('',*,*,#1051,.T.);
#1085=ORIENTED_EDGE('',*,*,#1084,.T.);
#1087=ORIENTED_EDGE('',*,*,#1086,.T.);
#1088=EDGE_LOOP('',(#1081,#1082,#1083,#1085,#1087));
#1089=FACE_OUTER_BOUND('',#1088,.F.);
#1090=ADVANCED_FACE('',(#1089),#1079,.T.);
#1091=CARTESIAN_POINT('',(1.829317750708E3,-6.518E1,5.5E0));
#1092=DIRECTION('',(1.E0,0.E0,0.E0));
#1093=DIRECTION('',(0.E0,1.E0,0.E0));
#1094=AXIS2_PLACEMENT_3D('',#1091,#1092,#1093);
#1095=PLANE('',#1094);
#1097=ORIENTED_EDGE('',*,*,#1096,.F.);
#1098=ORIENTED_EDGE('',*,*,#1064,.F.);
#1099=ORIENTED_EDGE('',*,*,#1080,.T.);
#1101=ORIENTED_EDGE('',*,*,#1100,.F.);
#1103=ORIENTED_EDGE('',*,*,#1102,.T.);
#1105=ORIENTED_EDGE('',*,*,#1104,.F.);
#1107=ORIENTED_EDGE('',*,*,#1106,.F.);
#1109=ORIENTED_EDGE('',*,*,#1108,.F.);
#1110=EDGE_LOOP('',(#1097,#1098,#1099,#1101,#1103,#1105,#1107,#1109));
#1111=FACE_OUTER_BOUND('',#1110,.F.);
#1112=ADVANCED_FACE('',(#1111),#1095,.T.);
#1113=CARTESIAN_POINT('',(0.E0,0.E0,1.55E1));
#1114=DIRECTION('',(0.E0,0.E0,-1.E0));
#1115=DIRECTION('',(-1.E0,0.E0,0.E0));
#1116=AXIS2_PLACEMENT_3D('',#1113,#1114,#1115);
#1117=PLANE('',#1116);
#1119=ORIENTED_EDGE('',*,*,#1118,.F.);
#1121=ORIENTED_EDGE('',*,*,#1120,.T.);
#1123=ORIENTED_EDGE('',*,*,#1122,.F.);
#1125=ORIENTED_EDGE('',*,*,#1124,.T.);
#1127=ORIENTED_EDGE('',*,*,#1126,.F.);
#1129=ORIENTED_EDGE('',*,*,#1128,.T.);
#1130=EDGE_LOOP('',(#1119,#1121,#1123,#1125,#1127,#1129));
#1131=FACE_OUTER_BOUND('',#1130,.F.);
#1132=ADVANCED_FACE('',(#1131),#1117,.F.);
#1133=CARTESIAN_POINT('',(0.E0,0.E0,1.55E1));
#1134=DIRECTION('',(0.E0,0.E0,-1.E0));
#1135=DIRECTION('',(-1.E0,0.E0,0.E0));
#1136=AXIS2_PLACEMENT_3D('',#1133,#1134,#1135);
#1137=PLANE('',#1136);
#1138=ORIENTED_EDGE('',*,*,#1066,.F.);
#1139=ORIENTED_EDGE('',*,*,#1096,.T.);
#1141=ORIENTED_EDGE('',*,*,#1140,.T.);
#1143=ORIENTED_EDGE('',*,*,#1142,.T.);
#1145=ORIENTED_EDGE('',*,*,#1144,.F.);
#1147=ORIENTED_EDGE('',*,*,#1146,.T.);
#1148=EDGE_LOOP('',(#1138,#1139,#1141,#1143,#1145,#1147));
#1149=FACE_OUTER_BOUND('',#1148,.F.);
#1150=ADVANCED_FACE('',(#1149),#1137,.F.);
#1151=CARTESIAN_POINT('',(1.829317750708E3,9.521525067375E1,-1.11824E2));
#1152=DIRECTION('',(0.E0,0.E0,1.E0));
#1153=DIRECTION('',(0.E0,1.E0,0.E0));
#1154=AXIS2_PLACEMENT_3D('',#1151,#1152,#1153);
#1155=CYLINDRICAL_SURFACE('',#1154,1.E1);
#1156=ORIENTED_EDGE('',*,*,#1118,.T.);
#1158=ORIENTED_EDGE('',*,*,#1157,.F.);
#1160=ORIENTED_EDGE('',*,*,#1159,.T.);
#1162=ORIENTED_EDGE('',*,*,#1161,.T.);
#1163=EDGE_LOOP('',(#1156,#1158,#1160,#1162));
#1164=FACE_OUTER_BOUND('',#1163,.F.);
#1165=ADVANCED_FACE('',(#1164),#1155,.T.);
#1166=CARTESIAN_POINT('',(1.819317750708E3,2.482824223479E1,-1.6E0));
#1167=DIRECTION('',(-1.E0,0.E0,0.E0));
#1168=DIRECTION('',(0.E0,-1.E0,0.E0));
#1169=AXIS2_PLACEMENT_3D('',#1166,#1167,#1168);
#1170=PLANE('',#1169);
#1172=ORIENTED_EDGE('',*,*,#1171,.F.);
#1174=ORIENTED_EDGE('',*,*,#1173,.T.);
#1175=ORIENTED_EDGE('',*,*,#1157,.T.);
#1177=ORIENTED_EDGE('',*,*,#1176,.T.);
#1179=ORIENTED_EDGE('',*,*,#1178,.T.);
#1181=ORIENTED_EDGE('',*,*,#1180,.F.);
#1183=ORIENTED_EDGE('',*,*,#1182,.F.);
#1185=ORIENTED_EDGE('',*,*,#1184,.T.);
#1187=ORIENTED_EDGE('',*,*,#1186,.F.);
#1188=EDGE_LOOP('',(#1172,#1174,#1175,#1177,#1179,#1181,#1183,#1185,#1187));
#1189=FACE_OUTER_BOUND('',#1188,.F.);
#1190=ADVANCED_FACE('',(#1189),#1170,.T.);
#1191=CARTESIAN_POINT('',(1.820317750708E3,-5.418E1,2.95E1));
#1192=DIRECTION('',(-7.071067811865E-1,-7.071067811865E-1,0.E0));
#1193=DIRECTION('',(7.071067811865E-1,-7.071067811865E-1,0.E0));
#1194=AXIS2_PLACEMENT_3D('',#1191,#1192,#1193);
#1195=PLANE('',#1194);
#1197=ORIENTED_EDGE('',*,*,#1196,.T.);
#1199=ORIENTED_EDGE('',*,*,#1198,.T.);
#1200=ORIENTED_EDGE('',*,*,#1047,.F.);
#1202=ORIENTED_EDGE('',*,*,#1201,.T.);
#1203=ORIENTED_EDGE('',*,*,#1171,.T.);
#1204=EDGE_LOOP('',(#1197,#1199,#1200,#1202,#1203));
#1205=FACE_OUTER_BOUND('',#1204,.F.);
#1206=ADVANCED_FACE('',(#1205),#1195,.T.);
#1207=CARTESIAN_POINT('',(1.820317750708E3,2.32E0,5.45E1));
#1208=DIRECTION('',(-7.071067811865E-1,0.E0,7.071067811865E-1));
#1209=DIRECTION('',(-7.071067811865E-1,0.E0,-7.071067811865E-1));
#1210=AXIS2_PLACEMENT_3D('',#1207,#1208,#1209);
#1211=PLANE('',#1210);
#1212=ORIENTED_EDGE('',*,*,#1196,.F.);
#1213=ORIENTED_EDGE('',*,*,#1186,.T.);
#1215=ORIENTED_EDGE('',*,*,#1214,.F.);
#1217=ORIENTED_EDGE('',*,*,#1216,.F.);
#1219=ORIENTED_EDGE('',*,*,#1218,.T.);
#1220=EDGE_LOOP('',(#1212,#1213,#1215,#1217,#1219));
#1221=FACE_OUTER_BOUND('',#1220,.F.);
#1222=ADVANCED_FACE('',(#1221),#1211,.T.);
#1223=CARTESIAN_POINT('',(1.820317750708E3,5.982E1,6.55E1));
#1224=DIRECTION('',(-1.E0,0.E0,0.E0));
#1225=DIRECTION('',(0.E0,0.E0,-1.E0));
#1226=AXIS2_PLACEMENT_3D('',#1223,#1224,#1225);
#1227=CONICAL_SURFACE('',#1226,1.099999999977E1,4.5E1);
#1229=ORIENTED_EDGE('',*,*,#1228,.T.);
#1230=ORIENTED_EDGE('',*,*,#1214,.T.);
#1231=ORIENTED_EDGE('',*,*,#1184,.F.);
#1233=ORIENTED_EDGE('',*,*,#1232,.T.);
#1234=EDGE_LOOP('',(#1229,#1230,#1231,#1233));
#1235=FACE_OUTER_BOUND('',#1234,.F.);
#1236=ADVANCED_FACE('',(#1235),#1227,.F.);
#1237=CARTESIAN_POINT('',(2.132238774890E3,5.982E1,6.55E1));
#1238=DIRECTION('',(-1.E0,0.E0,0.E0));
#1239=DIRECTION('',(0.E0,1.E0,0.E0));
#1240=AXIS2_PLACEMENT_3D('',#1237,#1238,#1239);
#1241=CYLINDRICAL_SURFACE('',#1240,1.E1);
#1243=ORIENTED_EDGE('',*,*,#1242,.F.);
#1245=ORIENTED_EDGE('',*,*,#1244,.T.);
#1246=ORIENTED_EDGE('',*,*,#1228,.F.);
#1248=ORIENTED_EDGE('',*,*,#1247,.T.);
#1249=EDGE_LOOP('',(#1243,#1245,#1246,#1248));
#1250=FACE_OUTER_BOUND('',#1249,.F.);
#1251=ADVANCED_FACE('',(#1250),#1241,.F.);
#1252=CARTESIAN_POINT('',(1.828317750708E3,5.982E1,6.55E1));
#1253=DIRECTION('',(1.E0,0.E0,0.E0));
#1254=DIRECTION('',(0.E0,0.E0,-1.E0));
#1255=AXIS2_PLACEMENT_3D('',#1252,#1253,#1254);
#1256=CONICAL_SURFACE('',#1255,1.099999999977E1,4.5E1);
#1257=ORIENTED_EDGE('',*,*,#1242,.T.);
#1259=ORIENTED_EDGE('',*,*,#1258,.T.);
#1260=ORIENTED_EDGE('',*,*,#1102,.F.);
#1262=ORIENTED_EDGE('',*,*,#1261,.T.);
#1263=EDGE_LOOP('',(#1257,#1259,#1260,#1262));
#1264=FACE_OUTER_BOUND('',#1263,.F.);
#1265=ADVANCED_FACE('',(#1264),#1256,.F.);
#1266=CARTESIAN_POINT('',(1.828317750708E3,7.082E1,7.8E1));
#1267=DIRECTION('',(7.071067811865E-1,-7.071067811865E-1,0.E0));
#1268=DIRECTION('',(7.071067811865E-1,7.071067811865E-1,0.E0));
#1269=AXIS2_PLACEMENT_3D('',#1266,#1267,#1268);
#1270=PLANE('',#1269);
#1272=ORIENTED_EDGE('',*,*,#1271,.F.);
#1273=ORIENTED_EDGE('',*,*,#1104,.T.);
#1274=ORIENTED_EDGE('',*,*,#1258,.F.);
#1276=ORIENTED_EDGE('',*,*,#1275,.F.);
#1277=EDGE_LOOP('',(#1272,#1273,#1274,#1276));
#1278=FACE_OUTER_BOUND('',#1277,.F.);
#1279=ADVANCED_FACE('',(#1278),#1270,.T.);
#1280=CARTESIAN_POINT('',(1.826817750708E3,7.742E1,9.3E1));
#1281=DIRECTION('',(7.071067811865E-1,0.E0,7.071067811865E-1));
#1282=DIRECTION('',(-7.071067811865E-1,0.E0,7.071067811865E-1));
#1283=AXIS2_PLACEMENT_3D('',#1280,#1281,#1282);
#1284=PLANE('',#1283);
#1285=ORIENTED_EDGE('',*,*,#1271,.T.);
#1287=ORIENTED_EDGE('',*,*,#1286,.F.);
#1289=ORIENTED_EDGE('',*,*,#1288,.T.);
#1291=ORIENTED_EDGE('',*,*,#1290,.T.);
#1293=ORIENTED_EDGE('',*,*,#1292,.F.);
#1294=ORIENTED_EDGE('',*,*,#1106,.T.);
#1295=EDGE_LOOP('',(#1285,#1287,#1289,#1291,#1293,#1294));
#1296=FACE_OUTER_BOUND('',#1295,.F.);
#1297=ADVANCED_FACE('',(#1296),#1284,.T.);
#1298=CARTESIAN_POINT('',(2.011267750708E3,6.982E1,5.55E1));
#1299=DIRECTION('',(0.E0,1.E0,0.E0));
#1300=DIRECTION('',(0.E0,0.E0,1.E0));
#1301=AXIS2_PLACEMENT_3D('',#1298,#1299,#1300);
#1302=PLANE('',#1301);
#1303=ORIENTED_EDGE('',*,*,#1275,.T.);
#1304=ORIENTED_EDGE('',*,*,#1247,.F.);
#1306=ORIENTED_EDGE('',*,*,#1305,.T.);
#1308=ORIENTED_EDGE('',*,*,#1307,.T.);
#1309=ORIENTED_EDGE('',*,*,#1286,.T.);
#1310=EDGE_LOOP('',(#1303,#1304,#1306,#1308,#1309));
#1311=FACE_OUTER_BOUND('',#1310,.F.);
#1312=ADVANCED_FACE('',(#1311),#1302,.F.);
#1313=CARTESIAN_POINT('',(1.820317750708E3,7.082E1,7.95E1));
#1314=DIRECTION('',(-7.071067811865E-1,-7.071067811865E-1,0.E0));
#1315=DIRECTION('',(-7.071067811865E-1,7.071067811865E-1,0.E0));
#1316=AXIS2_PLACEMENT_3D('',#1313,#1314,#1315);
#1317=PLANE('',#1316);
#1318=ORIENTED_EDGE('',*,*,#1305,.F.);
#1319=ORIENTED_EDGE('',*,*,#1232,.F.);
#1320=ORIENTED_EDGE('',*,*,#1182,.T.);
#1322=ORIENTED_EDGE('',*,*,#1321,.F.);
#1323=EDGE_LOOP('',(#1318,#1319,#1320,#1322));
#1324=FACE_OUTER_BOUND('',#1323,.F.);
#1325=ADVANCED_FACE('',(#1324),#1317,.T.);
#1326=CARTESIAN_POINT('',(1.821317750708E3,7.091700642025E1,9.35E1));
#1327=DIRECTION('',(0.E0,1.E0,0.E0));
#1328=DIRECTION('',(0.E0,0.E0,-1.E0));
#1329=AXIS2_PLACEMENT_3D('',#1326,#1327,#1328);
#1330=CONICAL_SURFACE('',#1329,1.097006420257E0,4.5E1);
#1332=ORIENTED_EDGE('',*,*,#1331,.T.);
#1334=ORIENTED_EDGE('',*,*,#1333,.T.);
#1335=ORIENTED_EDGE('',*,*,#1321,.T.);
#1336=EDGE_LOOP('',(#1332,#1334,#1335));
#1337=FACE_OUTER_BOUND('',#1336,.F.);
#1338=ADVANCED_FACE('',(#1337),#1330,.T.);
#1339=CARTESIAN_POINT('',(1.821317750708E3,-2.870527200051E2,9.35E1));
#1340=DIRECTION('',(0.E0,1.E0,0.E0));
#1341=DIRECTION('',(-1.E0,0.E0,0.E0));
#1342=AXIS2_PLACEMENT_3D('',#1339,#1340,#1341);
#1343=CYLINDRICAL_SURFACE('',#1342,2.E0);
#1344=ORIENTED_EDGE('',*,*,#1331,.F.);
#1345=ORIENTED_EDGE('',*,*,#1180,.T.);
#1347=ORIENTED_EDGE('',*,*,#1346,.F.);
#1349=ORIENTED_EDGE('',*,*,#1348,.T.);
#1350=EDGE_LOOP('',(#1344,#1345,#1347,#1349));
#1351=FACE_OUTER_BOUND('',#1350,.F.);
#1352=ADVANCED_FACE('',(#1351),#1343,.T.);
#1353=CARTESIAN_POINT('',(1.829317750708E3,9.502E1,9.35E1));
#1354=DIRECTION('',(0.E0,0.E0,1.E0));
#1355=DIRECTION('',(-9.993725031395E-1,-3.542033270230E-2,0.E0));
#1356=AXIS2_PLACEMENT_3D('',#1353,#1354,#1355);
#1357=TOROIDAL_SURFACE('',#1356,8.E0,2.E0);
#1359=ORIENTED_EDGE('',*,*,#1358,.T.);
#1361=ORIENTED_EDGE('',*,*,#1360,.T.);
#1363=ORIENTED_EDGE('',*,*,#1362,.F.);
#1364=ORIENTED_EDGE('',*,*,#1346,.T.);
#1365=EDGE_LOOP('',(#1359,#1361,#1363,#1364));
#1366=FACE_OUTER_BOUND('',#1365,.F.);
#1367=ADVANCED_FACE('',(#1366),#1357,.T.);
#1368=CARTESIAN_POINT('',(1.829317750708E3,9.502E1,-1.3486E2));
#1369=DIRECTION('',(0.E0,0.E0,1.E0));
#1370=DIRECTION('',(0.E0,1.E0,0.E0));
#1371=AXIS2_PLACEMENT_3D('',#1368,#1369,#1370);
#1372=CYLINDRICAL_SURFACE('',#1371,1.E1);
#1373=ORIENTED_EDGE('',*,*,#1128,.F.);
#1375=ORIENTED_EDGE('',*,*,#1374,.T.);
#1376=ORIENTED_EDGE('',*,*,#1358,.F.);
#1377=ORIENTED_EDGE('',*,*,#1178,.F.);
#1378=ORIENTED_EDGE('',*,*,#1176,.F.);
#1379=EDGE_LOOP('',(#1373,#1375,#1376,#1377,#1378));
#1380=FACE_OUTER_BOUND('',#1379,.F.);
#1381=ADVANCED_FACE('',(#1380),#1372,.T.);
#1382=CARTESIAN_POINT('',(2.044237750748E3,1.0502E2,-1.2E1));
#1383=DIRECTION('',(0.E0,1.E0,0.E0));
#1384=DIRECTION('',(0.E0,0.E0,1.E0));
#1385=AXIS2_PLACEMENT_3D('',#1382,#1383,#1384);
#1386=PLANE('',#1385);
#1387=ORIENTED_EDGE('',*,*,#1126,.T.);
#1389=ORIENTED_EDGE('',*,*,#1388,.T.);
#1391=ORIENTED_EDGE('',*,*,#1390,.F.);
#1393=ORIENTED_EDGE('',*,*,#1392,.T.);
#1395=ORIENTED_EDGE('',*,*,#1394,.T.);
#1397=ORIENTED_EDGE('',*,*,#1396,.T.);
#1399=ORIENTED_EDGE('',*,*,#1398,.T.);
#1401=ORIENTED_EDGE('',*,*,#1400,.T.);
#1403=ORIENTED_EDGE('',*,*,#1402,.F.);
#1404=ORIENTED_EDGE('',*,*,#1374,.F.);
#1405=EDGE_LOOP('',(#1387,#1389,#1391,#1393,#1395,#1397,#1399,#1401,#1403,
#1404));
#1406=FACE_OUTER_BOUND('',#1405,.F.);
#1407=ADVANCED_FACE('',(#1406),#1386,.T.);
#1408=CARTESIAN_POINT('',(1.945157750787E3,9.502E1,-1.3486E2));
#1409=DIRECTION('',(0.E0,0.E0,1.E0));
#1410=DIRECTION('',(1.E0,0.E0,0.E0));
#1411=AXIS2_PLACEMENT_3D('',#1408,#1409,#1410);
#1412=CYLINDRICAL_SURFACE('',#1411,1.E1);
#1414=ORIENTED_EDGE('',*,*,#1413,.F.);
#1416=ORIENTED_EDGE('',*,*,#1415,.T.);
#1418=ORIENTED_EDGE('',*,*,#1417,.F.);
#1419=ORIENTED_EDGE('',*,*,#1388,.F.);
#1420=ORIENTED_EDGE('',*,*,#1124,.F.);
#1421=EDGE_LOOP('',(#1414,#1416,#1418,#1419,#1420));
#1422=FACE_OUTER_BOUND('',#1421,.F.);
#1423=ADVANCED_FACE('',(#1422),#1412,.T.);
#1424=CARTESIAN_POINT('',(1.955157750787E3,-5.520000002428E1,-1.6E0));
#1425=DIRECTION('',(1.E0,0.E0,0.E0));
#1426=DIRECTION('',(0.E0,1.E0,0.E0));
#1427=AXIS2_PLACEMENT_3D('',#1424,#1425,#1426);
#1428=PLANE('',#1427);
#1430=ORIENTED_EDGE('',*,*,#1429,.F.);
#1432=ORIENTED_EDGE('',*,*,#1431,.F.);
#1434=ORIENTED_EDGE('',*,*,#1433,.T.);
#1436=ORIENTED_EDGE('',*,*,#1435,.F.);
#1438=ORIENTED_EDGE('',*,*,#1437,.F.);
#1439=ORIENTED_EDGE('',*,*,#1415,.F.);
#1440=ORIENTED_EDGE('',*,*,#1413,.T.);
#1442=ORIENTED_EDGE('',*,*,#1441,.F.);
#1444=ORIENTED_EDGE('',*,*,#1443,.T.);
#1445=EDGE_LOOP('',(#1430,#1432,#1434,#1436,#1438,#1439,#1440,#1442,#1444));
#1446=FACE_OUTER_BOUND('',#1445,.F.);
#1447=ADVANCED_FACE('',(#1446),#1428,.T.);
#1448=CARTESIAN_POINT('',(1.954157750787E3,-5.418E1,2.95E1));
#1449=DIRECTION('',(7.071067811865E-1,-7.071067811865E-1,0.E0));
#1450=DIRECTION('',(-7.071067811865E-1,-7.071067811865E-1,0.E0));
#1451=AXIS2_PLACEMENT_3D('',#1448,#1449,#1450);
#1452=PLANE('',#1451);
#1454=ORIENTED_EDGE('',*,*,#1453,.T.);
#1455=ORIENTED_EDGE('',*,*,#1043,.F.);
#1457=ORIENTED_EDGE('',*,*,#1456,.T.);
#1459=ORIENTED_EDGE('',*,*,#1458,.T.);
#1460=ORIENTED_EDGE('',*,*,#1429,.T.);
#1461=EDGE_LOOP('',(#1454,#1455,#1457,#1459,#1460));
#1462=FACE_OUTER_BOUND('',#1461,.F.);
#1463=ADVANCED_FACE('',(#1462),#1452,.T.);
#1464=CARTESIAN_POINT('',(0.E0,0.E0,5.5E0));
#1465=DIRECTION('',(0.E0,0.E0,-1.E0));
#1466=DIRECTION('',(-1.E0,0.E0,0.E0));
#1467=AXIS2_PLACEMENT_3D('',#1464,#1465,#1466);
#1468=PLANE('',#1467);
#1469=ORIENTED_EDGE('',*,*,#1201,.F.);
#1470=ORIENTED_EDGE('',*,*,#1045,.F.);
#1471=ORIENTED_EDGE('',*,*,#1453,.F.);
#1472=ORIENTED_EDGE('',*,*,#1443,.F.);
#1474=ORIENTED_EDGE('',*,*,#1473,.F.);
#1476=ORIENTED_EDGE('',*,*,#1475,.F.);
#1477=ORIENTED_EDGE('',*,*,#1159,.F.);
#1478=ORIENTED_EDGE('',*,*,#1173,.F.);
#1479=EDGE_LOOP('',(#1469,#1470,#1471,#1472,#1474,#1476,#1477,#1478));
#1480=FACE_OUTER_BOUND('',#1479,.F.);
#1481=ADVANCED_FACE('',(#1480),#1468,.T.);
#1482=CARTESIAN_POINT('',(1.945157750787E3,9.521525067375E1,-1.11824E2));
#1483=DIRECTION('',(0.E0,0.E0,1.E0));
#1484=DIRECTION('',(1.E0,0.E0,0.E0));
#1485=AXIS2_PLACEMENT_3D('',#1482,#1483,#1484);
#1486=CYLINDRICAL_SURFACE('',#1485,1.E1);
#1487=ORIENTED_EDGE('',*,*,#1122,.T.);
#1489=ORIENTED_EDGE('',*,*,#1488,.F.);
#1490=ORIENTED_EDGE('',*,*,#1473,.T.);
#1491=ORIENTED_EDGE('',*,*,#1441,.T.);
#1492=EDGE_LOOP('',(#1487,#1489,#1490,#1491));
#1493=FACE_OUTER_BOUND('',#1492,.F.);
#1494=ADVANCED_FACE('',(#1493),#1486,.T.);
#1495=CARTESIAN_POINT('',(1.819317750708E3,1.052152506738E2,1.55E1));
#1496=DIRECTION('',(0.E0,1.E0,0.E0));
#1497=DIRECTION('',(1.E0,0.E0,0.E0));
#1498=AXIS2_PLACEMENT_3D('',#1495,#1496,#1497);
#1499=PLANE('',#1498);
#1500=ORIENTED_EDGE('',*,*,#1161,.F.);
#1501=ORIENTED_EDGE('',*,*,#1475,.T.);
#1502=ORIENTED_EDGE('',*,*,#1488,.T.);
#1503=ORIENTED_EDGE('',*,*,#1120,.F.);
#1504=EDGE_LOOP('',(#1500,#1501,#1502,#1503));
#1505=FACE_OUTER_BOUND('',#1504,.F.);
#1506=ADVANCED_FACE('',(#1505),#1499,.T.);
#1507=CARTESIAN_POINT('',(1.950157750787E3,-5.418E1,5.45E1));
#1508=DIRECTION('',(0.E0,-7.071067811865E-1,7.071067811865E-1));
#1509=DIRECTION('',(0.E0,7.071067811865E-1,7.071067811865E-1));
#1510=AXIS2_PLACEMENT_3D('',#1507,#1508,#1509);
#1511=PLANE('',#1510);
#1513=ORIENTED_EDGE('',*,*,#1512,.F.);
#1515=ORIENTED_EDGE('',*,*,#1514,.T.);
#1517=ORIENTED_EDGE('',*,*,#1516,.T.);
#1519=ORIENTED_EDGE('',*,*,#1518,.T.);
#1520=ORIENTED_EDGE('',*,*,#1456,.F.);
#1521=ORIENTED_EDGE('',*,*,#1041,.T.);
#1522=EDGE_LOOP('',(#1513,#1515,#1517,#1519,#1520,#1521));
#1523=FACE_OUTER_BOUND('',#1522,.F.);
#1524=ADVANCED_FACE('',(#1523),#1511,.T.);
#1525=CARTESIAN_POINT('',(1.946157750787E3,-5.418E1,3.45E1));
#1526=DIRECTION('',(-7.071067811865E-1,-7.071067811866E-1,0.E0));
#1527=DIRECTION('',(-7.071067811866E-1,7.071067811865E-1,0.E0));
#1528=AXIS2_PLACEMENT_3D('',#1525,#1526,#1527);
#1529=PLANE('',#1528);
#1530=ORIENTED_EDGE('',*,*,#1039,.T.);
#1531=ORIENTED_EDGE('',*,*,#1070,.F.);
#1533=ORIENTED_EDGE('',*,*,#1532,.T.);
#1535=ORIENTED_EDGE('',*,*,#1534,.T.);
#1536=ORIENTED_EDGE('',*,*,#1512,.T.);
#1537=EDGE_LOOP('',(#1530,#1531,#1533,#1535,#1536));
#1538=FACE_OUTER_BOUND('',#1537,.F.);
#1539=ADVANCED_FACE('',(#1538),#1529,.T.);
#1540=CARTESIAN_POINT('',(1.945157750787E3,7.302E1,5.5E0));
#1541=DIRECTION('',(-1.E0,0.E0,0.E0));
#1542=DIRECTION('',(0.E0,-1.E0,0.E0));
#1543=AXIS2_PLACEMENT_3D('',#1540,#1541,#1542);
#1544=PLANE('',#1543);
#1545=ORIENTED_EDGE('',*,*,#1532,.F.);
#1546=ORIENTED_EDGE('',*,*,#1068,.F.);
#1547=ORIENTED_EDGE('',*,*,#1146,.F.);
#1549=ORIENTED_EDGE('',*,*,#1548,.F.);
#1551=ORIENTED_EDGE('',*,*,#1550,.F.);
#1553=ORIENTED_EDGE('',*,*,#1552,.F.);
#1555=ORIENTED_EDGE('',*,*,#1554,.T.);
#1557=ORIENTED_EDGE('',*,*,#1556,.F.);
#1558=EDGE_LOOP('',(#1545,#1546,#1547,#1549,#1551,#1553,#1555,#1557));
#1559=FACE_OUTER_BOUND('',#1558,.F.);
#1560=ADVANCED_FACE('',(#1559),#1544,.T.);
#1561=CARTESIAN_POINT('',(1.935157750787E3,8.502E1,-1.3486E2));
#1562=DIRECTION('',(0.E0,0.E0,1.E0));
#1563=DIRECTION('',(1.E0,0.E0,0.E0));
#1564=AXIS2_PLACEMENT_3D('',#1561,#1562,#1563);
#1565=CYLINDRICAL_SURFACE('',#1564,1.E1);
#1566=ORIENTED_EDGE('',*,*,#1144,.T.);
#1568=ORIENTED_EDGE('',*,*,#1567,.T.);
#1570=ORIENTED_EDGE('',*,*,#1569,.F.);
#1571=ORIENTED_EDGE('',*,*,#1548,.T.);
#1572=EDGE_LOOP('',(#1566,#1568,#1570,#1571));
#1573=FACE_OUTER_BOUND('',#1572,.F.);
#1574=ADVANCED_FACE('',(#1573),#1565,.F.);
#1575=CARTESIAN_POINT('',(1.829317750708E3,9.502E1,5.5E0));
#1576=DIRECTION('',(0.E0,-1.E0,0.E0));
#1577=DIRECTION('',(1.E0,0.E0,0.E0));
#1578=AXIS2_PLACEMENT_3D('',#1575,#1576,#1577);
#1579=PLANE('',#1578);
#1580=ORIENTED_EDGE('',*,*,#1142,.F.);
#1582=ORIENTED_EDGE('',*,*,#1581,.F.);
#1584=ORIENTED_EDGE('',*,*,#1583,.T.);
#1586=ORIENTED_EDGE('',*,*,#1585,.T.);
#1588=ORIENTED_EDGE('',*,*,#1587,.T.);
#1590=ORIENTED_EDGE('',*,*,#1589,.T.);
#1592=ORIENTED_EDGE('',*,*,#1591,.T.);
#1594=ORIENTED_EDGE('',*,*,#1593,.T.);
#1596=ORIENTED_EDGE('',*,*,#1595,.T.);
#1597=ORIENTED_EDGE('',*,*,#1567,.F.);
#1598=EDGE_LOOP('',(#1580,#1582,#1584,#1586,#1588,#1590,#1592,#1594,#1596,
#1597));
#1599=FACE_OUTER_BOUND('',#1598,.F.);
#1600=ADVANCED_FACE('',(#1599),#1579,.T.);
#1601=CARTESIAN_POINT('',(1.839317750708E3,8.502E1,2.2586E2));
#1602=DIRECTION('',(0.E0,0.E0,-1.E0));
#1603=DIRECTION('',(-1.E0,0.E0,0.E0));
#1604=AXIS2_PLACEMENT_3D('',#1601,#1602,#1603);
#1605=CYLINDRICAL_SURFACE('',#1604,1.E1);
#1606=ORIENTED_EDGE('',*,*,#1140,.F.);
#1607=ORIENTED_EDGE('',*,*,#1108,.T.);
#1609=ORIENTED_EDGE('',*,*,#1608,.F.);
#1610=ORIENTED_EDGE('',*,*,#1581,.T.);
#1611=EDGE_LOOP('',(#1606,#1607,#1609,#1610));
#1612=FACE_OUTER_BOUND('',#1611,.F.);
#1613=ADVANCED_FACE('',(#1612),#1605,.F.);
#1614=CARTESIAN_POINT('',(1.839317750708E3,8.502E1,9.3E1));
#1615=DIRECTION('',(0.E0,0.E0,1.E0));
#1616=DIRECTION('',(0.E0,-1.E0,0.E0));
#1617=AXIS2_PLACEMENT_3D('',#1614,#1615,#1616);
#1618=CONICAL_SURFACE('',#1617,1.25E1,4.5E1);
#1619=ORIENTED_EDGE('',*,*,#1608,.T.);
#1620=ORIENTED_EDGE('',*,*,#1292,.T.);
#1622=ORIENTED_EDGE('',*,*,#1621,.F.);
#1624=ORIENTED_EDGE('',*,*,#1623,.T.);
#1625=EDGE_LOOP('',(#1619,#1620,#1622,#1624));
#1626=FACE_OUTER_BOUND('',#1625,.F.);
#1627=ADVANCED_FACE('',(#1626),#1618,.F.);
#1628=CARTESIAN_POINT('',(0.E0,0.E0,9.55E1));
#1629=DIRECTION('',(0.E0,0.E0,1.E0));
#1630=DIRECTION('',(1.E0,0.E0,0.E0));
#1631=AXIS2_PLACEMENT_3D('',#1628,#1629,#1630);
#1632=PLANE('',#1631);
#1634=ORIENTED_EDGE('',*,*,#1633,.F.);
#1635=ORIENTED_EDGE('',*,*,#1348,.F.);
#1636=ORIENTED_EDGE('',*,*,#1362,.T.);
#1638=ORIENTED_EDGE('',*,*,#1637,.F.);
#1640=ORIENTED_EDGE('',*,*,#1639,.T.);
#1642=ORIENTED_EDGE('',*,*,#1641,.F.);
#1643=ORIENTED_EDGE('',*,*,#1621,.T.);
#1644=ORIENTED_EDGE('',*,*,#1290,.F.);
#1645=EDGE_LOOP('',(#1634,#1635,#1636,#1638,#1640,#1642,#1643,#1644));
#1646=FACE_OUTER_BOUND('',#1645,.F.);
#1647=ADVANCED_FACE('',(#1646),#1632,.T.);
#1648=CARTESIAN_POINT('',(1.822817750708E3,7.082E1,9.45E1));
#1649=DIRECTION('',(0.E0,-7.071067811865E-1,7.071067811865E-1));
#1650=DIRECTION('',(0.E0,7.071067811865E-1,7.071067811865E-1));
#1651=AXIS2_PLACEMENT_3D('',#1648,#1649,#1650);
#1652=PLANE('',#1651);
#1653=ORIENTED_EDGE('',*,*,#1288,.F.);
#1654=ORIENTED_EDGE('',*,*,#1307,.F.);
#1655=ORIENTED_EDGE('',*,*,#1333,.F.);
#1656=ORIENTED_EDGE('',*,*,#1633,.T.);
#1657=EDGE_LOOP('',(#1653,#1654,#1655,#1656));
#1658=FACE_OUTER_BOUND('',#1657,.F.);
#1659=ADVANCED_FACE('',(#1658),#1652,.T.);
#1660=CARTESIAN_POINT('',(1.828956399803E3,1.0302E2,9.35E1));
#1661=DIRECTION('',(1.E0,0.E0,0.E0));
#1662=DIRECTION('',(0.E0,1.E0,0.E0));
#1663=AXIS2_PLACEMENT_3D('',#1660,#1661,#1662);
#1664=CYLINDRICAL_SURFACE('',#1663,2.E0);
#1666=ORIENTED_EDGE('',*,*,#1665,.T.);
#1667=ORIENTED_EDGE('',*,*,#1637,.T.);
#1668=ORIENTED_EDGE('',*,*,#1360,.F.);
#1669=ORIENTED_EDGE('',*,*,#1402,.T.);
#1670=EDGE_LOOP('',(#1666,#1667,#1668,#1669));
#1671=FACE_OUTER_BOUND('',#1670,.F.);
#1672=ADVANCED_FACE('',(#1671),#1664,.T.);
#1673=CARTESIAN_POINT('',(1.843317750708E3,1.0402E2,8.05E1));
#1674=DIRECTION('',(7.071067811865E-1,7.071067811866E-1,0.E0));
#1675=DIRECTION('',(7.071067811866E-1,-7.071067811865E-1,0.E0));
#1676=AXIS2_PLACEMENT_3D('',#1673,#1674,#1675);
#1677=PLANE('',#1676);
#1678=ORIENTED_EDGE('',*,*,#1665,.F.);
#1679=ORIENTED_EDGE('',*,*,#1400,.F.);
#1681=ORIENTED_EDGE('',*,*,#1680,.F.);
#1683=ORIENTED_EDGE('',*,*,#1682,.T.);
#1684=EDGE_LOOP('',(#1678,#1679,#1681,#1683));
#1685=FACE_OUTER_BOUND('',#1684,.F.);
#1686=ADVANCED_FACE('',(#1685),#1677,.T.);
#1687=CARTESIAN_POINT('',(1.854317750708E3,1.0402E2,6.55E1));
#1688=DIRECTION('',(0.E0,1.E0,0.E0));
#1689=DIRECTION('',(0.E0,0.E0,-1.E0));
#1690=AXIS2_PLACEMENT_3D('',#1687,#1688,#1689);
#1691=CONICAL_SURFACE('',#1690,1.099999999999E1,4.5E1);
#1692=ORIENTED_EDGE('',*,*,#1398,.F.);
#1694=ORIENTED_EDGE('',*,*,#1693,.T.);
#1696=ORIENTED_EDGE('',*,*,#1695,.T.);
#1697=ORIENTED_EDGE('',*,*,#1680,.T.);
#1698=EDGE_LOOP('',(#1692,#1694,#1696,#1697));
#1699=FACE_OUTER_BOUND('',#1698,.F.);
#1700=ADVANCED_FACE('',(#1699),#1691,.F.);
#1701=CARTESIAN_POINT('',(1.886817750708E3,1.0402E2,5.45E1));
#1702=DIRECTION('',(0.E0,7.071067811866E-1,7.071067811865E-1));
#1703=DIRECTION('',(0.E0,-7.071067811865E-1,7.071067811866E-1));
#1704=AXIS2_PLACEMENT_3D('',#1701,#1702,#1703);
#1705=PLANE('',#1704);
#1706=ORIENTED_EDGE('',*,*,#1396,.F.);
#1708=ORIENTED_EDGE('',*,*,#1707,.F.);
#1710=ORIENTED_EDGE('',*,*,#1709,.T.);
#1711=ORIENTED_EDGE('',*,*,#1693,.F.);
#1712=EDGE_LOOP('',(#1706,#1708,#1710,#1711));
#1713=FACE_OUTER_BOUND('',#1712,.F.);
#1714=ADVANCED_FACE('',(#1713),#1705,.T.);
#1715=CARTESIAN_POINT('',(1.919317750708E3,1.0402E2,6.55E1));
#1716=DIRECTION('',(0.E0,1.E0,0.E0));
#1717=DIRECTION('',(0.E0,0.E0,-1.E0));
#1718=AXIS2_PLACEMENT_3D('',#1715,#1716,#1717);
#1719=CONICAL_SURFACE('',#1718,1.099999999999E1,4.5E1);
#1720=ORIENTED_EDGE('',*,*,#1394,.F.);
#1722=ORIENTED_EDGE('',*,*,#1721,.T.);
#1724=ORIENTED_EDGE('',*,*,#1723,.T.);
#1725=ORIENTED_EDGE('',*,*,#1707,.T.);
#1726=EDGE_LOOP('',(#1720,#1722,#1724,#1725));
#1727=FACE_OUTER_BOUND('',#1726,.F.);
#1728=ADVANCED_FACE('',(#1727),#1719,.F.);
#1729=CARTESIAN_POINT('',(1.930317750708E3,1.0402E2,8.05E1));
#1730=DIRECTION('',(-7.071067811865E-1,7.071067811866E-1,0.E0));
#1731=DIRECTION('',(-7.071067811866E-1,-7.071067811865E-1,0.E0));
#1732=AXIS2_PLACEMENT_3D('',#1729,#1730,#1731);
#1733=PLANE('',#1732);
#1735=ORIENTED_EDGE('',*,*,#1734,.F.);
#1737=ORIENTED_EDGE('',*,*,#1736,.T.);
#1738=ORIENTED_EDGE('',*,*,#1721,.F.);
#1739=ORIENTED_EDGE('',*,*,#1392,.F.);
#1740=EDGE_LOOP('',(#1735,#1737,#1738,#1739));
#1741=FACE_OUTER_BOUND('',#1740,.F.);
#1742=ADVANCED_FACE('',(#1741),#1733,.T.);
#1743=CARTESIAN_POINT('',(1.945710804284E3,1.0302E2,9.35E1));
#1744=DIRECTION('',(-1.E0,0.E0,0.E0));
#1745=DIRECTION('',(0.E0,0.E0,1.E0));
#1746=AXIS2_PLACEMENT_3D('',#1743,#1744,#1745);
#1747=CYLINDRICAL_SURFACE('',#1746,2.E0);
#1748=ORIENTED_EDGE('',*,*,#1734,.T.);
#1749=ORIENTED_EDGE('',*,*,#1390,.T.);
#1751=ORIENTED_EDGE('',*,*,#1750,.F.);
#1753=ORIENTED_EDGE('',*,*,#1752,.T.);
#1754=EDGE_LOOP('',(#1748,#1749,#1751,#1753));
#1755=FACE_OUTER_BOUND('',#1754,.F.);
#1756=ADVANCED_FACE('',(#1755),#1747,.T.);
#1757=CARTESIAN_POINT('',(1.945157750787E3,9.502E1,9.35E1));
#1758=DIRECTION('',(0.E0,0.E0,1.E0));
#1759=DIRECTION('',(9.993212882411E-1,-3.683697691293E-2,0.E0));
#1760=AXIS2_PLACEMENT_3D('',#1757,#1758,#1759);
#1761=TOROIDAL_SURFACE('',#1760,8.E0,2.E0);
#1763=ORIENTED_EDGE('',*,*,#1762,.F.);
#1764=ORIENTED_EDGE('',*,*,#1750,.T.);
#1765=ORIENTED_EDGE('',*,*,#1417,.T.);
#1767=ORIENTED_EDGE('',*,*,#1766,.T.);
#1768=EDGE_LOOP('',(#1763,#1764,#1765,#1767));
#1769=FACE_OUTER_BOUND('',#1768,.F.);
#1770=ADVANCED_FACE('',(#1769),#1761,.T.);
#1771=CARTESIAN_POINT('',(0.E0,0.E0,9.55E1));
#1772=DIRECTION('',(0.E0,0.E0,1.E0));
#1773=DIRECTION('',(1.E0,0.E0,0.E0));
#1774=AXIS2_PLACEMENT_3D('',#1771,#1772,#1773);
#1775=PLANE('',#1774);
#1777=ORIENTED_EDGE('',*,*,#1776,.F.);
#1779=ORIENTED_EDGE('',*,*,#1778,.F.);
#1781=ORIENTED_EDGE('',*,*,#1780,.T.);
#1783=ORIENTED_EDGE('',*,*,#1782,.F.);
#1785=ORIENTED_EDGE('',*,*,#1784,.F.);
#1786=ORIENTED_EDGE('',*,*,#1752,.F.);
#1787=ORIENTED_EDGE('',*,*,#1762,.T.);
#1789=ORIENTED_EDGE('',*,*,#1788,.F.);
#1790=EDGE_LOOP('',(#1777,#1779,#1781,#1783,#1785,#1786,#1787,#1789));
#1791=FACE_OUTER_BOUND('',#1790,.F.);
#1792=ADVANCED_FACE('',(#1791),#1775,.T.);
#1793=CARTESIAN_POINT('',(1.951657750787E3,7.082E1,9.45E1));
#1794=DIRECTION('',(0.E0,-7.071067811865E-1,7.071067811865E-1));
#1795=DIRECTION('',(0.E0,7.071067811865E-1,7.071067811865E-1));
#1796=AXIS2_PLACEMENT_3D('',#1793,#1794,#1795);
#1797=PLANE('',#1796);
#1799=ORIENTED_EDGE('',*,*,#1798,.F.);
#1800=ORIENTED_EDGE('',*,*,#1776,.T.);
#1802=ORIENTED_EDGE('',*,*,#1801,.F.);
#1804=ORIENTED_EDGE('',*,*,#1803,.F.);
#1805=EDGE_LOOP('',(#1799,#1800,#1802,#1804));
#1806=FACE_OUTER_BOUND('',#1805,.F.);
#1807=ADVANCED_FACE('',(#1806),#1797,.T.);
#1808=CARTESIAN_POINT('',(1.947657750787E3,7.742E1,9.3E1));
#1809=DIRECTION('',(-7.071067811865E-1,0.E0,7.071067811865E-1));
#1810=DIRECTION('',(7.071067811865E-1,0.E0,7.071067811865E-1));
#1811=AXIS2_PLACEMENT_3D('',#1808,#1809,#1810);
#1812=PLANE('',#1811);
#1813=ORIENTED_EDGE('',*,*,#1798,.T.);
#1815=ORIENTED_EDGE('',*,*,#1814,.F.);
#1817=ORIENTED_EDGE('',*,*,#1816,.T.);
#1818=ORIENTED_EDGE('',*,*,#1550,.T.);
#1820=ORIENTED_EDGE('',*,*,#1819,.F.);
#1821=ORIENTED_EDGE('',*,*,#1778,.T.);
#1822=EDGE_LOOP('',(#1813,#1815,#1817,#1818,#1820,#1821));
#1823=FACE_OUTER_BOUND('',#1822,.F.);
#1824=ADVANCED_FACE('',(#1823),#1812,.T.);
#1825=CARTESIAN_POINT('',(2.011267750708E3,6.982E1,5.55E1));
#1826=DIRECTION('',(0.E0,1.E0,0.E0));
#1827=DIRECTION('',(0.E0,0.E0,1.E0));
#1828=AXIS2_PLACEMENT_3D('',#1825,#1826,#1827);
#1829=PLANE('',#1828);
#1830=ORIENTED_EDGE('',*,*,#1803,.T.);
#1832=ORIENTED_EDGE('',*,*,#1831,.T.);
#1834=ORIENTED_EDGE('',*,*,#1833,.F.);
#1836=ORIENTED_EDGE('',*,*,#1835,.T.);
#1837=ORIENTED_EDGE('',*,*,#1814,.T.);
#1838=EDGE_LOOP('',(#1830,#1832,#1834,#1836,#1837));
#1839=FACE_OUTER_BOUND('',#1838,.F.);
#1840=ADVANCED_FACE('',(#1839),#1829,.F.);
#1841=CARTESIAN_POINT('',(1.954157750787E3,7.082E1,7.95E1));
#1842=DIRECTION('',(7.071067811865E-1,-7.071067811865E-1,0.E0));
#1843=DIRECTION('',(7.071067811865E-1,7.071067811865E-1,0.E0));
#1844=AXIS2_PLACEMENT_3D('',#1841,#1842,#1843);
#1845=PLANE('',#1844);
#1846=ORIENTED_EDGE('',*,*,#1831,.F.);
#1848=ORIENTED_EDGE('',*,*,#1847,.F.);
#1849=ORIENTED_EDGE('',*,*,#1435,.T.);
#1851=ORIENTED_EDGE('',*,*,#1850,.F.);
#1852=EDGE_LOOP('',(#1846,#1848,#1849,#1851));
#1853=FACE_OUTER_BOUND('',#1852,.F.);
#1854=ADVANCED_FACE('',(#1853),#1845,.T.);
#1855=CARTESIAN_POINT('',(1.953157750787E3,7.091700642025E1,9.35E1));
#1856=DIRECTION('',(0.E0,1.E0,0.E0));
#1857=DIRECTION('',(0.E0,0.E0,-1.E0));
#1858=AXIS2_PLACEMENT_3D('',#1855,#1856,#1857);
#1859=CONICAL_SURFACE('',#1858,1.097006420257E0,4.5E1);
#1861=ORIENTED_EDGE('',*,*,#1860,.T.);
#1862=ORIENTED_EDGE('',*,*,#1847,.T.);
#1863=ORIENTED_EDGE('',*,*,#1801,.T.);
#1864=EDGE_LOOP('',(#1861,#1862,#1863));
#1865=FACE_OUTER_BOUND('',#1864,.F.);
#1866=ADVANCED_FACE('',(#1865),#1859,.T.);
#1867=CARTESIAN_POINT('',(1.953157750787E3,-2.870527200051E2,9.35E1));
#1868=DIRECTION('',(0.E0,1.E0,0.E0));
#1869=DIRECTION('',(0.E0,0.E0,1.E0));
#1870=AXIS2_PLACEMENT_3D('',#1867,#1868,#1869);
#1871=CYLINDRICAL_SURFACE('',#1870,2.E0);
#1872=ORIENTED_EDGE('',*,*,#1860,.F.);
#1873=ORIENTED_EDGE('',*,*,#1788,.T.);
#1874=ORIENTED_EDGE('',*,*,#1766,.F.);
#1875=ORIENTED_EDGE('',*,*,#1437,.T.);
#1876=EDGE_LOOP('',(#1872,#1873,#1874,#1875));
#1877=FACE_OUTER_BOUND('',#1876,.F.);
#1878=ADVANCED_FACE('',(#1877),#1871,.T.);
#1879=CARTESIAN_POINT('',(1.954157750787E3,5.982E1,6.55E1));
#1880=DIRECTION('',(1.E0,0.E0,0.E0));
#1881=DIRECTION('',(0.E0,0.E0,-1.E0));
#1882=AXIS2_PLACEMENT_3D('',#1879,#1880,#1881);
#1883=CONICAL_SURFACE('',#1882,1.099999999977E1,4.5E1);
#1885=ORIENTED_EDGE('',*,*,#1884,.T.);
#1886=ORIENTED_EDGE('',*,*,#1850,.T.);
#1887=ORIENTED_EDGE('',*,*,#1433,.F.);
#1889=ORIENTED_EDGE('',*,*,#1888,.T.);
#1890=EDGE_LOOP('',(#1885,#1886,#1887,#1889));
#1891=FACE_OUTER_BOUND('',#1890,.F.);
#1892=ADVANCED_FACE('',(#1891),#1883,.F.);
#1893=CARTESIAN_POINT('',(2.132238774890E3,5.982E1,6.55E1));
#1894=DIRECTION('',(-1.E0,0.E0,0.E0));
#1895=DIRECTION('',(0.E0,1.E0,0.E0));
#1896=AXIS2_PLACEMENT_3D('',#1893,#1894,#1895);
#1897=CYLINDRICAL_SURFACE('',#1896,1.E1);
#1898=ORIENTED_EDGE('',*,*,#1884,.F.);
#1900=ORIENTED_EDGE('',*,*,#1899,.T.);
#1902=ORIENTED_EDGE('',*,*,#1901,.F.);
#1903=ORIENTED_EDGE('',*,*,#1833,.T.);
#1904=EDGE_LOOP('',(#1898,#1900,#1902,#1903));
#1905=FACE_OUTER_BOUND('',#1904,.F.);
#1906=ADVANCED_FACE('',(#1905),#1897,.F.);
#1907=CARTESIAN_POINT('',(2.011267750708E3,-3.018E1,5.55E1));
#1908=DIRECTION('',(0.E0,0.E0,-1.E0));
#1909=DIRECTION('',(0.E0,1.E0,0.E0));
#1910=AXIS2_PLACEMENT_3D('',#1907,#1908,#1909);
#1911=PLANE('',#1910);
#1912=ORIENTED_EDGE('',*,*,#1516,.F.);
#1914=ORIENTED_EDGE('',*,*,#1913,.T.);
#1915=ORIENTED_EDGE('',*,*,#1899,.F.);
#1917=ORIENTED_EDGE('',*,*,#1916,.T.);
#1918=EDGE_LOOP('',(#1912,#1914,#1915,#1917));
#1919=FACE_OUTER_BOUND('',#1918,.F.);
#1920=ADVANCED_FACE('',(#1919),#1911,.F.);
#1921=CARTESIAN_POINT('',(1.946157750787E3,2.32E0,5.45E1));
#1922=DIRECTION('',(-7.071067811865E-1,0.E0,7.071067811865E-1));
#1923=DIRECTION('',(-7.071067811865E-1,0.E0,-7.071067811865E-1));
#1924=AXIS2_PLACEMENT_3D('',#1921,#1922,#1923);
#1925=PLANE('',#1924);
#1926=ORIENTED_EDGE('',*,*,#1534,.F.);
#1927=ORIENTED_EDGE('',*,*,#1556,.T.);
#1929=ORIENTED_EDGE('',*,*,#1928,.F.);
#1930=ORIENTED_EDGE('',*,*,#1913,.F.);
#1931=ORIENTED_EDGE('',*,*,#1514,.F.);
#1932=EDGE_LOOP('',(#1926,#1927,#1929,#1930,#1931));
#1933=FACE_OUTER_BOUND('',#1932,.F.);
#1934=ADVANCED_FACE('',(#1933),#1925,.T.);
#1935=CARTESIAN_POINT('',(1.946157750787E3,5.982E1,6.55E1));
#1936=DIRECTION('',(-1.E0,0.E0,0.E0));
#1937=DIRECTION('',(0.E0,0.E0,-1.E0));
#1938=AXIS2_PLACEMENT_3D('',#1935,#1936,#1937);
#1939=CONICAL_SURFACE('',#1938,1.099999999977E1,4.5E1);
#1940=ORIENTED_EDGE('',*,*,#1901,.T.);
#1941=ORIENTED_EDGE('',*,*,#1928,.T.);
#1942=ORIENTED_EDGE('',*,*,#1554,.F.);
#1944=ORIENTED_EDGE('',*,*,#1943,.T.);
#1945=EDGE_LOOP('',(#1940,#1941,#1942,#1944));
#1946=FACE_OUTER_BOUND('',#1945,.F.);
#1947=ADVANCED_FACE('',(#1946),#1939,.F.);
#1948=CARTESIAN_POINT('',(1.946157750787E3,7.082E1,7.8E1));
#1949=DIRECTION('',(-7.071067811865E-1,-7.071067811865E-1,0.E0));
#1950=DIRECTION('',(-7.071067811865E-1,7.071067811865E-1,0.E0));
#1951=AXIS2_PLACEMENT_3D('',#1948,#1949,#1950);
#1952=PLANE('',#1951);
#1953=ORIENTED_EDGE('',*,*,#1816,.F.);
#1954=ORIENTED_EDGE('',*,*,#1835,.F.);
#1955=ORIENTED_EDGE('',*,*,#1943,.F.);
#1956=ORIENTED_EDGE('',*,*,#1552,.T.);
#1957=EDGE_LOOP('',(#1953,#1954,#1955,#1956));
#1958=FACE_OUTER_BOUND('',#1957,.F.);
#1959=ADVANCED_FACE('',(#1958),#1952,.T.);
#1960=CARTESIAN_POINT('',(1.954157750787E3,2.32E0,5.45E1));
#1961=DIRECTION('',(7.071067811865E-1,0.E0,7.071067811865E-1));
#1962=DIRECTION('',(7.071067811865E-1,0.E0,-7.071067811865E-1));
#1963=AXIS2_PLACEMENT_3D('',#1960,#1961,#1962);
#1964=PLANE('',#1963);
#1965=ORIENTED_EDGE('',*,*,#1458,.F.);
#1966=ORIENTED_EDGE('',*,*,#1518,.F.);
#1967=ORIENTED_EDGE('',*,*,#1916,.F.);
#1968=ORIENTED_EDGE('',*,*,#1888,.F.);
#1969=ORIENTED_EDGE('',*,*,#1431,.T.);
#1970=EDGE_LOOP('',(#1965,#1966,#1967,#1968,#1969));
#1971=FACE_OUTER_BOUND('',#1970,.F.);
#1972=ADVANCED_FACE('',(#1971),#1964,.T.);
#1973=CARTESIAN_POINT('',(1.935157750787E3,8.502E1,9.3E1));
#1974=DIRECTION('',(0.E0,0.E0,1.E0));
#1975=DIRECTION('',(0.E0,-1.E0,0.E0));
#1976=AXIS2_PLACEMENT_3D('',#1973,#1974,#1975);
#1977=CONICAL_SURFACE('',#1976,1.25E1,4.5E1);
#1978=ORIENTED_EDGE('',*,*,#1569,.T.);
#1980=ORIENTED_EDGE('',*,*,#1979,.T.);
#1981=ORIENTED_EDGE('',*,*,#1780,.F.);
#1982=ORIENTED_EDGE('',*,*,#1819,.T.);
#1983=EDGE_LOOP('',(#1978,#1980,#1981,#1982));
#1984=FACE_OUTER_BOUND('',#1983,.F.);
#1985=ADVANCED_FACE('',(#1984),#1977,.F.);
#1986=CARTESIAN_POINT('',(1.932237750747E3,9.752E1,9.3E1));
#1987=DIRECTION('',(0.E0,-7.071067811865E-1,7.071067811865E-1));
#1988=DIRECTION('',(0.E0,7.071067811865E-1,7.071067811865E-1));
#1989=AXIS2_PLACEMENT_3D('',#1986,#1987,#1988);
#1990=PLANE('',#1989);
#1992=ORIENTED_EDGE('',*,*,#1991,.T.);
#1994=ORIENTED_EDGE('',*,*,#1993,.F.);
#1995=ORIENTED_EDGE('',*,*,#1782,.T.);
#1996=ORIENTED_EDGE('',*,*,#1979,.F.);
#1997=ORIENTED_EDGE('',*,*,#1595,.F.);
#1998=EDGE_LOOP('',(#1992,#1994,#1995,#1996,#1997));
#1999=FACE_OUTER_BOUND('',#1998,.F.);
#2000=ADVANCED_FACE('',(#1999),#1990,.T.);
#2001=CARTESIAN_POINT('',(1.930317750708E3,9.602E1,7.8E1));
#2002=DIRECTION('',(-7.071067811865E-1,-7.071067811866E-1,0.E0));
#2003=DIRECTION('',(-7.071067811866E-1,7.071067811865E-1,0.E0));
#2004=AXIS2_PLACEMENT_3D('',#2001,#2002,#2003);
#2005=PLANE('',#2004);
#2006=ORIENTED_EDGE('',*,*,#1991,.F.);
#2007=ORIENTED_EDGE('',*,*,#1593,.F.);
#2009=ORIENTED_EDGE('',*,*,#2008,.F.);
#2011=ORIENTED_EDGE('',*,*,#2010,.T.);
#2012=EDGE_LOOP('',(#2006,#2007,#2009,#2011));
#2013=FACE_OUTER_BOUND('',#2012,.F.);
#2014=ADVANCED_FACE('',(#2013),#2005,.T.);
#2015=CARTESIAN_POINT('',(1.919317750708E3,9.602E1,6.55E1));
#2016=DIRECTION('',(0.E0,-1.E0,0.E0));
#2017=DIRECTION('',(0.E0,0.E0,-1.E0));
#2018=AXIS2_PLACEMENT_3D('',#2015,#2016,#2017);
#2019=CONICAL_SURFACE('',#2018,1.1E1,4.5E1);
#2020=ORIENTED_EDGE('',*,*,#1591,.F.);
#2022=ORIENTED_EDGE('',*,*,#2021,.T.);
#2024=ORIENTED_EDGE('',*,*,#2023,.T.);
#2025=ORIENTED_EDGE('',*,*,#2008,.T.);
#2026=EDGE_LOOP('',(#2020,#2022,#2024,#2025));
#2027=FACE_OUTER_BOUND('',#2026,.F.);
#2028=ADVANCED_FACE('',(#2027),#2019,.F.);
#2029=CARTESIAN_POINT('',(1.886817750708E3,9.602E1,5.45E1));
#2030=DIRECTION('',(0.E0,-7.071067811865E-1,7.071067811865E-1));
#2031=DIRECTION('',(0.E0,7.071067811865E-1,7.071067811865E-1));
#2032=AXIS2_PLACEMENT_3D('',#2029,#2030,#2031);
#2033=PLANE('',#2032);
#2034=ORIENTED_EDGE('',*,*,#1589,.F.);
#2036=ORIENTED_EDGE('',*,*,#2035,.F.);
#2038=ORIENTED_EDGE('',*,*,#2037,.T.);
#2039=ORIENTED_EDGE('',*,*,#2021,.F.);
#2040=EDGE_LOOP('',(#2034,#2036,#2038,#2039));
#2041=FACE_OUTER_BOUND('',#2040,.F.);
#2042=ADVANCED_FACE('',(#2041),#2033,.T.);
#2043=CARTESIAN_POINT('',(1.854317750708E3,9.602E1,6.55E1));
#2044=DIRECTION('',(0.E0,-1.E0,0.E0));
#2045=DIRECTION('',(0.E0,0.E0,-1.E0));
#2046=AXIS2_PLACEMENT_3D('',#2043,#2044,#2045);
#2047=CONICAL_SURFACE('',#2046,1.1E1,4.5E1);
#2048=ORIENTED_EDGE('',*,*,#1587,.F.);
#2050=ORIENTED_EDGE('',*,*,#2049,.T.);
#2052=ORIENTED_EDGE('',*,*,#2051,.T.);
#2053=ORIENTED_EDGE('',*,*,#2035,.T.);
#2054=EDGE_LOOP('',(#2048,#2050,#2052,#2053));
#2055=FACE_OUTER_BOUND('',#2054,.F.);
#2056=ADVANCED_FACE('',(#2055),#2047,.F.);
#2057=CARTESIAN_POINT('',(1.843317750708E3,9.602E1,7.8E1));
#2058=DIRECTION('',(7.071067811865E-1,-7.071067811865E-1,0.E0));
#2059=DIRECTION('',(7.071067811865E-1,7.071067811865E-1,0.E0));
#2060=AXIS2_PLACEMENT_3D('',#2057,#2058,#2059);
#2061=PLANE('',#2060);
#2063=ORIENTED_EDGE('',*,*,#2062,.F.);
#2065=ORIENTED_EDGE('',*,*,#2064,.T.);
#2066=ORIENTED_EDGE('',*,*,#2049,.F.);
#2067=ORIENTED_EDGE('',*,*,#1585,.F.);
#2068=EDGE_LOOP('',(#2063,#2065,#2066,#2067));
#2069=FACE_OUTER_BOUND('',#2068,.F.);
#2070=ADVANCED_FACE('',(#2069),#2061,.T.);
#2071=CARTESIAN_POINT('',(1.841817750708E3,9.752E1,9.3E1));
#2072=DIRECTION('',(0.E0,-7.071067811865E-1,7.071067811865E-1));
#2073=DIRECTION('',(0.E0,7.071067811865E-1,7.071067811865E-1));
#2074=AXIS2_PLACEMENT_3D('',#2071,#2072,#2073);
#2075=PLANE('',#2074);
#2076=ORIENTED_EDGE('',*,*,#2062,.T.);
#2077=ORIENTED_EDGE('',*,*,#1583,.F.);
#2078=ORIENTED_EDGE('',*,*,#1623,.F.);
#2079=ORIENTED_EDGE('',*,*,#1641,.T.);
#2081=ORIENTED_EDGE('',*,*,#2080,.F.);
#2082=EDGE_LOOP('',(#2076,#2077,#2078,#2079,#2081));
#2083=FACE_OUTER_BOUND('',#2082,.F.);
#2084=ADVANCED_FACE('',(#2083),#2075,.T.);
#2085=CARTESIAN_POINT('',(1.844317750708E3,-9.228E1,9.55E1));
#2086=DIRECTION('',(-1.E0,0.E0,0.E0));
#2087=DIRECTION('',(0.E0,0.E0,-1.E0));
#2088=AXIS2_PLACEMENT_3D('',#2085,#2086,#2087);
#2089=PLANE('',#2088);
#2090=ORIENTED_EDGE('',*,*,#1682,.F.);
#2092=ORIENTED_EDGE('',*,*,#2091,.F.);
#2093=ORIENTED_EDGE('',*,*,#2064,.F.);
#2094=ORIENTED_EDGE('',*,*,#2080,.T.);
#2095=ORIENTED_EDGE('',*,*,#1639,.F.);
#2096=EDGE_LOOP('',(#2090,#2092,#2093,#2094,#2095));
#2097=FACE_OUTER_BOUND('',#2096,.F.);
#2098=ADVANCED_FACE('',(#2097),#2089,.F.);
#2099=CARTESIAN_POINT('',(1.854317750708E3,-2.8705272E2,6.55E1));
#2100=DIRECTION('',(0.E0,1.E0,0.E0));
#2101=DIRECTION('',(0.E0,0.E0,-1.E0));
#2102=AXIS2_PLACEMENT_3D('',#2099,#2100,#2101);
#2103=CYLINDRICAL_SURFACE('',#2102,1.E1);
#2104=ORIENTED_EDGE('',*,*,#2051,.F.);
#2105=ORIENTED_EDGE('',*,*,#2091,.T.);
#2106=ORIENTED_EDGE('',*,*,#1695,.F.);
#2108=ORIENTED_EDGE('',*,*,#2107,.T.);
#2109=EDGE_LOOP('',(#2104,#2105,#2106,#2108));
#2110=FACE_OUTER_BOUND('',#2109,.F.);
#2111=ADVANCED_FACE('',(#2110),#2103,.F.);
#2112=CARTESIAN_POINT('',(1.844317750708E3,-9.228E1,5.55E1));
#2113=DIRECTION('',(0.E0,0.E0,-1.E0));
#2114=DIRECTION('',(1.E0,0.E0,0.E0));
#2115=AXIS2_PLACEMENT_3D('',#2112,#2113,#2114);
#2116=PLANE('',#2115);
#2117=ORIENTED_EDGE('',*,*,#2037,.F.);
#2118=ORIENTED_EDGE('',*,*,#2107,.F.);
#2119=ORIENTED_EDGE('',*,*,#1709,.F.);
#2121=ORIENTED_EDGE('',*,*,#2120,.F.);
#2122=EDGE_LOOP('',(#2117,#2118,#2119,#2121));
#2123=FACE_OUTER_BOUND('',#2122,.F.);
#2124=ADVANCED_FACE('',(#2123),#2116,.F.);
#2125=CARTESIAN_POINT('',(1.919317750708E3,-2.8705272E2,6.55E1));
#2126=DIRECTION('',(0.E0,1.E0,0.E0));
#2127=DIRECTION('',(1.E0,0.E0,0.E0));
#2128=AXIS2_PLACEMENT_3D('',#2125,#2126,#2127);
#2129=CYLINDRICAL_SURFACE('',#2128,1.E1);
#2130=ORIENTED_EDGE('',*,*,#2023,.F.);
#2131=ORIENTED_EDGE('',*,*,#2120,.T.);
#2132=ORIENTED_EDGE('',*,*,#1723,.F.);
#2134=ORIENTED_EDGE('',*,*,#2133,.T.);
#2135=EDGE_LOOP('',(#2130,#2131,#2132,#2134));
#2136=FACE_OUTER_BOUND('',#2135,.F.);
#2137=ADVANCED_FACE('',(#2136),#2129,.F.);
#2138=CARTESIAN_POINT('',(1.929317750708E3,-9.228E1,5.55E1));
#2139=DIRECTION('',(1.E0,0.E0,0.E0));
#2140=DIRECTION('',(0.E0,0.E0,1.E0));
#2141=AXIS2_PLACEMENT_3D('',#2138,#2139,#2140);
#2142=PLANE('',#2141);
#2143=ORIENTED_EDGE('',*,*,#1736,.F.);
#2144=ORIENTED_EDGE('',*,*,#1784,.T.);
#2145=ORIENTED_EDGE('',*,*,#1993,.T.);
#2146=ORIENTED_EDGE('',*,*,#2010,.F.);
#2147=ORIENTED_EDGE('',*,*,#2133,.F.);
#2148=EDGE_LOOP('',(#2143,#2144,#2145,#2146,#2147));
#2149=FACE_OUTER_BOUND('',#2148,.F.);
#2150=ADVANCED_FACE('',(#2149),#2142,.F.);
#2151=CARTESIAN_POINT('',(1.828317750708E3,2.32E0,5.45E1));
#2152=DIRECTION('',(7.071067811865E-1,0.E0,7.071067811865E-1));
#2153=DIRECTION('',(7.071067811865E-1,0.E0,-7.071067811865E-1));
#2154=AXIS2_PLACEMENT_3D('',#2151,#2152,#2153);
#2155=PLANE('',#2154);
#2156=ORIENTED_EDGE('',*,*,#1086,.F.);
#2158=ORIENTED_EDGE('',*,*,#2157,.T.);
#2160=ORIENTED_EDGE('',*,*,#2159,.F.);
#2161=ORIENTED_EDGE('',*,*,#1261,.F.);
#2162=ORIENTED_EDGE('',*,*,#1100,.T.);
#2163=EDGE_LOOP('',(#2156,#2158,#2160,#2161,#2162));
#2164=FACE_OUTER_BOUND('',#2163,.F.);
#2165=ADVANCED_FACE('',(#2164),#2155,.T.);
#2166=CARTESIAN_POINT('',(1.824317750708E3,-5.418E1,5.45E1));
#2167=DIRECTION('',(0.E0,-7.071067811865E-1,7.071067811865E-1));
#2168=DIRECTION('',(0.E0,7.071067811865E-1,7.071067811865E-1));
#2169=AXIS2_PLACEMENT_3D('',#2166,#2167,#2168);
#2170=PLANE('',#2169);
#2171=ORIENTED_EDGE('',*,*,#1198,.F.);
#2172=ORIENTED_EDGE('',*,*,#1218,.F.);
#2174=ORIENTED_EDGE('',*,*,#2173,.T.);
#2175=ORIENTED_EDGE('',*,*,#2157,.F.);
#2176=ORIENTED_EDGE('',*,*,#1084,.F.);
#2177=ORIENTED_EDGE('',*,*,#1049,.T.);
#2178=EDGE_LOOP('',(#2171,#2172,#2174,#2175,#2176,#2177));
#2179=FACE_OUTER_BOUND('',#2178,.F.);
#2180=ADVANCED_FACE('',(#2179),#2170,.T.);
#2181=CARTESIAN_POINT('',(2.011267750708E3,-3.018E1,5.55E1));
#2182=DIRECTION('',(0.E0,0.E0,-1.E0));
#2183=DIRECTION('',(0.E0,1.E0,0.E0));
#2184=AXIS2_PLACEMENT_3D('',#2181,#2182,#2183);
#2185=PLANE('',#2184);
#2186=ORIENTED_EDGE('',*,*,#2173,.F.);
#2187=ORIENTED_EDGE('',*,*,#1216,.T.);
#2188=ORIENTED_EDGE('',*,*,#1244,.F.);
#2189=ORIENTED_EDGE('',*,*,#2159,.T.);
#2190=EDGE_LOOP('',(#2186,#2187,#2188,#2189));
#2191=FACE_OUTER_BOUND('',#2190,.F.);
#2192=ADVANCED_FACE('',(#2191),#2185,.F.);
#2193=CLOSED_SHELL('',(#1055,#1074,#1090,#1112,#1132,#1150,#1165,#1190,#1206,
#1222,#1236,#1251,#1265,#1279,#1297,#1312,#1325,#1338,#1352,#1367,#1381,#1407,
#1423,#1447,#1463,#1481,#1494,#1506,#1524,#1539,#1560,#1574,#1600,#1613,#1627,
#1647,#1659,#1672,#1686,#1700,#1714,#1728,#1742,#1756,#1770,#1792,#1807,#1824,
#1840,#1854,#1866,#1878,#1892,#1906,#1920,#1934,#1947,#1959,#1972,#1985,#2000,
#2014,#2028,#2042,#2056,#2070,#2084,#2098,#2111,#2124,#2137,#2150,#2165,#2180,
#2192));
#2194=MANIFOLD_SOLID_BREP('',#2193);
#2196=DIMENSIONAL_EXPONENTS(0.E0,0.E0,0.E0,0.E0,0.E0,0.E0,0.E0);
#2198=PLANE_ANGLE_MEASURE_WITH_UNIT(PLANE_ANGLE_MEASURE(1.745329251994E-2),
#2197);
#2199=(CONVERSION_BASED_UNIT('DEGREE',#2198)NAMED_UNIT(*)PLANE_ANGLE_UNIT());
#2201=UNCERTAINTY_MEASURE_WITH_UNIT(LENGTH_MEASURE(2.286371794188E-2),#2195,
'closure',
'Maximum model space distance between geometric entities at asserted connectivities');
#2202=(GEOMETRIC_REPRESENTATION_CONTEXT(3)GLOBAL_UNCERTAINTY_ASSIGNED_CONTEXT((
#2201))GLOBAL_UNIT_ASSIGNED_CONTEXT((#2195,#2199,#2200))REPRESENTATION_CONTEXT(
'ID1','3'));
#2204=APPLICATION_CONTEXT(
'CONFIGURATION CONTROLLED 3D DESIGNS OF MECHANICAL PARTS AND ASSEMBLIES');
#2205=APPLICATION_PROTOCOL_DEFINITION('international standard',
'config_control_design',1994,#2204);
#2206=DESIGN_CONTEXT('',#2204,'design');
#2207=MECHANICAL_CONTEXT('',#2204,'mechanical');
#2208=PRODUCT('GIFTBOX_PACKING_HOLDER_FIXTURE','GIFTBOX_PACKING_HOLDER_FIXTURE',
'NOT SPECIFIED',(#2207));
#2209=PRODUCT_DEFINITION_FORMATION_WITH_SPECIFIED_SOURCE('1','LAST_VERSION',
#2208,.MADE.);
#2213=PRODUCT_CATEGORY('part','');
#2214=PRODUCT_RELATED_PRODUCT_CATEGORY('detail','',(#2208));
#2215=PRODUCT_CATEGORY_RELATIONSHIP('','',#2213,#2214);
#2216=SECURITY_CLASSIFICATION_LEVEL('unclassified');
#2217=SECURITY_CLASSIFICATION('','',#2216);
#2218=CC_DESIGN_SECURITY_CLASSIFICATION(#2217,(#2209));
#2219=APPROVAL_STATUS('approved');
#2220=APPROVAL(#2219,'');
#2221=CC_DESIGN_APPROVAL(#2220,(#2217,#2209,#2210));
#2222=CALENDAR_DATE(126,16,5);
#2223=COORDINATED_UNIVERSAL_TIME_OFFSET(7,0,.AHEAD.);
#2224=LOCAL_TIME(8,55,2.4E1,#2223);
#2225=DATE_AND_TIME(#2222,#2224);
#2226=APPROVAL_DATE_TIME(#2225,#2220);
#2227=DATE_TIME_ROLE('creation_date');
#2228=CC_DESIGN_DATE_AND_TIME_ASSIGNMENT(#2225,#2227,(#2210));
#2229=DATE_TIME_ROLE('classification_date');
#2230=CC_DESIGN_DATE_AND_TIME_ASSIGNMENT(#2225,#2229,(#2217));
#2231=PERSON('UNSPECIFIED','UNSPECIFIED',$,$,$,$);
#2232=ORGANIZATION('UNSPECIFIED','UNSPECIFIED','UNSPECIFIED');
#2233=PERSON_AND_ORGANIZATION(#2231,#2232);
#2234=APPROVAL_ROLE('approver');
#2235=APPROVAL_PERSON_ORGANIZATION(#2233,#2220,#2234);
#2236=PERSON_AND_ORGANIZATION_ROLE('creator');
#2237=CC_DESIGN_PERSON_AND_ORGANIZATION_ASSIGNMENT(#2233,#2236,(#2209,#2210));
#2238=PERSON_AND_ORGANIZATION_ROLE('design_supplier');
#2239=CC_DESIGN_PERSON_AND_ORGANIZATION_ASSIGNMENT(#2233,#2238,(#2209));
#2240=PERSON_AND_ORGANIZATION_ROLE('classification_officer');
#2241=CC_DESIGN_PERSON_AND_ORGANIZATION_ASSIGNMENT(#2233,#2240,(#2217));
#2242=PERSON_AND_ORGANIZATION_ROLE('design_owner');
#2243=CC_DESIGN_PERSON_AND_ORGANIZATION_ASSIGNMENT(#2233,#2242,(#2208));
#45=CIRCLE('',#44,1.199999999977E1);
#50=CIRCLE('',#49,1.E1);
#59=CIRCLE('',#58,1.E1);
#80=CIRCLE('',#79,1.199999999977E1);
#97=CIRCLE('',#96,9.999999999770E0);
#118=CIRCLE('',#117,9.999999999770E0);
#171=CIRCLE('',#170,2.000000000002E0);
#192=CIRCLE('',#191,1.E1);
#197=CIRCLE('',#196,2.E0);
#202=CIRCLE('',#201,2.E0);
#207=CIRCLE('',#206,1.E1);
#217=B_SPLINE_CURVE_WITH_KNOTS('',3,(#212,#213,#214,#215,#216),.UNSPECIFIED.,
.F.,.F.,(4,1,4),(0.E0,5.E-1,1.E0),.UNSPECIFIED.);
#234=CIRCLE('',#233,1.199999999999E1);
#243=CIRCLE('',#242,1.199999999999E1);
#253=B_SPLINE_CURVE_WITH_KNOTS('',3,(#248,#249,#250,#251,#252),.UNSPECIFIED.,
.F.,.F.,(4,1,4),(0.E0,5.E-1,1.E0),.UNSPECIFIED.);
#262=CIRCLE('',#261,1.E1);
#271=CIRCLE('',#270,1.199999999977E1);
#296=CIRCLE('',#295,1.E1);
#305=CIRCLE('',#304,1.E1);
#358=CIRCLE('',#357,1.199999999977E1);
#363=CIRCLE('',#362,1.E1);
#388=CIRCLE('',#387,1.2E1);
#397=CIRCLE('',#396,1.2E1);
#410=CIRCLE('',#409,1.E1);
#423=CIRCLE('',#422,1.E1);
#436=CIRCLE('',#435,8.E0);
#445=CIRCLE('',#444,1.5E1);
#463=B_SPLINE_CURVE_WITH_KNOTS('',3,(#450,#451,#452,#453,#454,#455,#456,#457,
#458,#459,#460,#461,#462),.UNSPECIFIED.,.F.,.F.,(4,1,1,1,1,1,1,1,1,1,4),(0.E0,
1.E-1,2.E-1,3.E-1,4.E-1,5.E-1,6.E-1,7.E-1,8.E-1,9.E-1,1.E0),.UNSPECIFIED.);
#484=CIRCLE('',#483,9.999999999985E0);
#501=CIRCLE('',#500,9.999999999985E0);
#516=B_SPLINE_CURVE_WITH_KNOTS('',3,(#510,#511,#512,#513,#514,#515),
.UNSPECIFIED.,.F.,.F.,(4,1,1,4),(0.E0,5.E-1,7.5E-1,1.E0),.UNSPECIFIED.);
#529=CIRCLE('',#528,2.E0);
#534=CIRCLE('',#533,1.E1);
#539=CIRCLE('',#538,2.E0);
#544=CIRCLE('',#543,1.5E1);
#549=CIRCLE('',#548,8.E0);
#594=CIRCLE('',#593,2.000000000001E0);
#615=CIRCLE('',#614,9.999999999770E0);
#652=CIRCLE('',#651,9.999999999770E0);
#677=CIRCLE('',#676,1.E1);
#706=CIRCLE('',#705,1.E1);
#723=CIRCLE('',#722,1.E1);
#1037=EDGE_CURVE('',#1022,#1023,#4,.T.);
#1039=EDGE_CURVE('',#1009,#1023,#345,.T.);
#1041=EDGE_CURVE('',#1015,#1009,#341,.T.);
#1043=EDGE_CURVE('',#1015,#1013,#8,.T.);
#1045=EDGE_CURVE('',#1013,#995,#283,.T.);
#1047=EDGE_CURVE('',#995,#993,#12,.T.);
#1049=EDGE_CURVE('',#1000,#993,#795,.T.);
#1051=EDGE_CURVE('',#1022,#1000,#32,.T.);
#1062=EDGE_CURVE('',#1022,#1029,#16,.T.);
#1064=EDGE_CURVE('',#1029,#1026,#20,.T.);
#1066=EDGE_CURVE('',#1026,#1027,#63,.T.);
#1068=EDGE_CURVE('',#1027,#1031,#24,.T.);
#1070=EDGE_CURVE('',#1031,#1023,#28,.T.);
#1080=EDGE_CURVE('',#1029,#1003,#40,.T.);
#1084=EDGE_CURVE('',#1000,#1001,#791,.T.);
#1086=EDGE_CURVE('',#1001,#1003,#771,.T.);
#1096=EDGE_CURVE('',#1026,#963,#36,.T.);
#1100=EDGE_CURVE('',#836,#1003,#779,.T.);
#1102=EDGE_CURVE('',#836,#837,#45,.T.);
#1104=EDGE_CURVE('',#839,#837,#130,.T.);
#1106=EDGE_CURVE('',#833,#839,#146,.T.);
#1108=EDGE_CURVE('',#963,#833,#414,.T.);
#1118=EDGE_CURVE('',#974,#975,#50,.T.);
#1120=EDGE_CURVE('',#974,#983,#54,.T.);
#1122=EDGE_CURVE('',#982,#983,#59,.T.);
#1124=EDGE_CURVE('',#982,#967,#262,.T.);
#1126=EDGE_CURVE('',#966,#967,#221,.T.);
#1128=EDGE_CURVE('',#966,#975,#207,.T.);
#1140=EDGE_CURVE('',#963,#961,#410,.T.);
#1142=EDGE_CURVE('',#961,#959,#375,.T.);
#1144=EDGE_CURVE('',#958,#959,#363,.T.);
#1146=EDGE_CURVE('',#958,#1027,#353,.T.);
#1157=EDGE_CURVE('',#977,#975,#71,.T.);
#1159=EDGE_CURVE('',#977,#979,#305,.T.);
#1161=EDGE_CURVE('',#979,#974,#313,.T.);
#1171=EDGE_CURVE('',#997,#990,#67,.T.);
#1173=EDGE_CURVE('',#997,#977,#309,.T.);
#1176=EDGE_CURVE('',#975,#971,#217,.T.);
#1178=EDGE_CURVE('',#971,#915,#75,.T.);
#1180=EDGE_CURVE('',#914,#915,#183,.T.);
#1182=EDGE_CURVE('',#911,#914,#166,.T.);
#1184=EDGE_CURVE('',#911,#909,#80,.T.);
#1186=EDGE_CURVE('',#990,#909,#88,.T.);
#1196=EDGE_CURVE('',#990,#991,#84,.T.);
#1198=EDGE_CURVE('',#991,#993,#783,.T.);
#1201=EDGE_CURVE('',#995,#997,#279,.T.);
#1214=EDGE_CURVE('',#851,#909,#101,.T.);
#1216=EDGE_CURVE('',#842,#851,#799,.T.);
#1218=EDGE_CURVE('',#842,#991,#92,.T.);
#1228=EDGE_CURVE('',#873,#851,#97,.T.);
#1232=EDGE_CURVE('',#911,#873,#105,.T.);
#1242=EDGE_CURVE('',#853,#871,#118,.T.);
#1244=EDGE_CURVE('',#853,#851,#109,.T.);
#1247=EDGE_CURVE('',#873,#871,#113,.T.);
#1258=EDGE_CURVE('',#871,#837,#122,.T.);
#1261=EDGE_CURVE('',#836,#853,#126,.T.);
#1271=EDGE_CURVE('',#839,#870,#134,.T.);
#1275=EDGE_CURVE('',#870,#871,#150,.T.);
#1286=EDGE_CURVE('',#877,#870,#162,.T.);
#1288=EDGE_CURVE('',#877,#907,#138,.T.);
#1290=EDGE_CURVE('',#907,#905,#142,.T.);
#1292=EDGE_CURVE('',#833,#905,#427,.T.);
#1305=EDGE_CURVE('',#873,#875,#154,.T.);
#1307=EDGE_CURVE('',#875,#877,#158,.T.);
#1321=EDGE_CURVE('',#875,#914,#179,.T.);
#1331=EDGE_CURVE('',#914,#941,#171,.T.);
#1333=EDGE_CURVE('',#941,#875,#175,.T.);
#1346=EDGE_CURVE('',#943,#915,#202,.T.);
#1348=EDGE_CURVE('',#943,#941,#187,.T.);
#1358=EDGE_CURVE('',#915,#917,#192,.T.);
#1360=EDGE_CURVE('',#917,#945,#197,.T.);
#1362=EDGE_CURVE('',#943,#945,#436,.T.);
#1374=EDGE_CURVE('',#966,#917,#211,.T.);
#1388=EDGE_CURVE('',#967,#921,#225,.T.);
#1390=EDGE_CURVE('',#920,#921,#520,.T.);
#1392=EDGE_CURVE('',#920,#923,#229,.T.);
#1394=EDGE_CURVE('',#923,#925,#234,.T.);
#1396=EDGE_CURVE('',#925,#927,#238,.T.);
#1398=EDGE_CURVE('',#927,#929,#243,.T.);
#1400=EDGE_CURVE('',#929,#931,#247,.T.);
#1402=EDGE_CURVE('',#917,#931,#471,.T.);
#1413=EDGE_CURVE('',#969,#982,#253,.T.);
#1415=EDGE_CURVE('',#969,#933,#257,.T.);
#1417=EDGE_CURVE('',#921,#933,#534,.T.);
#1429=EDGE_CURVE('',#1019,#1012,#266,.T.);
#1431=EDGE_CURVE('',#847,#1019,#672,.T.);
#1433=EDGE_CURVE('',#847,#859,#271,.T.);
#1435=EDGE_CURVE('',#863,#859,#589,.T.);
#1437=EDGE_CURVE('',#933,#863,#610,.T.);
#1441=EDGE_CURVE('',#987,#982,#275,.T.);
#1443=EDGE_CURVE('',#987,#1012,#291,.T.);
#1453=EDGE_CURVE('',#1012,#1013,#287,.T.);
#1456=EDGE_CURVE('',#1015,#1017,#337,.T.);
#1458=EDGE_CURVE('',#1017,#1019,#668,.T.);
#1473=EDGE_CURVE('',#985,#987,#296,.T.);
#1475=EDGE_CURVE('',#979,#985,#300,.T.);
#1488=EDGE_CURVE('',#985,#983,#317,.T.);
#1512=EDGE_CURVE('',#1007,#1009,#321,.T.);
#1514=EDGE_CURVE('',#1007,#806,#325,.T.);
#1516=EDGE_CURVE('',#806,#807,#329,.T.);
#1518=EDGE_CURVE('',#807,#1017,#333,.T.);
#1532=EDGE_CURVE('',#1031,#1006,#349,.T.);
#1534=EDGE_CURVE('',#1006,#1007,#643,.T.);
#1548=EDGE_CURVE('',#811,#958,#371,.T.);
#1550=EDGE_CURVE('',#810,#811,#565,.T.);
#1552=EDGE_CURVE('',#813,#810,#664,.T.);
#1554=EDGE_CURVE('',#813,#815,#358,.T.);
#1556=EDGE_CURVE('',#1006,#815,#647,.T.);
#1567=EDGE_CURVE('',#959,#817,#367,.T.);
#1569=EDGE_CURVE('',#811,#817,#677,.T.);
#1581=EDGE_CURVE('',#820,#961,#418,.T.);
#1583=EDGE_CURVE('',#820,#821,#379,.T.);
#1585=EDGE_CURVE('',#821,#823,#383,.T.);
#1587=EDGE_CURVE('',#823,#825,#388,.T.);
#1589=EDGE_CURVE('',#825,#827,#392,.T.);
#1591=EDGE_CURVE('',#827,#829,#397,.T.);
#1593=EDGE_CURVE('',#829,#831,#401,.T.);
#1595=EDGE_CURVE('',#831,#817,#405,.T.);
#1608=EDGE_CURVE('',#820,#833,#423,.T.);
#1621=EDGE_CURVE('',#901,#905,#445,.T.);
#1623=EDGE_CURVE('',#901,#820,#431,.T.);
#1633=EDGE_CURVE('',#941,#907,#449,.T.);
#1637=EDGE_CURVE('',#947,#945,#467,.T.);
#1639=EDGE_CURVE('',#947,#903,#440,.T.);
#1641=EDGE_CURVE('',#901,#903,#739,.T.);
#1665=EDGE_CURVE('',#931,#947,#463,.T.);
#1680=EDGE_CURVE('',#955,#929,#488,.T.);
#1682=EDGE_CURVE('',#955,#947,#475,.T.);
#1693=EDGE_CURVE('',#927,#953,#479,.T.);
#1695=EDGE_CURVE('',#953,#955,#484,.T.);
#1707=EDGE_CURVE('',#951,#925,#505,.T.);
#1709=EDGE_CURVE('',#951,#953,#492,.T.);
#1721=EDGE_CURVE('',#923,#949,#496,.T.);
#1723=EDGE_CURVE('',#949,#951,#501,.T.);
#1734=EDGE_CURVE('',#937,#920,#516,.T.);
#1736=EDGE_CURVE('',#937,#949,#509,.T.);
#1750=EDGE_CURVE('',#939,#921,#529,.T.);
#1752=EDGE_CURVE('',#939,#937,#524,.T.);
#1762=EDGE_CURVE('',#939,#935,#549,.T.);
#1766=EDGE_CURVE('',#933,#935,#539,.T.);
#1776=EDGE_CURVE('',#879,#881,#553,.T.);
#1778=EDGE_CURVE('',#883,#879,#569,.T.);
#1780=EDGE_CURVE('',#883,#885,#544,.T.);
#1782=EDGE_CURVE('',#889,#885,#693,.T.);
#1784=EDGE_CURVE('',#937,#889,#763,.T.);
#1788=EDGE_CURVE('',#881,#935,#606,.T.);
#1798=EDGE_CURVE('',#879,#865,#557,.T.);
#1801=EDGE_CURVE('',#861,#881,#602,.T.);
#1803=EDGE_CURVE('',#865,#861,#573,.T.);
#1814=EDGE_CURVE('',#867,#865,#585,.T.);
#1816=EDGE_CURVE('',#867,#810,#561,.T.);
#1819=EDGE_CURVE('',#883,#811,#685,.T.);
#1831=EDGE_CURVE('',#861,#857,#577,.T.);
#1833=EDGE_CURVE('',#855,#857,#631,.T.);
#1835=EDGE_CURVE('',#855,#867,#581,.T.);
#1847=EDGE_CURVE('',#863,#861,#598,.T.);
#1850=EDGE_CURVE('',#857,#859,#619,.T.);
#1860=EDGE_CURVE('',#881,#863,#594,.T.);
#1884=EDGE_CURVE('',#845,#857,#615,.T.);
#1888=EDGE_CURVE('',#847,#845,#623,.T.);
#1899=EDGE_CURVE('',#845,#849,#627,.T.);
#1901=EDGE_CURVE('',#855,#849,#652,.T.);
#1913=EDGE_CURVE('',#806,#849,#635,.T.);
#1916=EDGE_CURVE('',#845,#807,#639,.T.);
#1928=EDGE_CURVE('',#849,#815,#656,.T.);
#1943=EDGE_CURVE('',#813,#855,#660,.T.);
#1979=EDGE_CURVE('',#817,#885,#681,.T.);
#1991=EDGE_CURVE('',#831,#887,#689,.T.);
#1993=EDGE_CURVE('',#889,#887,#767,.T.);
#2008=EDGE_CURVE('',#891,#829,#710,.T.);
#2010=EDGE_CURVE('',#891,#887,#697,.T.);
#2021=EDGE_CURVE('',#827,#893,#701,.T.);
#2023=EDGE_CURVE('',#893,#891,#706,.T.);
#2035=EDGE_CURVE('',#895,#825,#727,.T.);
#2037=EDGE_CURVE('',#895,#893,#714,.T.);
#2049=EDGE_CURVE('',#823,#897,#718,.T.);
#2051=EDGE_CURVE('',#897,#895,#723,.T.);
#2062=EDGE_CURVE('',#899,#821,#735,.T.);
#2064=EDGE_CURVE('',#899,#897,#731,.T.);
#2080=EDGE_CURVE('',#899,#903,#743,.T.);
#2091=EDGE_CURVE('',#897,#955,#747,.T.);
#2107=EDGE_CURVE('',#953,#895,#751,.T.);
#2120=EDGE_CURVE('',#893,#951,#755,.T.);
#2133=EDGE_CURVE('',#949,#891,#759,.T.);
#2157=EDGE_CURVE('',#1001,#843,#775,.T.);
#2159=EDGE_CURVE('',#853,#843,#803,.T.);
#2173=EDGE_CURVE('',#842,#843,#787,.T.);
#2195=(LENGTH_UNIT()NAMED_UNIT(*)SI_UNIT(.MILLI.,.METRE.));
#2197=(NAMED_UNIT(*)PLANE_ANGLE_UNIT()SI_UNIT($,.RADIAN.));
#2200=(NAMED_UNIT(*)SI_UNIT($,.STERADIAN.)SOLID_ANGLE_UNIT());
#2203=ADVANCED_BREP_SHAPE_REPRESENTATION('',(#2194),#2202);
#2210=PRODUCT_DEFINITION('design','',#2209,#2206);
#2211=PRODUCT_DEFINITION_SHAPE('','SHAPE FOR GIFTBOX_PACKING_HOLDER_FIXTURE.',
#2210);
#2212=SHAPE_DEFINITION_REPRESENTATION(#2211,#2203);
ENDSEC;
END-ISO-10303-21;
