ISO-10303-21;
HEADER;
FILE_DESCRIPTION((''),'2;1');
FILE_NAME('GO-NOGO_CARNIVAL_ASM','2026-08-19T10:07:23',('V3248452'),(''),
'CREO PARAMETRIC BY PTC INC, 2016510','CREO PARAMETRIC BY PTC INC, 2016510','');
FILE_SCHEMA(('CONFIG_CONTROL_DESIGN'));
ENDSEC;
DATA;
#1=CARTESIAN_POINT('',(-4.5E1,-5.409999999999E1,0.E0));
#2=DIRECTION('',(0.E0,0.E0,1.E0));
#3=DIRECTION('',(-1.E0,0.E0,0.E0));
#4=AXIS2_PLACEMENT_3D('',#1,#2,#3);
#6=DIRECTION('',(1.E0,0.E0,0.E0));
#7=VECTOR('',#6,9.E1);
#8=CARTESIAN_POINT('',(-4.5E1,-5.909999999999E1,0.E0));
#9=LINE('',#8,#7);
#10=CARTESIAN_POINT('',(4.5E1,-5.409999999999E1,0.E0));
#11=DIRECTION('',(0.E0,0.E0,1.E0));
#12=DIRECTION('',(0.E0,-1.E0,0.E0));
#13=AXIS2_PLACEMENT_3D('',#10,#11,#12);
#15=DIRECTION('',(0.E0,1.E0,0.E0));
#16=VECTOR('',#15,1.241E2);
#17=CARTESIAN_POINT('',(5.E1,-5.409999999999E1,0.E0));
#18=LINE('',#17,#16);
#19=CARTESIAN_POINT('',(4.5E1,7.E1,2.131628207280E-14));
#20=DIRECTION('',(0.E0,0.E0,1.E0));
#21=DIRECTION('',(1.E0,0.E0,0.E0));
#22=AXIS2_PLACEMENT_3D('',#19,#20,#21);
#24=DIRECTION('',(-1.E0,0.E0,0.E0));
#25=VECTOR('',#24,9.E1);
#26=CARTESIAN_POINT('',(4.5E1,7.5E1,0.E0));
#27=LINE('',#26,#25);
#28=CARTESIAN_POINT('',(-4.5E1,7.E1,2.131628207280E-14));
#29=DIRECTION('',(0.E0,0.E0,1.E0));
#30=DIRECTION('',(0.E0,1.E0,0.E0));
#31=AXIS2_PLACEMENT_3D('',#28,#29,#30);
#33=DIRECTION('',(0.E0,-1.E0,0.E0));
#34=VECTOR('',#33,1.241E2);
#35=CARTESIAN_POINT('',(-5.E1,7.E1,0.E0));
#36=LINE('',#35,#34);
#37=DIRECTION('',(0.E0,1.E0,0.E0));
#38=VECTOR('',#37,8.634999999999E1);
#39=CARTESIAN_POINT('',(1.14E1,-3.522499999999E1,0.E0));
#40=LINE('',#39,#38);
#41=CARTESIAN_POINT('',(1.19E1,5.1125E1,0.E0));
#42=DIRECTION('',(0.E0,0.E0,-1.E0));
#43=DIRECTION('',(-1.E0,0.E0,0.E0));
#44=AXIS2_PLACEMENT_3D('',#41,#42,#43);
#46=DIRECTION('',(1.E0,0.E0,0.E0));
#47=VECTOR('',#46,3.000000000117E-1);
#48=CARTESIAN_POINT('',(1.189999999999E1,5.1625E1,0.E0));
#49=LINE('',#48,#47);
#50=DIRECTION('',(1.E0,0.E0,0.E0));
#51=VECTOR('',#50,3.E-1);
#52=CARTESIAN_POINT('',(2.78E1,5.1625E1,0.E0));
#53=LINE('',#52,#51);
#54=CARTESIAN_POINT('',(2.81E1,5.1125E1,0.E0));
#55=DIRECTION('',(0.E0,0.E0,-1.E0));
#56=DIRECTION('',(0.E0,1.E0,0.E0));
#57=AXIS2_PLACEMENT_3D('',#54,#55,#56);
#59=DIRECTION('',(0.E0,-1.E0,0.E0));
#60=VECTOR('',#59,8.664999999999E1);
#61=CARTESIAN_POINT('',(-1.115E1,5.1275E1,0.E0));
#62=LINE('',#61,#60);
#63=DIRECTION('',(0.E0,1.E0,0.E0));
#64=VECTOR('',#63,8.664999999999E1);
#65=CARTESIAN_POINT('',(-2.885E1,-3.537499999999E1,0.E0));
#66=LINE('',#65,#64);
#67=CARTESIAN_POINT('',(-2.835E1,5.1275E1,0.E0));
#68=DIRECTION('',(0.E0,0.E0,-1.E0));
#69=DIRECTION('',(-1.E0,0.E0,0.E0));
#70=AXIS2_PLACEMENT_3D('',#67,#68,#69);
#72=DIRECTION('',(1.E0,0.E0,0.E0));
#73=VECTOR('',#72,5.500000000383E-1);
#74=CARTESIAN_POINT('',(-2.835000000004E1,5.1775E1,0.E0));
#75=LINE('',#74,#73);
#76=DIRECTION('',(1.E0,0.E0,0.E0));
#77=VECTOR('',#76,5.500000001077E-1);
#78=CARTESIAN_POINT('',(-1.22E1,5.1775E1,0.E0));
#79=LINE('',#78,#77);
#80=CARTESIAN_POINT('',(-1.165E1,5.1275E1,0.E0));
#81=DIRECTION('',(0.E0,0.E0,-1.E0));
#82=DIRECTION('',(0.E0,1.E0,0.E0));
#83=AXIS2_PLACEMENT_3D('',#80,#81,#82);
#85=DIRECTION('',(0.E0,0.E0,1.E0));
#86=VECTOR('',#85,1.5E1);
#87=CARTESIAN_POINT('',(-5.E1,-5.409999999999E1,0.E0));
#88=LINE('',#87,#86);
#89=DIRECTION('',(0.E0,0.E0,-1.E0));
#90=VECTOR('',#89,1.5E1);
#91=CARTESIAN_POINT('',(-4.5E1,-5.909999999999E1,1.5E1));
#92=LINE('',#91,#90);
#93=DIRECTION('',(0.E0,-1.E0,0.E0));
#94=VECTOR('',#93,2.6E1);
#95=CARTESIAN_POINT('',(-5.E1,2.422029801026E1,1.1E1));
#96=LINE('',#95,#94);
#97=DIRECTION('',(0.E0,-1.E0,0.E0));
#98=VECTOR('',#97,5.232029801025E1);
#99=CARTESIAN_POINT('',(-5.E1,-1.779701989744E0,1.5E1));
#100=LINE('',#99,#98);
#101=DIRECTION('',(0.E0,0.E0,1.E0));
#102=VECTOR('',#101,1.5E1);
#103=CARTESIAN_POINT('',(-4.5E1,7.5E1,0.E0));
#104=LINE('',#103,#102);
#105=DIRECTION('',(0.E0,0.E0,-1.E0));
#106=VECTOR('',#105,1.5E1);
#107=CARTESIAN_POINT('',(-5.E1,7.E1,1.5E1));
#108=LINE('',#107,#106);
#109=DIRECTION('',(-1.E0,0.E0,0.E0));
#110=VECTOR('',#109,9.E1);
#111=CARTESIAN_POINT('',(4.5E1,7.5E1,1.5E1));
#112=LINE('',#111,#110);
#113=DIRECTION('',(0.E0,0.E0,1.E0));
#114=VECTOR('',#113,1.5E1);
#115=CARTESIAN_POINT('',(5.E1,7.E1,0.E0));
#116=LINE('',#115,#114);
#117=DIRECTION('',(0.E0,0.E0,-1.E0));
#118=VECTOR('',#117,1.5E1);
#119=CARTESIAN_POINT('',(4.5E1,7.5E1,1.5E1));
#120=LINE('',#119,#118);
#121=CARTESIAN_POINT('',(5.E1,-1.779701989743E0,1.45E1));
#122=DIRECTION('',(-1.E0,0.E0,0.E0));
#123=DIRECTION('',(0.E0,0.E0,1.E0));
#124=AXIS2_PLACEMENT_3D('',#121,#122,#123);
#126=DIRECTION('',(0.E0,0.E0,1.E0));
#127=VECTOR('',#126,3.5E0);
#128=CARTESIAN_POINT('',(5.E1,2.372029801026E1,1.1E1));
#129=LINE('',#128,#127);
#130=CARTESIAN_POINT('',(5.E1,2.422029801026E1,1.45E1));
#131=DIRECTION('',(-1.E0,0.E0,0.E0));
#132=DIRECTION('',(0.E0,-1.E0,0.E0));
#133=AXIS2_PLACEMENT_3D('',#130,#131,#132);
#135=DIRECTION('',(0.E0,0.E0,1.E0));
#136=VECTOR('',#135,1.5E1);
#137=CARTESIAN_POINT('',(4.5E1,-5.909999999999E1,0.E0));
#138=LINE('',#137,#136);
#139=DIRECTION('',(0.E0,0.E0,-1.E0));
#140=VECTOR('',#139,1.5E1);
#141=CARTESIAN_POINT('',(5.E1,-5.409999999999E1,1.5E1));
#142=LINE('',#141,#140);
#143=DIRECTION('',(-3.930133108726E-13,1.E0,0.E0));
#144=VECTOR('',#143,1.672340382362E0);
#145=CARTESIAN_POINT('',(2.630833499908E1,-4.414145211510E1,1.5E1));
#146=LINE('',#145,#144);
#147=DIRECTION('',(-1.E0,0.E0,0.E0));
#148=VECTOR('',#147,1.6375E0);
#149=CARTESIAN_POINT('',(2.630833499908E1,-4.246911173274E1,1.5E1));
#150=LINE('',#149,#148);
#151=DIRECTION('',(0.E0,-1.E0,0.E0));
#152=VECTOR('',#151,6.689360904700E-1);
#153=CARTESIAN_POINT('',(2.467083499908E1,-4.246911173274E1,1.5E1));
#154=LINE('',#153,#152);
#155=DIRECTION('',(1.E0,0.E0,0.E0));
#156=VECTOR('',#155,9.825E-1);
#157=CARTESIAN_POINT('',(2.467083499908E1,-4.313804782321E1,1.5E1));
#158=LINE('',#157,#156);
#159=DIRECTION('',(-1.832291637502E-13,-1.E0,0.E0));
#160=VECTOR('',#159,8.919149434510E-1);
#161=CARTESIAN_POINT('',(2.565333499908E1,-4.313804782321E1,1.5E1));
#162=LINE('',#161,#160);
#163=DIRECTION('',(-3.102886223097E-1,-9.506423990466E-1,0.E0));
#164=VECTOR('',#163,3.518337132684E-1);
#165=CARTESIAN_POINT('',(2.565333499908E1,-4.402996276666E1,1.5E1));
#166=LINE('',#165,#164);
#167=DIRECTION('',(-8.265991871181E-1,-5.627910658990E-1,0.E0));
#168=VECTOR('',#167,3.962016961559E-1);
#169=CARTESIAN_POINT('',(2.554416500091E1,-4.436443081191E1,1.5E1));
#170=LINE('',#169,#168);
#171=DIRECTION('',(-9.689174914944E-1,-2.473841035237E-1,0.E0));
#172=VECTOR('',#171,4.506730498551E-1);
#173=CARTESIAN_POINT('',(2.521666500093E1,-4.458740958680E1,1.5E1));
#174=LINE('',#173,#172);
#175=DIRECTION('',(-1.E0,-8.316785202451E-13,0.E0));
#176=VECTOR('',#175,9.824999999799E-1);
#177=CARTESIAN_POINT('',(2.477999999998E1,-4.469889893522E1,1.5E1));
#178=LINE('',#177,#176);
#179=DIRECTION('',(-9.689174914945E-1,2.473841035234E-1,0.E0));
#180=VECTOR('',#179,4.506730498065E-1);
#181=CARTESIAN_POINT('',(2.37975E1,-4.469889893522E1,1.5E1));
#182=LINE('',#181,#180);
#183=DIRECTION('',(-8.265991871195E-1,5.627910658969E-1,0.E0));
#184=VECTOR('',#183,3.962016962137E-1);
#185=CARTESIAN_POINT('',(2.336083499910E1,-4.458740958681E1,1.5E1));
#186=LINE('',#185,#184);
#187=DIRECTION('',(-5.466254709169E-1,8.373772116227E-1,0.E0));
#188=VECTOR('',#187,3.994233907627E-1);
#189=CARTESIAN_POINT('',(2.303333499907E1,-4.436443081189E1,1.5E1));
#190=LINE('',#189,#188);
#191=DIRECTION('',(-2.377679294762E-1,9.713219917785E-1,0.E0));
#192=VECTOR('',#191,4.591241601068E-1);
#193=CARTESIAN_POINT('',(2.2815E1,-4.402996276668E1,1.5E1));
#194=LINE('',#193,#192);
#195=DIRECTION('',(-2.315591939783E-13,1.E0,0.E0));
#196=VECTOR('',#195,1.672340382328E0);
#197=CARTESIAN_POINT('',(2.270583499908E1,-4.358400537301E1,1.5E1));
#198=LINE('',#197,#196);
#199=DIRECTION('',(2.377679294772E-1,9.713219917783E-1,0.E0));
#200=VECTOR('',#199,4.591241600821E-1);
#201=CARTESIAN_POINT('',(2.270583499908E1,-4.191166499068E1,1.5E1));
#202=LINE('',#201,#200);
#203=DIRECTION('',(5.466251129948E-1,8.373774452679E-1,0.E0));
#204=VECTOR('',#203,3.994236523270E-1);
#205=CARTESIAN_POINT('',(2.2815E1,-4.146570759703E1,1.5E1));
#206=LINE('',#205,#204);
#207=DIRECTION('',(8.265992788001E-1,5.627909312411E-1,0.E0));
#208=VECTOR('',#207,3.962016522328E-1);
#209=CARTESIAN_POINT('',(2.303333499908E1,-4.113123923947E1,1.5E1));
#210=LINE('',#209,#208);
#211=DIRECTION('',(9.689174914951E-1,2.473841035211E-1,0.E0));
#212=VECTOR('',#211,4.506730498165E-1);
#213=CARTESIAN_POINT('',(2.336083499908E1,-4.090826054265E1,1.5E1));
#214=LINE('',#213,#212);
#215=DIRECTION('',(1.E0,-3.037434595587E-13,0.E0));
#216=VECTOR('',#215,9.825000000094E-1);
#217=CARTESIAN_POINT('',(2.379749999999E1,-4.079677119424E1,1.5E1));
#218=LINE('',#217,#216);
#219=DIRECTION('',(9.689174914949E-1,-2.473841035216E-1,0.E0));
#220=VECTOR('',#219,4.506730498350E-1);
#221=CARTESIAN_POINT('',(2.478E1,-4.079677119424E1,1.5E1));
#222=LINE('',#221,#220);
#223=DIRECTION('',(8.265992788010E-1,-5.627909312396E-1,0.E0));
#224=VECTOR('',#223,3.962016522263E-1);
#225=CARTESIAN_POINT('',(2.521666500093E1,-4.090826054265E1,1.5E1));
#226=LINE('',#225,#224);
#227=DIRECTION('',(3.102883604616E-1,-9.506424845135E-1,0.E0));
#228=VECTOR('',#227,3.518340101657E-1);
#229=CARTESIAN_POINT('',(2.554416500092E1,-4.113123923947E1,1.5E1));
#230=LINE('',#229,#228);
#231=DIRECTION('',(1.E0,1.084798069876E-14,0.E0));
#232=VECTOR('',#231,6.549999999919E-1);
#233=CARTESIAN_POINT('',(2.565333499909E1,-4.146570759703E1,1.5E1));
#234=LINE('',#233,#232);
#235=DIRECTION('',(-1.921883980413E-1,9.813580486542E-1,0.E0));
#236=VECTOR('',#235,5.680363605878E-1);
#237=CARTESIAN_POINT('',(2.630833499908E1,-4.146570759703E1,1.5E1));
#238=LINE('',#237,#236);
#239=DIRECTION('',(-6.996234726653E-1,7.145117189352E-1,0.E0));
#240=VECTOR('',#239,6.241428682277E-1);
#241=CARTESIAN_POINT('',(2.619916500091E1,-4.090826054264E1,1.5E1));
#242=LINE('',#241,#240);
#243=DIRECTION('',(-8.906045842075E-1,4.547784895844E-1,0.E0));
#244=VECTOR('',#243,4.903017665238E-1);
#245=CARTESIAN_POINT('',(2.57625E1,-4.046230314900E1,1.5E1));
#246=LINE('',#245,#244);
#247=DIRECTION('',(-9.797708290264E-1,2.001227687918E-1,0.E0));
#248=VECTOR('',#247,5.571047666558E-1);
#249=CARTESIAN_POINT('',(2.532583499909E1,-4.023932445218E1,1.5E1));
#250=LINE('',#249,#248);
#251=DIRECTION('',(-1.E0,-1.735676911763E-13,0.E0));
#252=VECTOR('',#251,9.825000000097E-1);
#253=CARTESIAN_POINT('',(2.478000000001E1,-4.012783510377E1,1.5E1));
#254=LINE('',#253,#252);
#255=DIRECTION('',(-9.797708290262E-1,-2.001227687929E-1,0.E0));
#256=VECTOR('',#255,5.571047666561E-1);
#257=CARTESIAN_POINT('',(2.37975E1,-4.012783510377E1,1.5E1));
#258=LINE('',#257,#256);
#259=DIRECTION('',(-8.906045842074E-1,-4.547784895845E-1,0.E0));
#260=VECTOR('',#259,4.903017665406E-1);
#261=CARTESIAN_POINT('',(2.325166500092E1,-4.023932445218E1,1.5E1));
#262=LINE('',#261,#260);
#263=DIRECTION('',(-6.996234726657E-1,-7.145117189349E-1,0.E0));
#264=VECTOR('',#263,6.241428682321E-1);
#265=CARTESIAN_POINT('',(2.281499999999E1,-4.046230314901E1,1.5E1));
#266=LINE('',#265,#264);
#267=DIRECTION('',(-4.397162019328E-1,-8.981367723002E-1,0.E0));
#268=VECTOR('',#267,4.965361706497E-1);
#269=CARTESIAN_POINT('',(2.237833499908E1,-4.090826054265E1,1.5E1));
#270=LINE('',#269,#268);
#271=DIRECTION('',(-1.921799255456E-1,-9.813597078632E-1,0.E0));
#272=VECTOR('',#271,5.680354002085E-1);
#273=CARTESIAN_POINT('',(2.216E1,-4.135421793629E1,1.5E1));
#274=LINE('',#273,#272);
#275=DIRECTION('',(-4.291280475575E-13,-1.E0,0.E0));
#276=VECTOR('',#275,1.672340382323E0);
#277=CARTESIAN_POINT('',(2.205083499908E1,-4.191166499069E1,1.5E1));
#278=LINE('',#277,#276);
#279=DIRECTION('',(1.921800292438E-1,-9.813596875559E-1,0.E0));
#280=VECTOR('',#279,5.680350936856E-1);
#281=CARTESIAN_POINT('',(2.205083499908E1,-4.358400537302E1,1.5E1));
#282=LINE('',#281,#280);
#283=DIRECTION('',(4.397161398302E-1,-8.981368027048E-1,0.E0));
#284=VECTOR('',#283,4.965362407810E-1);
#285=CARTESIAN_POINT('',(2.216E1,-4.414145211508E1,1.5E1));
#286=LINE('',#285,#284);
#287=DIRECTION('',(6.996234413959E-1,-7.145117495530E-1,0.E0));
#288=VECTOR('',#287,6.241428961380E-1);
#289=CARTESIAN_POINT('',(2.237833499908E1,-4.458740958680E1,1.5E1));
#290=LINE('',#289,#288);
#291=DIRECTION('',(8.906045600184E-1,-4.547785369545E-1,0.E0));
#292=VECTOR('',#291,4.903017798630E-1);
#293=CARTESIAN_POINT('',(2.2815E1,-4.503336701949E1,1.5E1));
#294=LINE('',#293,#292);
#295=DIRECTION('',(9.797708255910E-1,-2.001227856111E-1,0.E0));
#296=VECTOR('',#295,5.571047686008E-1);
#297=CARTESIAN_POINT('',(2.325166500093E1,-4.525634574560E1,1.5E1));
#298=LINE('',#297,#296);
#299=DIRECTION('',(1.E0,7.955185845666E-14,0.E0));
#300=VECTOR('',#299,9.824999999993E-1);
#301=CARTESIAN_POINT('',(2.37975E1,-4.536783510377E1,1.5E1));
#302=LINE('',#301,#300);
#303=DIRECTION('',(9.797708255911E-1,2.001227856107E-1,0.E0));
#304=VECTOR('',#303,5.571047686118E-1);
#305=CARTESIAN_POINT('',(2.478E1,-4.536783510377E1,1.5E1));
#306=LINE('',#305,#304);
#307=DIRECTION('',(8.906045600183E-1,4.547785369546E-1,0.E0));
#308=VECTOR('',#307,4.903017798405E-1);
#309=CARTESIAN_POINT('',(2.532583499908E1,-4.525634574560E1,1.5E1));
#310=LINE('',#309,#308);
#311=DIRECTION('',(6.996234413955E-1,7.145117495534E-1,0.E0));
#312=VECTOR('',#311,6.241428961492E-1);
#313=CARTESIAN_POINT('',(2.576249999999E1,-4.503336701950E1,1.5E1));
#314=LINE('',#313,#312);
#315=DIRECTION('',(2.377781591447E-1,9.713194876217E-1,0.E0));
#316=VECTOR('',#315,4.591254241043E-1);
#317=CARTESIAN_POINT('',(2.619916500092E1,-4.458740958680E1,1.5E1));
#318=LINE('',#317,#316);
#319=DIRECTION('',(-9.797708290262E-1,-2.001227687928E-1,0.E0));
#320=VECTOR('',#319,5.571047666562E-1);
#321=CARTESIAN_POINT('',(1.85575E1,-4.012783510377E1,1.5E1));
#322=LINE('',#321,#320);
#323=DIRECTION('',(-8.906045842074E-1,-4.547784895845E-1,0.E0));
#324=VECTOR('',#323,4.903017665406E-1);
#325=CARTESIAN_POINT('',(1.801166500092E1,-4.023932445218E1,1.5E1));
#326=LINE('',#325,#324);
#327=DIRECTION('',(-6.996234726657E-1,-7.145117189348E-1,0.E0));
#328=VECTOR('',#327,6.241428682321E-1);
#329=CARTESIAN_POINT('',(1.757499999999E1,-4.046230314901E1,1.5E1));
#330=LINE('',#329,#328);
#331=DIRECTION('',(-4.397162019327E-1,-8.981367723002E-1,0.E0));
#332=VECTOR('',#331,4.965361706503E-1);
#333=CARTESIAN_POINT('',(1.713833499908E1,-4.090826054265E1,1.5E1));
#334=LINE('',#333,#332);
#335=DIRECTION('',(-1.921841617975E-1,-9.813588782674E-1,0.E0));
#336=VECTOR('',#335,5.680358803692E-1);
#337=CARTESIAN_POINT('',(1.692E1,-4.135421793629E1,1.5E1));
#338=LINE('',#337,#336);
#339=DIRECTION('',(3.611473667492E-14,-1.E0,0.E0));
#340=VECTOR('',#339,1.672340382355E0);
#341=CARTESIAN_POINT('',(1.681083250046E1,-4.191166499066E1,1.5E1));
#342=LINE('',#341,#340);
#343=DIRECTION('',(1.921842654979E-1,-9.813588579592E-1,0.E0));
#344=VECTOR('',#343,5.680355738905E-1);
#345=CARTESIAN_POINT('',(1.681083250046E1,-4.358400537302E1,1.5E1));
#346=LINE('',#345,#344);
#347=DIRECTION('',(4.397161398287E-1,-8.981368027056E-1,0.E0));
#348=VECTOR('',#347,4.965362407619E-1);
#349=CARTESIAN_POINT('',(1.692E1,-4.414145211509E1,1.5E1));
#350=LINE('',#349,#348);
#351=DIRECTION('',(6.996234413959E-1,-7.145117495531E-1,0.E0));
#352=VECTOR('',#351,6.241428961381E-1);
#353=CARTESIAN_POINT('',(1.713833499908E1,-4.458740958680E1,1.5E1));
#354=LINE('',#353,#352);
#355=DIRECTION('',(8.906045600184E-1,-4.547785369545E-1,0.E0));
#356=VECTOR('',#355,4.903017798630E-1);
#357=CARTESIAN_POINT('',(1.7575E1,-4.503336701949E1,1.5E1));
#358=LINE('',#357,#356);
#359=DIRECTION('',(9.797708255910E-1,-2.001227856111E-1,0.E0));
#360=VECTOR('',#359,5.571047686008E-1);
#361=CARTESIAN_POINT('',(1.801166500093E1,-4.525634574560E1,1.5E1));
#362=LINE('',#361,#360);
#363=DIRECTION('',(1.E0,-4.067985002949E-14,0.E0));
#364=VECTOR('',#363,8.733349990782E-1);
#365=CARTESIAN_POINT('',(1.85575E1,-4.536783510377E1,1.5E1));
#366=LINE('',#365,#364);
#367=DIRECTION('',(9.797704663444E-1,2.001245444200E-1,0.E0));
#368=VECTOR('',#367,5.570998724599E-1);
#369=CARTESIAN_POINT('',(1.943083499908E1,-4.536783510377E1,1.5E1));
#370=LINE('',#369,#368);
#371=DIRECTION('',(8.906066679764E-1,4.547744088623E-1,0.E0));
#372=VECTOR('',#371,4.903062304061E-1);
#373=CARTESIAN_POINT('',(1.997666500092E1,-4.525634574560E1,1.5E1));
#374=LINE('',#373,#372);
#375=DIRECTION('',(6.996234413944E-1,7.145117495545E-1,0.E0));
#376=VECTOR('',#375,6.241428961593E-1);
#377=CARTESIAN_POINT('',(2.041333499907E1,-4.503336701950E1,1.5E1));
#378=LINE('',#377,#376);
#379=DIRECTION('',(4.397161398295E-1,8.981368027052E-1,0.E0));
#380=VECTOR('',#379,4.965362407727E-1);
#381=CARTESIAN_POINT('',(2.085E1,-4.458740958680E1,1.5E1));
#382=LINE('',#381,#380);
#383=DIRECTION('',(1.921800292444E-1,9.813596875558E-1,0.E0));
#384=VECTOR('',#383,5.680350937047E-1);
#385=CARTESIAN_POINT('',(2.106833499908E1,-4.414145211508E1,1.5E1));
#386=LINE('',#385,#384);
#387=DIRECTION('',(1.019710212017E-13,1.E0,0.E0));
#388=VECTOR('',#387,1.672340382325E0);
#389=CARTESIAN_POINT('',(2.11775E1,-4.358400537300E1,1.5E1));
#390=LINE('',#389,#388);
#391=DIRECTION('',(-1.921799255477E-1,9.813597078628E-1,0.E0));
#392=VECTOR('',#391,5.680354001941E-1);
#393=CARTESIAN_POINT('',(2.11775E1,-4.191166499068E1,1.5E1));
#394=LINE('',#393,#392);
#395=DIRECTION('',(-4.397162019347E-1,8.981367722993E-1,0.E0));
#396=VECTOR('',#395,4.965361706494E-1);
#397=CARTESIAN_POINT('',(2.106833499908E1,-4.135421793629E1,1.5E1));
#398=LINE('',#397,#396);
#399=DIRECTION('',(-6.996234726646E-1,7.145117189359E-1,0.E0));
#400=VECTOR('',#399,6.241428682436E-1);
#401=CARTESIAN_POINT('',(2.085E1,-4.090826054265E1,1.5E1));
#402=LINE('',#401,#400);
#403=DIRECTION('',(-8.906066921642E-1,4.547743614940E-1,0.E0));
#404=VECTOR('',#403,4.903062171070E-1);
#405=CARTESIAN_POINT('',(2.041333499908E1,-4.046230314900E1,1.5E1));
#406=LINE('',#405,#404);
#407=DIRECTION('',(-9.797704697792E-1,2.001245276039E-1,0.E0));
#408=VECTOR('',#407,5.570998704878E-1);
#409=CARTESIAN_POINT('',(1.997666500092E1,-4.023932445218E1,1.5E1));
#410=LINE('',#409,#408);
#411=DIRECTION('',(-1.E0,-3.335747702353E-13,0.E0));
#412=VECTOR('',#411,8.733349990952E-1);
#413=CARTESIAN_POINT('',(1.943083499909E1,-4.012783510377E1,1.5E1));
#414=LINE('',#413,#412);
#415=DIRECTION('',(-1.787601666256E-14,1.E0,0.E0));
#416=VECTOR('',#415,4.571063909530E0);
#417=CARTESIAN_POINT('',(1.222583250046E1,-4.536783510377E1,1.5E1));
#418=LINE('',#417,#416);
#419=DIRECTION('',(5.126340292452E-1,-8.586072164033E-1,0.E0));
#420=VECTOR('',#419,5.323812591138E0);
#421=CARTESIAN_POINT('',(1.222583250046E1,-4.079677119424E1,1.5E1));
#422=LINE('',#421,#420);
#423=DIRECTION('',(1.E0,-1.374077555162E-13,0.E0));
#424=VECTOR('',#423,9.824999999985E-1);
#425=CARTESIAN_POINT('',(1.4955E1,-4.536783510377E1,1.5E1));
#426=LINE('',#425,#424);
#427=DIRECTION('',(0.E0,1.E0,0.E0));
#428=VECTOR('',#427,5.24E0);
#429=CARTESIAN_POINT('',(1.59375E1,-4.536783510377E1,1.5E1));
#430=LINE('',#429,#428);
#431=DIRECTION('',(-1.E0,1.084798069863E-14,0.E0));
#432=VECTOR('',#431,6.55E-1);
#433=CARTESIAN_POINT('',(1.59375E1,-4.012783510377E1,1.5E1));
#434=LINE('',#433,#432);
#435=DIRECTION('',(-1.593297159772E-14,-1.E0,0.E0));
#436=VECTOR('',#435,4.459574483030E0);
#437=CARTESIAN_POINT('',(1.52825E1,-4.012783510377E1,1.5E1));
#438=LINE('',#437,#436);
#439=DIRECTION('',(-5.219891049801E-1,8.529521523990E-1,0.E0));
#440=VECTOR('',#439,5.228399354509E0);
#441=CARTESIAN_POINT('',(1.52825E1,-4.458740958680E1,1.5E1));
#442=LINE('',#441,#440);
#443=DIRECTION('',(-1.E0,-1.518717297805E-13,0.E0));
#444=VECTOR('',#443,9.825000000016E-1);
#445=CARTESIAN_POINT('',(1.255333250046E1,-4.012783510377E1,1.5E1));
#446=LINE('',#445,#444);
#447=DIRECTION('',(0.E0,-1.E0,0.E0));
#448=VECTOR('',#447,5.24E0);
#449=CARTESIAN_POINT('',(1.157083250046E1,-4.012783510377E1,1.5E1));
#450=LINE('',#449,#448);
#451=DIRECTION('',(1.E0,0.E0,0.E0));
#452=VECTOR('',#451,6.55E-1);
#453=CARTESIAN_POINT('',(1.157083250046E1,-4.536783510377E1,1.5E1));
#454=LINE('',#453,#452);
#455=DIRECTION('',(-9.797706943097E-1,-2.001234283435E-1,0.E0));
#456=VECTOR('',#455,5.571029305952E-1);
#457=CARTESIAN_POINT('',(-1.81225E1,-4.012783510377E1,1.5E1));
#458=LINE('',#457,#456);
#459=DIRECTION('',(-8.906053746982E-1,-4.547769415425E-1,0.E0));
#460=VECTOR('',#459,4.903034355075E-1);
#461=CARTESIAN_POINT('',(-1.866833312511E1,-4.023932445218E1,1.5E1));
#462=LINE('',#461,#460);
#463=DIRECTION('',(-6.996250055026E-1,-7.145102180343E-1,0.E0));
#464=VECTOR('',#463,6.241441793070E-1);
#465=CARTESIAN_POINT('',(-1.910500000001E1,-4.046230314901E1,1.5E1));
#466=LINE('',#465,#464);
#467=DIRECTION('',(-4.397131575604E-1,-8.981382627793E-1,0.E0));
#468=VECTOR('',#467,4.965353466375E-1);
#469=CARTESIAN_POINT('',(-1.954166687489E1,-4.090826054265E1,1.5E1));
#470=LINE('',#469,#468);
#471=DIRECTION('',(-1.921825732049E-1,-9.813591893676E-1,0.E0));
#472=VECTOR('',#471,5.680357003179E-1);
#473=CARTESIAN_POINT('',(-1.976E1,-4.135421793629E1,1.5E1));
#474=LINE('',#473,#472);
#475=DIRECTION('',(-1.189661914010E-13,-1.E0,0.E0));
#476=VECTOR('',#475,1.672340382337E0);
#477=CARTESIAN_POINT('',(-1.986916656256E1,-4.191166499068E1,1.5E1));
#478=LINE('',#477,#476);
#479=DIRECTION('',(1.921826769050E-1,-9.813591690597E-1,0.E0));
#480=VECTOR('',#479,5.680353937909E-1);
#481=CARTESIAN_POINT('',(-1.986916656256E1,-4.358400537302E1,1.5E1));
#482=LINE('',#481,#480);
#483=DIRECTION('',(4.397130954575E-1,-8.981382931838E-1,0.E0));
#484=VECTOR('',#483,4.965354167842E-1);
#485=CARTESIAN_POINT('',(-1.976E1,-4.414145211507E1,1.5E1));
#486=LINE('',#485,#484);
#487=DIRECTION('',(6.996249742330E-1,-7.145102486525E-1,0.E0));
#488=VECTOR('',#487,6.241442072035E-1);
#489=CARTESIAN_POINT('',(-1.954166687489E1,-4.458740958680E1,1.5E1));
#490=LINE('',#489,#488);
#491=DIRECTION('',(8.906053505093E-1,-4.547769889124E-1,0.E0));
#492=VECTOR('',#491,4.903034488300E-1);
#493=CARTESIAN_POINT('',(-1.9105E1,-4.503336701949E1,1.5E1));
#494=LINE('',#493,#492);
#495=DIRECTION('',(9.797706908744E-1,-2.001234451619E-1,0.E0));
#496=VECTOR('',#495,5.571029325395E-1);
#497=CARTESIAN_POINT('',(-1.866833312510E1,-4.525634574560E1,1.5E1));
#498=LINE('',#497,#496);
#499=DIRECTION('',(1.E0,-3.254394985519E-14,0.E0));
#500=VECTOR('',#499,8.733331251084E-1);
#501=CARTESIAN_POINT('',(-1.81225E1,-4.536783510377E1,1.5E1));
#502=LINE('',#501,#500);
#503=DIRECTION('',(9.797707357806E-1,2.001232253086E-1,0.E0));
#504=VECTOR('',#503,5.571035445813E-1);
#505=CARTESIAN_POINT('',(-1.724916687489E1,-4.536783510377E1,1.5E1));
#506=LINE('',#505,#504);
#507=DIRECTION('',(8.906050870134E-1,4.547775049250E-1,0.E0));
#508=VECTOR('',#507,4.903028924687E-1);
#509=CARTESIAN_POINT('',(-1.670333312511E1,-4.525634574560E1,1.5E1));
#510=LINE('',#509,#508);
#511=DIRECTION('',(6.996249742314E-1,7.145102486541E-1,0.E0));
#512=VECTOR('',#511,6.241442072340E-1);
#513=CARTESIAN_POINT('',(-1.626666687490E1,-4.503336701950E1,1.5E1));
#514=LINE('',#513,#512);
#515=DIRECTION('',(4.397130954572E-1,8.981382931840E-1,0.E0));
#516=VECTOR('',#515,4.965354167609E-1);
#517=CARTESIAN_POINT('',(-1.583E1,-4.458740958680E1,1.5E1));
#518=LINE('',#517,#516);
#519=DIRECTION('',(1.921832064366E-1,9.813590653597E-1,0.E0));
#520=VECTOR('',#519,5.680354538469E-1);
#521=CARTESIAN_POINT('',(-1.561166687489E1,-4.414145211508E1,1.5E1));
#522=LINE('',#521,#520);
#523=DIRECTION('',(9.772222865158E-14,1.E0,0.E0));
#524=VECTOR('',#523,1.672340382325E0);
#525=CARTESIAN_POINT('',(-1.55025E1,-4.358400537300E1,1.5E1));
#526=LINE('',#525,#524);
#527=DIRECTION('',(-1.921831027383E-1,9.813590856674E-1,0.E0));
#528=VECTOR('',#527,5.680357603366E-1);
#529=CARTESIAN_POINT('',(-1.55025E1,-4.191166499068E1,1.5E1));
#530=LINE('',#529,#528);
#531=DIRECTION('',(-4.397131575622E-1,8.981382627784E-1,0.E0));
#532=VECTOR('',#531,4.965353466371E-1);
#533=CARTESIAN_POINT('',(-1.561166687489E1,-4.135421793629E1,1.5E1));
#534=LINE('',#533,#532);
#535=DIRECTION('',(-6.996250055016E-1,7.145102180354E-1,0.E0));
#536=VECTOR('',#535,6.241441793186E-1);
#537=CARTESIAN_POINT('',(-1.583E1,-4.090826054265E1,1.5E1));
#538=LINE('',#537,#536);
#539=DIRECTION('',(-8.906051112016E-1,4.547774575566E-1,0.E0));
#540=VECTOR('',#539,4.903028791695E-1);
#541=CARTESIAN_POINT('',(-1.626666687489E1,-4.046230314900E1,1.5E1));
#542=LINE('',#541,#540);
#543=DIRECTION('',(-9.797707392154E-1,2.001232084926E-1,0.E0));
#544=VECTOR('',#543,5.571035426093E-1);
#545=CARTESIAN_POINT('',(-1.670333312511E1,-4.023932445218E1,1.5E1));
#546=LINE('',#545,#544);
#547=DIRECTION('',(-1.E0,-3.254394985457E-13,0.E0));
#548=VECTOR('',#547,8.733331251251E-1);
#549=CARTESIAN_POINT('',(-1.724916687488E1,-4.012783510377E1,1.5E1));
#550=LINE('',#549,#548);
#551=DIRECTION('',(2.209372126033E-13,1.E0,0.E0));
#552=VECTOR('',#551,1.672340382327E0);
#553=CARTESIAN_POINT('',(-2.07425E1,-4.414145211507E1,1.5E1));
#554=LINE('',#553,#552);
#555=DIRECTION('',(-1.E0,0.E0,0.E0));
#556=VECTOR('',#555,1.6375E0);
#557=CARTESIAN_POINT('',(-2.07425E1,-4.246911173274E1,1.5E1));
#558=LINE('',#557,#556);
#559=DIRECTION('',(0.E0,-1.E0,0.E0));
#560=VECTOR('',#559,6.689360904700E-1);
#561=CARTESIAN_POINT('',(-2.238E1,-4.246911173274E1,1.5E1));
#562=LINE('',#561,#560);
#563=DIRECTION('',(1.E0,0.E0,0.E0));
#564=VECTOR('',#563,9.825E-1);
#565=CARTESIAN_POINT('',(-2.238E1,-4.313804782321E1,1.5E1));
#566=LINE('',#565,#564);
#567=DIRECTION('',(-4.381566959247E-14,-1.E0,0.E0));
#568=VECTOR('',#567,8.919149434503E-1);
#569=CARTESIAN_POINT('',(-2.13975E1,-4.313804782321E1,1.5E1));
#570=LINE('',#569,#568);
#571=DIRECTION('',(-3.102797975515E-1,-9.506452793926E-1,0.E0));
#572=VECTOR('',#571,3.518326472449E-1);
#573=CARTESIAN_POINT('',(-2.13975E1,-4.402996276666E1,1.5E1));
#574=LINE('',#573,#572);
#575=DIRECTION('',(-8.265991871215E-1,-5.627910658940E-1,0.E0));
#576=VECTOR('',#575,3.962016961788E-1);
#577=CARTESIAN_POINT('',(-2.150666656256E1,-4.436443081190E1,1.5E1));
#578=LINE('',#577,#576);
#579=DIRECTION('',(-9.689177459681E-1,-2.473831068366E-1,0.E0));
#580=VECTOR('',#579,4.506748655713E-1);
#581=CARTESIAN_POINT('',(-2.183416656256E1,-4.458740958680E1,1.5E1));
#582=LINE('',#581,#580);
#583=DIRECTION('',(-1.E0,-6.074870156970E-13,0.E0));
#584=VECTOR('',#583,9.824998438093E-1);
#585=CARTESIAN_POINT('',(-2.227083343747E1,-4.469889893522E1,1.5E1));
#586=LINE('',#585,#584);
#587=DIRECTION('',(-9.689177247615E-1,2.473831898957E-1,0.E0));
#588=VECTOR('',#587,4.506747142095E-1);
#589=CARTESIAN_POINT('',(-2.325333328128E1,-4.469889893522E1,1.5E1));
#590=LINE('',#589,#588);
#591=DIRECTION('',(-8.265991871190E-1,5.627910658977E-1,0.E0));
#592=VECTOR('',#591,3.962016962180E-1);
#593=CARTESIAN_POINT('',(-2.368999999998E1,-4.458740958681E1,1.5E1));
#594=LINE('',#593,#592);
#595=DIRECTION('',(-5.466225923193E-1,8.373790907147E-1,0.E0));
#596=VECTOR('',#595,3.994224944569E-1);
#597=CARTESIAN_POINT('',(-2.401750000001E1,-4.436443081189E1,1.5E1));
#598=LINE('',#597,#596);
#599=DIRECTION('',(-2.377712989837E-1,9.713211669575E-1,0.E0));
#600=VECTOR('',#599,4.591245499664E-1);
#601=CARTESIAN_POINT('',(-2.423583335936E1,-4.402996276667E1,1.5E1));
#602=LINE('',#601,#600);
#603=DIRECTION('',(-1.869468722017E-13,1.E0,0.E0));
#604=VECTOR('',#603,1.672340382337E0);
#605=CARTESIAN_POINT('',(-2.4345E1,-4.358400537302E1,1.5E1));
#606=LINE('',#605,#604);
#607=DIRECTION('',(2.377712989836E-1,9.713211669575E-1,0.E0));
#608=VECTOR('',#607,4.591245499648E-1);
#609=CARTESIAN_POINT('',(-2.4345E1,-4.191166499068E1,1.5E1));
#610=LINE('',#609,#608);
#611=DIRECTION('',(5.466222343979E-1,8.373793243578E-1,0.E0));
#612=VECTOR('',#611,3.994227560074E-1);
#613=CARTESIAN_POINT('',(-2.423583335936E1,-4.146570759703E1,1.5E1));
#614=LINE('',#613,#612);
#615=DIRECTION('',(8.265992788005E-1,5.627909312404E-1,0.E0));
#616=VECTOR('',#615,3.962016522363E-1);
#617=CARTESIAN_POINT('',(-2.40175E1,-4.113123923947E1,1.5E1));
#618=LINE('',#617,#616);
#619=DIRECTION('',(9.689177247621E-1,2.473831898934E-1,0.E0));
#620=VECTOR('',#619,4.506747142272E-1);
#621=CARTESIAN_POINT('',(-2.369E1,-4.090826054265E1,1.5E1));
#622=LINE('',#621,#620);
#623=DIRECTION('',(1.E0,-1.952636836095E-13,0.E0));
#624=VECTOR('',#623,9.824998438463E-1);
#625=CARTESIAN_POINT('',(-2.325333328129E1,-4.079677119424E1,1.5E1));
#626=LINE('',#625,#624);
#627=DIRECTION('',(9.689177459679E-1,-2.473831068375E-1,0.E0));
#628=VECTOR('',#627,4.506748655363E-1);
#629=CARTESIAN_POINT('',(-2.227083343744E1,-4.079677119424E1,1.5E1));
#630=LINE('',#629,#628);
#631=DIRECTION('',(8.265992788006E-1,-5.627909312404E-1,0.E0));
#632=VECTOR('',#631,3.962016522396E-1);
#633=CARTESIAN_POINT('',(-2.183416656256E1,-4.090826054265E1,1.5E1));
#634=LINE('',#633,#632);
#635=DIRECTION('',(3.102795357072E-1,-9.506453648556E-1,0.E0));
#636=VECTOR('',#635,3.518329441476E-1);
#637=CARTESIAN_POINT('',(-2.150666656256E1,-4.113123923947E1,1.5E1));
#638=LINE('',#637,#636);
#639=DIRECTION('',(1.E0,2.169596139715E-13,0.E0));
#640=VECTOR('',#639,6.550000000031E-1);
#641=CARTESIAN_POINT('',(-2.13975E1,-4.146570759703E1,1.5E1));
#642=LINE('',#641,#640);
#643=DIRECTION('',(-1.921825732061E-1,9.813591893674E-1,0.E0));
#644=VECTOR('',#643,5.680357002988E-1);
#645=CARTESIAN_POINT('',(-2.07425E1,-4.146570759703E1,1.5E1));
#646=LINE('',#645,#644);
#647=DIRECTION('',(-6.996250055018E-1,7.145102180351E-1,0.E0));
#648=VECTOR('',#647,6.241441793338E-1);
#649=CARTESIAN_POINT('',(-2.085166656256E1,-4.090826054265E1,1.5E1));
#650=LINE('',#649,#648);
#651=DIRECTION('',(-8.906052429497E-1,4.547771995499E-1,0.E0));
#652=VECTOR('',#651,4.903031573069E-1);
#653=CARTESIAN_POINT('',(-2.128833343746E1,-4.046230314899E1,1.5E1));
#654=LINE('',#653,#652);
#655=DIRECTION('',(-9.797707167626E-1,2.001233184175E-1,0.E0));
#656=VECTOR('',#655,5.571032366102E-1);
#657=CARTESIAN_POINT('',(-2.172499999999E1,-4.023932445218E1,1.5E1));
#658=LINE('',#657,#656);
#659=DIRECTION('',(-1.E0,-7.955187110019E-14,0.E0));
#660=VECTOR('',#659,9.824998438462E-1);
#661=CARTESIAN_POINT('',(-2.227083343743E1,-4.012783510377E1,1.5E1));
#662=LINE('',#661,#660);
#663=DIRECTION('',(-9.797707111494E-1,-2.001233458988E-1,0.E0));
#664=VECTOR('',#663,5.571031601089E-1);
#665=CARTESIAN_POINT('',(-2.325333328128E1,-4.012783510377E1,1.5E1));
#666=LINE('',#665,#664);
#667=DIRECTION('',(-8.906053088242E-1,-4.547770705457E-1,0.E0));
#668=VECTOR('',#667,4.903032964147E-1);
#669=CARTESIAN_POINT('',(-2.379916664064E1,-4.023932445218E1,1.5E1));
#670=LINE('',#669,#668);
#671=DIRECTION('',(-6.996248138976E-1,-7.145104056477E-1,0.E0));
#672=VECTOR('',#671,6.241440154250E-1);
#673=CARTESIAN_POINT('',(-2.423583335936E1,-4.046230314900E1,1.5E1));
#674=LINE('',#673,#672);
#675=DIRECTION('',(-4.397134905395E-1,-8.981380997584E-1,0.E0));
#676=VECTOR('',#675,4.965354367695E-1);
#677=CARTESIAN_POINT('',(-2.46725E1,-4.090826054265E1,1.5E1));
#678=LINE('',#677,#676);
#679=DIRECTION('',(-1.921827552312E-1,-9.813591537209E-1,0.E0));
#680=VECTOR('',#679,5.680357209447E-1);
#681=CARTESIAN_POINT('',(-2.489083333008E1,-4.135421793629E1,1.5E1));
#682=LINE('',#681,#680);
#683=DIRECTION('',(5.098551060038E-14,-1.E0,0.E0));
#684=VECTOR('',#683,1.672340382339E0);
#685=CARTESIAN_POINT('',(-2.5E1,-4.191166499068E1,1.5E1));
#686=LINE('',#685,#684);
#687=DIRECTION('',(1.921828589310E-1,-9.813591334130E-1,0.E0));
#688=VECTOR('',#687,5.680354144401E-1);
#689=CARTESIAN_POINT('',(-2.5E1,-4.358400537302E1,1.5E1));
#690=LINE('',#689,#688);
#691=DIRECTION('',(4.397134284369E-1,-8.981381301628E-1,0.E0));
#692=VECTOR('',#691,4.965355068828E-1);
#693=CARTESIAN_POINT('',(-2.489083333008E1,-4.414145211508E1,1.5E1));
#694=LINE('',#693,#692);
#695=DIRECTION('',(6.996247826291E-1,-7.145104362647E-1,0.E0));
#696=VECTOR('',#695,6.241440433384E-1);
#697=CARTESIAN_POINT('',(-2.467250000001E1,-4.458740958679E1,1.5E1));
#698=LINE('',#697,#696);
#699=DIRECTION('',(8.906052846351E-1,-4.547771179161E-1,0.E0));
#700=VECTOR('',#699,4.903033097427E-1);
#701=CARTESIAN_POINT('',(-2.423583335936E1,-4.503336701949E1,1.5E1));
#702=LINE('',#701,#700);
#703=DIRECTION('',(9.797707077140E-1,-2.001233627179E-1,0.E0));
#704=VECTOR('',#703,5.571031620456E-1);
#705=CARTESIAN_POINT('',(-2.379916664063E1,-4.525634574560E1,1.5E1));
#706=LINE('',#705,#704);
#707=DIRECTION('',(1.E0,2.024956718930E-13,0.E0));
#708=VECTOR('',#707,9.824998438382E-1);
#709=CARTESIAN_POINT('',(-2.325333328128E1,-4.536783510377E1,1.5E1));
#710=LINE('',#709,#708);
#711=DIRECTION('',(9.797707133277E-1,2.001233352346E-1,0.E0));
#712=VECTOR('',#711,5.571032385580E-1);
#713=CARTESIAN_POINT('',(-2.227083343744E1,-4.536783510377E1,1.5E1));
#714=LINE('',#713,#712);
#715=DIRECTION('',(8.906052187615E-1,4.547772469186E-1,0.E0));
#716=VECTOR('',#715,4.903031706522E-1);
#717=CARTESIAN_POINT('',(-2.1725E1,-4.525634574560E1,1.5E1));
#718=LINE('',#717,#716);
#719=DIRECTION('',(6.996249742312E-1,7.145102486543E-1,0.E0));
#720=VECTOR('',#719,6.241442072049E-1);
#721=CARTESIAN_POINT('',(-2.128833343744E1,-4.503336701950E1,1.5E1));
#722=LINE('',#721,#720);
#723=DIRECTION('',(2.377710992537E-1,9.713212158497E-1,0.E0));
#724=VECTOR('',#723,4.591246072515E-1);
#725=CARTESIAN_POINT('',(-2.085166656256E1,-4.458740958681E1,1.5E1));
#726=LINE('',#725,#724);
#727=DIRECTION('',(-9.797708290262E-1,-2.001227687928E-1,0.E0));
#728=VECTOR('',#727,5.571047666561E-1);
#729=CARTESIAN_POINT('',(2.892833499908E1,-4.012783510377E1,1.5E1));
#730=LINE('',#729,#728);
#731=DIRECTION('',(-8.906045842068E-1,-4.547784895857E-1,0.E0));
#732=VECTOR('',#731,4.903017665454E-1);
#733=CARTESIAN_POINT('',(2.83825E1,-4.023932445218E1,1.5E1));
#734=LINE('',#733,#732);
#735=DIRECTION('',(-6.996275602070E-1,-7.145077165425E-1,0.E0));
#736=VECTOR('',#735,6.241463644074E-1);
#737=CARTESIAN_POINT('',(2.794583499907E1,-4.046230314901E1,1.5E1));
#738=LINE('',#737,#736);
#739=DIRECTION('',(-4.397080835719E-1,-8.981407468997E-1,0.E0));
#740=VECTOR('',#739,4.965339733536E-1);
#741=CARTESIAN_POINT('',(2.750916500093E1,-4.090826054263E1,1.5E1));
#742=LINE('',#741,#740);
#743=DIRECTION('',(-1.921883980400E-1,-9.813580486544E-1,0.E0));
#744=VECTOR('',#743,5.680363605100E-1);
#745=CARTESIAN_POINT('',(2.729083499907E1,-4.135421793632E1,1.5E1));
#746=LINE('',#745,#744);
#747=DIRECTION('',(6.033285420884E-13,-1.E0,0.E0));
#748=VECTOR('',#747,1.672340382384E0);
#749=CARTESIAN_POINT('',(2.718166500092E1,-4.191166499064E1,1.5E1));
#750=LINE('',#749,#748);
#751=DIRECTION('',(1.921885017415E-1,-9.813580283456E-1,0.E0));
#752=VECTOR('',#751,5.680360540980E-1);
#753=CARTESIAN_POINT('',(2.718166500092E1,-4.358400537302E1,1.5E1));
#754=LINE('',#753,#752);
#755=DIRECTION('',(4.397080214699E-1,-8.981407773033E-1,0.E0));
#756=VECTOR('',#755,4.965340433848E-1);
#757=CARTESIAN_POINT('',(2.729083499909E1,-4.414145211510E1,1.5E1));
#758=LINE('',#757,#756);
#759=DIRECTION('',(6.996275289397E-1,-7.145077471587E-1,0.E0));
#760=VECTOR('',#759,6.241463923769E-1);
#761=CARTESIAN_POINT('',(2.750916500090E1,-4.458740958678E1,1.5E1));
#762=LINE('',#761,#760);
#763=DIRECTION('',(8.906045600170E-1,-4.547785369572E-1,0.E0));
#764=VECTOR('',#763,4.903017798393E-1);
#765=CARTESIAN_POINT('',(2.794583499910E1,-4.503336701950E1,1.5E1));
#766=LINE('',#765,#764);
#767=DIRECTION('',(9.797708255909E-1,-2.001227856116E-1,0.E0));
#768=VECTOR('',#767,5.571047686021E-1);
#769=CARTESIAN_POINT('',(2.838250000001E1,-4.525634574560E1,1.5E1));
#770=LINE('',#769,#768);
#771=DIRECTION('',(1.E0,9.763219872398E-14,0.E0));
#772=VECTOR('',#771,8.733300018395E-1);
#773=CARTESIAN_POINT('',(2.892833499908E1,-4.536783510377E1,1.5E1));
#774=LINE('',#773,#772);
#775=DIRECTION('',(9.797708255911E-1,2.001227856107E-1,0.E0));
#776=VECTOR('',#775,5.571047686120E-1);
#777=CARTESIAN_POINT('',(2.980166500092E1,-4.536783510377E1,1.5E1));
#778=LINE('',#777,#776);
#779=DIRECTION('',(8.906045600184E-1,4.547785369545E-1,0.E0));
#780=VECTOR('',#779,4.903017798401E-1);
#781=CARTESIAN_POINT('',(3.03475E1,-4.525634574560E1,1.5E1));
#782=LINE('',#781,#780);
#783=DIRECTION('',(6.996275289383E-1,7.145077471601E-1,0.E0));
#784=VECTOR('',#783,6.241463923258E-1);
#785=CARTESIAN_POINT('',(3.078416500091E1,-4.503336701950E1,1.5E1));
#786=LINE('',#785,#784);
#787=DIRECTION('',(4.397080214692E-1,8.981407773037E-1,0.E0));
#788=VECTOR('',#787,4.965340434871E-1);
#789=CARTESIAN_POINT('',(3.122083499907E1,-4.458740958682E1,1.5E1));
#790=LINE('',#789,#788);
#791=DIRECTION('',(1.921885017431E-1,9.813580283453E-1,0.E0));
#792=VECTOR('',#791,5.680360540010E-1);
#793=CARTESIAN_POINT('',(3.143916500093E1,-4.414145211504E1,1.5E1));
#794=LINE('',#793,#792);
#795=DIRECTION('',(-5.629650128657E-13,1.E0,0.E0));
#796=VECTOR('',#795,1.672340382380E0);
#797=CARTESIAN_POINT('',(3.154833499908E1,-4.358400537306E1,1.5E1));
#798=LINE('',#797,#796);
#799=DIRECTION('',(-1.921883980387E-1,9.813580486547E-1,0.E0));
#800=VECTOR('',#799,5.680363606063E-1);
#801=CARTESIAN_POINT('',(3.154833499908E1,-4.191166499068E1,1.5E1));
#802=LINE('',#801,#800);
#803=DIRECTION('',(-4.397080835722E-1,8.981407468995E-1,0.E0));
#804=VECTOR('',#803,4.965339732590E-1);
#805=CARTESIAN_POINT('',(3.143916500091E1,-4.135421793627E1,1.5E1));
#806=LINE('',#805,#804);
#807=DIRECTION('',(-6.996275602081E-1,7.145077165414E-1,0.E0));
#808=VECTOR('',#807,6.241463644781E-1);
#809=CARTESIAN_POINT('',(3.122083499910E1,-4.090826054267E1,1.5E1));
#810=LINE('',#809,#808);
#811=DIRECTION('',(-8.906045842063E-1,4.547784895867E-1,0.E0));
#812=VECTOR('',#811,4.903017665127E-1);
#813=CARTESIAN_POINT('',(3.078416500090E1,-4.046230314900E1,1.5E1));
#814=LINE('',#813,#812);
#815=DIRECTION('',(-9.797708290264E-1,2.001227687917E-1,0.E0));
#816=VECTOR('',#815,5.571047666497E-1);
#817=CARTESIAN_POINT('',(3.03475E1,-4.023932445218E1,1.5E1));
#818=LINE('',#817,#816);
#819=DIRECTION('',(-1.E0,-2.034004140059E-13,0.E0));
#820=VECTOR('',#819,8.733300018497E-1);
#821=CARTESIAN_POINT('',(2.980166500093E1,-4.012783510377E1,1.5E1));
#822=LINE('',#821,#820);
#823=DIRECTION('',(0.E0,-1.E0,0.E0));
#824=VECTOR('',#823,5.232029801025E1);
#825=CARTESIAN_POINT('',(5.E1,-1.779701989743E0,1.5E1));
#826=LINE('',#825,#824);
#827=CARTESIAN_POINT('',(4.5E1,-5.409999999999E1,1.5E1));
#828=DIRECTION('',(0.E0,0.E0,-1.E0));
#829=DIRECTION('',(1.E0,0.E0,0.E0));
#830=AXIS2_PLACEMENT_3D('',#827,#828,#829);
#832=DIRECTION('',(-1.E0,0.E0,0.E0));
#833=VECTOR('',#832,9.E1);
#834=CARTESIAN_POINT('',(4.5E1,-5.909999999999E1,1.5E1));
#835=LINE('',#834,#833);
#836=CARTESIAN_POINT('',(-4.5E1,-5.409999999999E1,1.5E1));
#837=DIRECTION('',(0.E0,0.E0,-1.E0));
#838=DIRECTION('',(0.E0,-1.E0,0.E0));
#839=AXIS2_PLACEMENT_3D('',#836,#837,#838);
#841=DIRECTION('',(5.258016244625E-13,1.426769813406E-11,-1.E0));
#842=VECTOR('',#841,5.E-1);
#843=CARTESIAN_POINT('',(2.630833499908E1,-4.414145211510E1,1.5E1));
#844=LINE('',#843,#842);
#845=DIRECTION('',(-3.908889145992E-13,1.E0,0.E0));
#846=VECTOR('',#845,1.672340382355E0);
#847=CARTESIAN_POINT('',(2.630833499908E1,-4.414145211510E1,1.45E1));
#848=LINE('',#847,#846);
#849=DIRECTION('',(-3.005595772265E-12,-4.462208380573E-12,-1.E0));
#850=VECTOR('',#849,5.E-1);
#851=CARTESIAN_POINT('',(2.619916500092E1,-4.458740958680E1,1.5E1));
#852=LINE('',#851,#850);
#853=DIRECTION('',(9.400480394106E-12,7.332801033044E-12,-1.E0));
#854=VECTOR('',#853,5.E-1);
#855=CARTESIAN_POINT('',(2.576249999999E1,-4.503336701950E1,1.5E1));
#856=LINE('',#855,#854);
#857=DIRECTION('',(-6.998845947237E-12,-2.003730514843E-12,-1.E0));
#858=VECTOR('',#857,5.E-1);
#859=CARTESIAN_POINT('',(2.532583499908E1,-4.525634574560E1,1.5E1));
#860=LINE('',#859,#858);
#861=DIRECTION('',(3.268496584496E-13,-1.563194018672E-13,-1.E0));
#862=VECTOR('',#861,5.E-1);
#863=CARTESIAN_POINT('',(2.478E1,-4.536783510377E1,1.5E1));
#864=LINE('',#863,#862);
#865=DIRECTION('',(-3.126388037344E-12,-1.278976924368E-13,-1.E0));
#866=VECTOR('',#865,5.E-1);
#867=CARTESIAN_POINT('',(2.37975E1,-4.536783510377E1,1.5E1));
#868=LINE('',#867,#866);
#869=DIRECTION('',(1.E0,6.508788419169E-14,0.E0));
#870=VECTOR('',#869,9.825000000011E-1);
#871=CARTESIAN_POINT('',(2.37975E1,-4.536783510377E1,1.45E1));
#872=LINE('',#871,#870);
#873=DIRECTION('',(-8.682832230988E-12,1.875832822407E-12,-1.E0));
#874=VECTOR('',#873,5.E-1);
#875=CARTESIAN_POINT('',(2.325166500093E1,-4.525634574560E1,1.5E1));
#876=LINE('',#875,#874);
#877=DIRECTION('',(5.819345005875E-12,-4.689582056017E-12,-1.E0));
#878=VECTOR('',#877,5.E-1);
#879=CARTESIAN_POINT('',(2.2815E1,-4.503336701949E1,1.5E1));
#880=LINE('',#879,#878);
#881=DIRECTION('',(5.520917056856E-12,-4.916955731460E-12,-1.E0));
#882=VECTOR('',#881,5.E-1);
#883=CARTESIAN_POINT('',(2.237833499908E1,-4.458740958680E1,1.5E1));
#884=LINE('',#883,#882);
#885=DIRECTION('',(3.325340003357E-12,-3.083755473199E-12,-1.E0));
#886=VECTOR('',#885,5.E-1);
#887=CARTESIAN_POINT('',(2.216E1,-4.414145211508E1,1.5E1));
#888=LINE('',#887,#886);
#889=DIRECTION('',(2.415845301584E-13,5.584865903074E-12,-1.E0));
#890=VECTOR('',#889,5.E-1);
#891=CARTESIAN_POINT('',(2.205083499908E1,-4.358400537302E1,1.5E1));
#892=LINE('',#891,#890);
#893=DIRECTION('',(2.557953848736E-13,5.258016244625E-13,-1.E0));
#894=VECTOR('',#893,5.E-1);
#895=CARTESIAN_POINT('',(2.205083499908E1,-4.191166499069E1,1.5E1));
#896=LINE('',#895,#894);
#897=DIRECTION('',(-4.291280475581E-13,-1.E0,0.E0));
#898=VECTOR('',#897,1.672340382320E0);
#899=CARTESIAN_POINT('',(2.205083499908E1,-4.191166499069E1,1.45E1));
#900=LINE('',#899,#898);
#901=DIRECTION('',(-1.421085471520E-13,-2.287947609148E-12,-1.E0));
#902=VECTOR('',#901,5.E-1);
#903=CARTESIAN_POINT('',(2.216E1,-4.135421793629E1,1.5E1));
#904=LINE('',#903,#902);
#905=DIRECTION('',(1.065814103640E-12,1.449507180951E-12,-1.E0));
#906=VECTOR('',#905,5.E-1);
#907=CARTESIAN_POINT('',(2.237833499908E1,-4.090826054265E1,1.5E1));
#908=LINE('',#907,#906);
#909=DIRECTION('',(-4.725109192805E-12,-5.456968210638E-12,-1.E0));
#910=VECTOR('',#909,5.E-1);
#911=CARTESIAN_POINT('',(2.281499999999E1,-4.046230314901E1,1.5E1));
#912=LINE('',#911,#910);
#913=DIRECTION('',(1.653432946114E-11,3.822719918389E-12,-1.E0));
#914=VECTOR('',#913,5.E-1);
#915=CARTESIAN_POINT('',(2.325166500092E1,-4.023932445218E1,1.5E1));
#916=LINE('',#915,#914);
#917=DIRECTION('',(3.694822225953E-13,8.526512829121E-14,-1.E0));
#918=VECTOR('',#917,5.E-1);
#919=CARTESIAN_POINT('',(2.37975E1,-4.012783510377E1,1.5E1));
#920=LINE('',#919,#918);
#921=DIRECTION('',(-1.595168441781E-11,7.105427357601E-14,-1.E0));
#922=VECTOR('',#921,5.E-1);
#923=CARTESIAN_POINT('',(2.478000000001E1,-4.012783510377E1,1.5E1));
#924=LINE('',#923,#922);
#925=DIRECTION('',(-1.E0,-1.735676911778E-13,0.E0));
#926=VECTOR('',#925,9.825000000015E-1);
#927=CARTESIAN_POINT('',(2.478E1,-4.012783510377E1,1.45E1));
#928=LINE('',#927,#926);
#929=DIRECTION('',(6.544098596351E-12,-3.524291969370E-12,-1.E0));
#930=VECTOR('',#929,5.E-1);
#931=CARTESIAN_POINT('',(2.532583499909E1,-4.023932445218E1,1.5E1));
#932=LINE('',#931,#930);
#933=DIRECTION('',(-1.961097950698E-12,1.634248292248E-12,-1.E0));
#934=VECTOR('',#933,5.E-1);
#935=CARTESIAN_POINT('',(2.57625E1,-4.046230314900E1,1.5E1));
#936=LINE('',#935,#934);
#937=DIRECTION('',(3.410605131648E-13,-2.643218977028E-12,-1.E0));
#938=VECTOR('',#937,5.E-1);
#939=CARTESIAN_POINT('',(2.619916500091E1,-4.090826054264E1,1.5E1));
#940=LINE('',#939,#938);
#941=DIRECTION('',(-1.342925770587E-12,-1.136868377216E-13,-1.E0));
#942=VECTOR('',#941,5.E-1);
#943=CARTESIAN_POINT('',(2.630833499908E1,-4.146570759703E1,1.5E1));
#944=LINE('',#943,#942);
#945=DIRECTION('',(1.392663762090E-12,-1.136868377216E-13,-1.E0));
#946=VECTOR('',#945,5.E-1);
#947=CARTESIAN_POINT('',(2.565333499909E1,-4.146570759703E1,1.5E1));
#948=LINE('',#947,#946);
#949=DIRECTION('',(1.E0,2.169596139757E-14,0.E0));
#950=VECTOR('',#949,6.549999999906E-1);
#951=CARTESIAN_POINT('',(2.565333499909E1,-4.146570759703E1,1.45E1));
#952=LINE('',#951,#950);
#953=DIRECTION('',(1.364242052659E-12,-3.382183422218E-12,-1.E0));
#954=VECTOR('',#953,5.E-1);
#955=CARTESIAN_POINT('',(2.554416500092E1,-4.113123923947E1,1.5E1));
#956=LINE('',#955,#954);
#957=DIRECTION('',(-1.453770437365E-11,5.528022484214E-12,-1.E0));
#958=VECTOR('',#957,5.E-1);
#959=CARTESIAN_POINT('',(2.521666500093E1,-4.090826054265E1,1.5E1));
#960=LINE('',#959,#958);
#961=DIRECTION('',(2.543742994021E-12,3.410605131648E-13,-1.E0));
#962=VECTOR('',#961,5.E-1);
#963=CARTESIAN_POINT('',(2.478E1,-4.079677119424E1,1.5E1));
#964=LINE('',#963,#962);
#965=DIRECTION('',(1.509192770754E-11,3.268496584496E-13,-1.E0));
#966=VECTOR('',#965,5.E-1);
#967=CARTESIAN_POINT('',(2.379749999999E1,-4.079677119424E1,1.5E1));
#968=LINE('',#967,#966);
#969=DIRECTION('',(1.E0,-3.037434595606E-13,0.E0));
#970=VECTOR('',#969,9.825000000031E-1);
#971=CARTESIAN_POINT('',(2.37975E1,-4.079677119424E1,1.45E1));
#972=LINE('',#971,#970);
#973=DIRECTION('',(7.247535904753E-13,-1.577404873387E-12,-1.E0));
#974=VECTOR('',#973,5.E-1);
#975=CARTESIAN_POINT('',(2.336083499908E1,-4.090826054265E1,1.5E1));
#976=LINE('',#975,#974);
#977=DIRECTION('',(-1.136868377216E-12,-2.728484105319E-12,-1.E0));
#978=VECTOR('',#977,5.E-1);
#979=CARTESIAN_POINT('',(2.303333499908E1,-4.113123923947E1,1.5E1));
#980=LINE('',#979,#978);
#981=DIRECTION('',(3.680611371237E-12,5.343281372916E-12,-1.E0));
#982=VECTOR('',#981,5.E-1);
#983=CARTESIAN_POINT('',(2.2815E1,-4.146570759703E1,1.5E1));
#984=LINE('',#983,#982);
#985=DIRECTION('',(4.405364961713E-13,-2.870592652471E-12,-1.E0));
#986=VECTOR('',#985,5.E-1);
#987=CARTESIAN_POINT('',(2.270583499908E1,-4.191166499068E1,1.5E1));
#988=LINE('',#987,#986);
#989=DIRECTION('',(4.334310688137E-13,1.861621967691E-12,-1.E0));
#990=VECTOR('',#989,5.E-1);
#991=CARTESIAN_POINT('',(2.270583499908E1,-4.358400537301E1,1.5E1));
#992=LINE('',#991,#990);
#993=DIRECTION('',(-2.315591939786E-13,1.E0,0.E0));
#994=VECTOR('',#993,1.672340382326E0);
#995=CARTESIAN_POINT('',(2.270583499908E1,-4.358400537301E1,1.45E1));
#996=LINE('',#995,#994);
#997=DIRECTION('',(-5.826450433233E-13,5.854872142663E-12,-1.E0));
#998=VECTOR('',#997,5.E-1);
#999=CARTESIAN_POINT('',(2.2815E1,-4.402996276668E1,1.5E1));
#1000=LINE('',#999,#998);
#1001=DIRECTION('',(1.300293206441E-11,-1.472244548495E-11,-1.E0));
#1002=VECTOR('',#1001,5.E-1);
#1003=CARTESIAN_POINT('',(2.303333499907E1,-4.436443081189E1,1.5E1));
#1004=LINE('',#1003,#1002);
#1005=DIRECTION('',(-1.190869625134E-11,2.927436071332E-12,-1.E0));
#1006=VECTOR('',#1005,5.E-1);
#1007=CARTESIAN_POINT('',(2.336083499910E1,-4.458740958681E1,1.5E1));
#1008=LINE('',#1007,#1006);
#1009=DIRECTION('',(-6.224354365258E-12,5.115907697473E-13,-1.E0));
#1010=VECTOR('',#1009,5.E-1);
#1011=CARTESIAN_POINT('',(2.37975E1,-4.469889893522E1,1.5E1));
#1012=LINE('',#1011,#1010);
#1013=DIRECTION('',(7.688072400924E-12,5.115907697473E-13,-1.E0));
#1014=VECTOR('',#1013,5.E-1);
#1015=CARTESIAN_POINT('',(2.477999999998E1,-4.469889893522E1,1.5E1));
#1016=LINE('',#1015,#1014);
#1017=DIRECTION('',(-1.E0,-8.316785202392E-13,0.E0));
#1018=VECTOR('',#1017,9.824999999869E-1);
#1019=CARTESIAN_POINT('',(2.477999999998E1,-4.469889893522E1,1.45E1));
#1020=LINE('',#1019,#1018);
#1021=DIRECTION('',(-1.590194642631E-11,-5.272227099340E-12,-1.E0));
#1022=VECTOR('',#1021,5.E-1);
#1023=CARTESIAN_POINT('',(2.521666500093E1,-4.458740958680E1,1.5E1));
#1024=LINE('',#1023,#1022);
#1025=DIRECTION('',(3.147704319417E-12,8.270717444248E-12,-1.E0));
#1026=VECTOR('',#1025,5.E-1);
#1027=CARTESIAN_POINT('',(2.554416500091E1,-4.436443081191E1,1.5E1));
#1028=LINE('',#1027,#1026);
#1029=DIRECTION('',(-5.684341886081E-14,4.135358722124E-12,-1.E0));
#1030=VECTOR('',#1029,5.E-1);
#1031=CARTESIAN_POINT('',(2.565333499908E1,-4.402996276666E1,1.5E1));
#1032=LINE('',#1031,#1030);
#1033=DIRECTION('',(-4.263256414561E-14,0.E0,-1.E0));
#1034=VECTOR('',#1033,5.E-1);
#1035=CARTESIAN_POINT('',(2.565333499908E1,-4.313804782321E1,1.5E1));
#1036=LINE('',#1035,#1034);
#1037=DIRECTION('',(-1.792459210604E-13,-1.E0,0.E0));
#1038=VECTOR('',#1037,8.919149434490E-1);
#1039=CARTESIAN_POINT('',(2.565333499908E1,-4.313804782321E1,1.45E1));
#1040=LINE('',#1039,#1038);
#1041=DIRECTION('',(0.E0,0.E0,-1.E0));
#1042=VECTOR('',#1041,5.E-1);
#1043=CARTESIAN_POINT('',(2.467083499908E1,-4.313804782321E1,1.5E1));
#1044=LINE('',#1043,#1042);
#1045=DIRECTION('',(1.E0,0.E0,0.E0));
#1046=VECTOR('',#1045,9.825E-1);
#1047=CARTESIAN_POINT('',(2.467083499908E1,-4.313804782321E1,1.45E1));
#1048=LINE('',#1047,#1046);
#1049=DIRECTION('',(0.E0,0.E0,-1.E0));
#1050=VECTOR('',#1049,5.E-1);
#1051=CARTESIAN_POINT('',(2.467083499908E1,-4.246911173274E1,1.5E1));
#1052=LINE('',#1051,#1050);
#1053=DIRECTION('',(0.E0,-1.E0,0.E0));
#1054=VECTOR('',#1053,6.689360904700E-1);
#1055=CARTESIAN_POINT('',(2.467083499908E1,-4.246911173274E1,1.45E1));
#1056=LINE('',#1055,#1054);
#1057=DIRECTION('',(5.115907697473E-13,-1.421085471520E-14,-1.E0));
#1058=VECTOR('',#1057,5.E-1);
#1059=CARTESIAN_POINT('',(2.630833499908E1,-4.246911173274E1,1.5E1));
#1060=LINE('',#1059,#1058);
#1061=DIRECTION('',(-1.E0,0.E0,0.E0));
#1062=VECTOR('',#1061,1.6375E0);
#1063=CARTESIAN_POINT('',(2.630833499908E1,-4.246911173274E1,1.45E1));
#1064=LINE('',#1063,#1062);
#1065=DIRECTION('',(-2.377781591436E-1,-9.713194876220E-1,0.E0));
#1066=VECTOR('',#1065,4.591254241138E-1);
#1067=CARTESIAN_POINT('',(2.630833499908E1,-4.414145211510E1,1.45E1));
#1068=LINE('',#1067,#1066);
#1069=DIRECTION('',(-6.996234413952E-1,-7.145117495538E-1,0.E0));
#1070=VECTOR('',#1069,6.241428961406E-1);
#1071=CARTESIAN_POINT('',(2.619916500092E1,-4.458740958680E1,1.45E1));
#1072=LINE('',#1071,#1070);
#1073=DIRECTION('',(-8.906045600179E-1,-4.547785369554E-1,0.E0));
#1074=VECTOR('',#1073,4.903017798500E-1);
#1075=CARTESIAN_POINT('',(2.57625E1,-4.503336701949E1,1.45E1));
#1076=LINE('',#1075,#1074);
#1077=DIRECTION('',(-9.797708255911E-1,-2.001227856103E-1,0.E0));
#1078=VECTOR('',#1077,5.571047686081E-1);
#1079=CARTESIAN_POINT('',(2.532583499908E1,-4.525634574560E1,1.45E1));
#1080=LINE('',#1079,#1078);
#1081=DIRECTION('',(-9.797708255908E-1,2.001227856119E-1,0.E0));
#1082=VECTOR('',#1081,5.571047686037E-1);
#1083=CARTESIAN_POINT('',(2.37975E1,-4.536783510377E1,1.45E1));
#1084=LINE('',#1083,#1082);
#1085=DIRECTION('',(-8.906045600180E-1,4.547785369552E-1,0.E0));
#1086=VECTOR('',#1085,4.903017798551E-1);
#1087=CARTESIAN_POINT('',(2.325166500092E1,-4.525634574560E1,1.45E1));
#1088=LINE('',#1087,#1086);
#1089=DIRECTION('',(-6.996234413962E-1,7.145117495528E-1,0.E0));
#1090=VECTOR('',#1089,6.241428961380E-1);
#1091=CARTESIAN_POINT('',(2.2815E1,-4.503336701949E1,1.45E1));
#1092=LINE('',#1091,#1090);
#1093=DIRECTION('',(-4.397161398312E-1,8.981368027043E-1,0.E0));
#1094=VECTOR('',#1093,4.965362407823E-1);
#1095=CARTESIAN_POINT('',(2.237833499908E1,-4.458740958680E1,1.45E1));
#1096=LINE('',#1095,#1094);
#1097=DIRECTION('',(-1.921800292450E-1,9.813596875557E-1,0.E0));
#1098=VECTOR('',#1097,5.680350936901E-1);
#1099=CARTESIAN_POINT('',(2.216E1,-4.414145211508E1,1.45E1));
#1100=LINE('',#1099,#1098);
#1101=DIRECTION('',(1.921799255457E-1,9.813597078631E-1,0.E0));
#1102=VECTOR('',#1101,5.680354002071E-1);
#1103=CARTESIAN_POINT('',(2.205083499908E1,-4.191166499069E1,1.45E1));
#1104=LINE('',#1103,#1102);
#1105=DIRECTION('',(4.397162019323E-1,8.981367723004E-1,0.E0));
#1106=VECTOR('',#1105,4.965361706517E-1);
#1107=CARTESIAN_POINT('',(2.216E1,-4.135421793629E1,1.45E1));
#1108=LINE('',#1107,#1106);
#1109=DIRECTION('',(6.996234726661E-1,7.145117189345E-1,0.E0));
#1110=VECTOR('',#1109,6.241428682276E-1);
#1111=CARTESIAN_POINT('',(2.237833499908E1,-4.090826054265E1,1.45E1));
#1112=LINE('',#1111,#1110);
#1113=DIRECTION('',(8.906045842081E-1,4.547784895832E-1,0.E0));
#1114=VECTOR('',#1113,4.903017665522E-1);
#1115=CARTESIAN_POINT('',(2.281499999999E1,-4.046230314901E1,1.45E1));
#1116=LINE('',#1115,#1114);
#1117=DIRECTION('',(9.797708290263E-1,2.001227687925E-1,0.E0));
#1118=VECTOR('',#1117,5.571047666478E-1);
#1119=CARTESIAN_POINT('',(2.325166500093E1,-4.023932445218E1,1.45E1));
#1120=LINE('',#1119,#1118);
#1121=DIRECTION('',(9.797708290266E-1,-2.001227687909E-1,0.E0));
#1122=VECTOR('',#1121,5.571047666672E-1);
#1123=CARTESIAN_POINT('',(2.478E1,-4.012783510377E1,1.45E1));
#1124=LINE('',#1123,#1122);
#1125=DIRECTION('',(8.906045842078E-1,-4.547784895837E-1,0.E0));
#1126=VECTOR('',#1125,4.903017665189E-1);
#1127=CARTESIAN_POINT('',(2.532583499909E1,-4.023932445218E1,1.45E1));
#1128=LINE('',#1127,#1126);
#1129=DIRECTION('',(6.996234726645E-1,-7.145117189360E-1,0.E0));
#1130=VECTOR('',#1129,6.241428682301E-1);
#1131=CARTESIAN_POINT('',(2.57625E1,-4.046230314900E1,1.45E1));
#1132=LINE('',#1131,#1130);
#1133=DIRECTION('',(1.921883980403E-1,-9.813580486544E-1,0.E0));
#1134=VECTOR('',#1133,5.680363605864E-1);
#1135=CARTESIAN_POINT('',(2.619916500091E1,-4.090826054264E1,1.45E1));
#1136=LINE('',#1135,#1134);
#1137=DIRECTION('',(-3.102883604630E-1,9.506424845131E-1,0.E0));
#1138=VECTOR('',#1137,3.518340101642E-1);
#1139=CARTESIAN_POINT('',(2.565333499909E1,-4.146570759703E1,1.45E1));
#1140=LINE('',#1139,#1138);
#1141=DIRECTION('',(-8.265992788022E-1,5.627909312380E-1,0.E0));
#1142=VECTOR('',#1141,3.962016522354E-1);
#1143=CARTESIAN_POINT('',(2.554416500092E1,-4.113123923947E1,1.45E1));
#1144=LINE('',#1143,#1142);
#1145=DIRECTION('',(-9.689174914951E-1,2.473841035207E-1,0.E0));
#1146=VECTOR('',#1145,4.506730498261E-1);
#1147=CARTESIAN_POINT('',(2.521666500092E1,-4.090826054265E1,1.45E1));
#1148=LINE('',#1147,#1146);
#1149=DIRECTION('',(-9.689174914955E-1,-2.473841035192E-1,0.E0));
#1150=VECTOR('',#1149,4.506730498237E-1);
#1151=CARTESIAN_POINT('',(2.37975E1,-4.079677119424E1,1.45E1));
#1152=LINE('',#1151,#1150);
#1153=DIRECTION('',(-8.265992788002E-1,-5.627909312410E-1,0.E0));
#1154=VECTOR('',#1153,3.962016522339E-1);
#1155=CARTESIAN_POINT('',(2.336083499908E1,-4.090826054265E1,1.45E1));
#1156=LINE('',#1155,#1154);
#1157=DIRECTION('',(-5.466251129952E-1,-8.373774452676E-1,0.E0));
#1158=VECTOR('',#1157,3.994236523223E-1);
#1159=CARTESIAN_POINT('',(2.303333499908E1,-4.113123923947E1,1.45E1));
#1160=LINE('',#1159,#1158);
#1161=DIRECTION('',(-2.377679294784E-1,-9.713219917780E-1,0.E0));
#1162=VECTOR('',#1161,4.591241600865E-1);
#1163=CARTESIAN_POINT('',(2.2815E1,-4.146570759703E1,1.45E1));
#1164=LINE('',#1163,#1162);
#1165=DIRECTION('',(2.377679294761E-1,-9.713219917785E-1,0.E0));
#1166=VECTOR('',#1165,4.591241601048E-1);
#1167=CARTESIAN_POINT('',(2.270583499908E1,-4.358400537301E1,1.45E1));
#1168=LINE('',#1167,#1166);
#1169=DIRECTION('',(5.466254709170E-1,-8.373772116226E-1,0.E0));
#1170=VECTOR('',#1169,3.994233907750E-1);
#1171=CARTESIAN_POINT('',(2.2815E1,-4.402996276667E1,1.45E1));
#1172=LINE('',#1171,#1170);
#1173=DIRECTION('',(8.265991871199E-1,-5.627910658963E-1,0.E0));
#1174=VECTOR('',#1173,3.962016961984E-1);
#1175=CARTESIAN_POINT('',(2.303333499908E1,-4.436443081190E1,1.45E1));
#1176=LINE('',#1175,#1174);
#1177=DIRECTION('',(9.689174914942E-1,-2.473841035244E-1,0.E0));
#1178=VECTOR('',#1177,4.506730498095E-1);
#1179=CARTESIAN_POINT('',(2.336083499909E1,-4.458740958681E1,1.45E1));
#1180=LINE('',#1179,#1178);
#1181=DIRECTION('',(9.689174914943E-1,2.473841035239E-1,0.E0));
#1182=VECTOR('',#1181,4.506730498429E-1);
#1183=CARTESIAN_POINT('',(2.477999999998E1,-4.469889893522E1,1.45E1));
#1184=LINE('',#1183,#1182);
#1185=DIRECTION('',(8.265991871177E-1,5.627910658995E-1,0.E0));
#1186=VECTOR('',#1185,3.962016961676E-1);
#1187=CARTESIAN_POINT('',(2.521666500092E1,-4.458740958680E1,1.45E1));
#1188=LINE('',#1187,#1186);
#1189=DIRECTION('',(3.102886223073E-1,9.506423990474E-1,0.E0));
#1190=VECTOR('',#1189,3.518337132659E-1);
#1191=CARTESIAN_POINT('',(2.554416500091E1,-4.436443081190E1,1.45E1));
#1192=LINE('',#1191,#1190);
#1193=DIRECTION('',(7.105427357601E-13,1.705302565824E-13,-1.E0));
#1194=VECTOR('',#1193,5.E-1);
#1195=CARTESIAN_POINT('',(1.85575E1,-4.012783510377E1,1.5E1));
#1196=LINE('',#1195,#1194);
#1197=DIRECTION('',(-5.314859663486E-12,1.563194018672E-13,-1.E0));
#1198=VECTOR('',#1197,5.E-1);
#1199=CARTESIAN_POINT('',(1.943083499909E1,-4.012783510377E1,1.5E1));
#1200=LINE('',#1199,#1198);
#1201=DIRECTION('',(-1.E0,-3.417107402422E-13,0.E0));
#1202=VECTOR('',#1201,8.733349990922E-1);
#1203=CARTESIAN_POINT('',(1.943083499909E1,-4.012783510377E1,1.45E1));
#1204=LINE('',#1203,#1202);
#1205=DIRECTION('',(5.904610134166E-12,-2.060573933704E-12,-1.E0));
#1206=VECTOR('',#1205,5.E-1);
#1207=CARTESIAN_POINT('',(1.997666500092E1,-4.023932445218E1,1.5E1));
#1208=LINE('',#1207,#1206);
#1209=DIRECTION('',(-2.387423592154E-12,1.918465386552E-12,-1.E0));
#1210=VECTOR('',#1209,5.E-1);
#1211=CARTESIAN_POINT('',(2.041333499908E1,-4.046230314900E1,1.5E1));
#1212=LINE('',#1211,#1210);
#1213=DIRECTION('',(-3.936406756111E-12,3.083755473199E-12,-1.E0));
#1214=VECTOR('',#1213,5.E-1);
#1215=CARTESIAN_POINT('',(2.085E1,-4.090826054265E1,1.5E1));
#1216=LINE('',#1215,#1214);
#1217=DIRECTION('',(-8.810729923425E-13,-1.421085471520E-12,-1.E0));
#1218=VECTOR('',#1217,5.E-1);
#1219=CARTESIAN_POINT('',(2.106833499908E1,-4.135421793629E1,1.5E1));
#1220=LINE('',#1219,#1218);
#1221=DIRECTION('',(-2.842170943040E-13,2.003730514843E-12,-1.E0));
#1222=VECTOR('',#1221,5.E-1);
#1223=CARTESIAN_POINT('',(2.11775E1,-4.191166499068E1,1.5E1));
#1224=LINE('',#1223,#1222);
#1225=DIRECTION('',(-2.842170943040E-13,-8.640199666843E-12,-1.E0));
#1226=VECTOR('',#1225,5.E-1);
#1227=CARTESIAN_POINT('',(2.11775E1,-4.358400537300E1,1.5E1));
#1228=LINE('',#1227,#1226);
#1229=DIRECTION('',(1.019710212013E-13,1.E0,0.E0));
#1230=VECTOR('',#1229,1.672340382330E0);
#1231=CARTESIAN_POINT('',(2.11775E1,-4.358400537301E1,1.45E1));
#1232=LINE('',#1231,#1230);
#1233=DIRECTION('',(1.541877736599E-12,3.737454790098E-12,-1.E0));
#1234=VECTOR('',#1233,5.E-1);
#1235=CARTESIAN_POINT('',(2.106833499908E1,-4.414145211508E1,1.5E1));
#1236=LINE('',#1235,#1234);
#1237=DIRECTION('',(-2.899014361901E-12,-4.490630090004E-12,-1.E0));
#1238=VECTOR('',#1237,5.E-1);
#1239=CARTESIAN_POINT('',(2.085E1,-4.458740958680E1,1.5E1));
#1240=LINE('',#1239,#1238);
#1241=DIRECTION('',(9.734435479913E-13,-2.330580173293E-12,-1.E0));
#1242=VECTOR('',#1241,5.E-1);
#1243=CARTESIAN_POINT('',(2.041333499907E1,-4.503336701950E1,1.5E1));
#1244=LINE('',#1243,#1242);
#1245=DIRECTION('',(8.085976332950E-12,5.684341886081E-13,-1.E0));
#1246=VECTOR('',#1245,5.E-1);
#1247=CARTESIAN_POINT('',(1.997666500092E1,-4.525634574560E1,1.5E1));
#1248=LINE('',#1247,#1246);
#1249=DIRECTION('',(-1.747935129970E-12,-1.705302565824E-13,-1.E0));
#1250=VECTOR('',#1249,5.E-1);
#1251=CARTESIAN_POINT('',(1.943083499908E1,-4.536783510377E1,1.5E1));
#1252=LINE('',#1251,#1250);
#1253=DIRECTION('',(-2.998490344908E-12,-1.421085471520E-13,-1.E0));
#1254=VECTOR('',#1253,5.E-1);
#1255=CARTESIAN_POINT('',(1.85575E1,-4.536783510377E1,1.5E1));
#1256=LINE('',#1255,#1254);
#1257=DIRECTION('',(1.E0,-5.695179004125E-14,0.E0));
#1258=VECTOR('',#1257,8.733349990788E-1);
#1259=CARTESIAN_POINT('',(1.85575E1,-4.536783510377E1,1.45E1));
#1260=LINE('',#1259,#1258);
#1261=DIRECTION('',(-8.682832230988E-12,1.875832822407E-12,-1.E0));
#1262=VECTOR('',#1261,5.E-1);
#1263=CARTESIAN_POINT('',(1.801166500093E1,-4.525634574560E1,1.5E1));
#1264=LINE('',#1263,#1262);
#1265=DIRECTION('',(5.805134151160E-12,-4.689582056017E-12,-1.E0));
#1266=VECTOR('',#1265,5.E-1);
#1267=CARTESIAN_POINT('',(1.7575E1,-4.503336701949E1,1.5E1));
#1268=LINE('',#1267,#1266);
#1269=DIRECTION('',(5.336175945558E-12,-4.803268893738E-12,-1.E0));
#1270=VECTOR('',#1269,5.E-1);
#1271=CARTESIAN_POINT('',(1.713833499908E1,-4.458740958680E1,1.5E1));
#1272=LINE('',#1271,#1270);
#1273=DIRECTION('',(-5.698552740796E-12,2.006572685787E-11,-1.E0));
#1274=VECTOR('',#1273,5.E-1);
#1275=CARTESIAN_POINT('',(1.692E1,-4.414145211509E1,1.5E1));
#1276=LINE('',#1275,#1274);
#1277=DIRECTION('',(-1.278976924368E-13,-3.979039320257E-12,-1.E0));
#1278=VECTOR('',#1277,5.E-1);
#1279=CARTESIAN_POINT('',(1.681083250046E1,-4.358400537302E1,1.5E1));
#1280=LINE('',#1279,#1278);
#1281=DIRECTION('',(-1.350031197944E-13,-1.089972556656E-11,-1.E0));
#1282=VECTOR('',#1281,5.E-1);
#1283=CARTESIAN_POINT('',(1.681083250046E1,-4.191166499066E1,1.5E1));
#1284=LINE('',#1283,#1282);
#1285=DIRECTION('',(3.823913295E-14,-1.E0,0.E0));
#1286=VECTOR('',#1285,1.672340382352E0);
#1287=CARTESIAN_POINT('',(1.681083250046E1,-4.191166499067E1,1.45E1));
#1288=LINE('',#1287,#1286);
#1289=DIRECTION('',(1.307398633799E-12,6.963318810449E-13,-1.E0));
#1290=VECTOR('',#1289,5.E-1);
#1291=CARTESIAN_POINT('',(1.692E1,-4.135421793629E1,1.5E1));
#1292=LINE('',#1291,#1290);
#1293=DIRECTION('',(1.058708676283E-12,1.435296326235E-12,-1.E0));
#1294=VECTOR('',#1293,5.E-1);
#1295=CARTESIAN_POINT('',(1.713833499908E1,-4.090826054265E1,1.5E1));
#1296=LINE('',#1295,#1294);
#1297=DIRECTION('',(-4.661160346586E-12,-5.442757355922E-12,-1.E0));
#1298=VECTOR('',#1297,5.E-1);
#1299=CARTESIAN_POINT('',(1.757499999999E1,-4.046230314901E1,1.5E1));
#1300=LINE('',#1299,#1298);
#1301=DIRECTION('',(1.654143488850E-11,3.836930773105E-12,-1.E0));
#1302=VECTOR('',#1301,5.E-1);
#1303=CARTESIAN_POINT('',(1.801166500092E1,-4.023932445218E1,1.5E1));
#1304=LINE('',#1303,#1302);
#1305=DIRECTION('',(9.797708290263E-1,2.001227687925E-1,0.E0));
#1306=VECTOR('',#1305,5.571047666481E-1);
#1307=CARTESIAN_POINT('',(1.801166500093E1,-4.023932445218E1,1.45E1));
#1308=LINE('',#1307,#1306);
#1309=DIRECTION('',(9.797704697792E-1,-2.001245276039E-1,0.E0));
#1310=VECTOR('',#1309,5.570998704935E-1);
#1311=CARTESIAN_POINT('',(1.943083499909E1,-4.012783510377E1,1.45E1));
#1312=LINE('',#1311,#1310);
#1313=DIRECTION('',(8.906066921641E-1,-4.547743614942E-1,0.E0));
#1314=VECTOR('',#1313,4.903062171024E-1);
#1315=CARTESIAN_POINT('',(1.997666500092E1,-4.023932445218E1,1.45E1));
#1316=LINE('',#1315,#1314);
#1317=DIRECTION('',(6.996234726644E-1,-7.145117189361E-1,0.E0));
#1318=VECTOR('',#1317,6.241428682427E-1);
#1319=CARTESIAN_POINT('',(2.041333499908E1,-4.046230314900E1,1.45E1));
#1320=LINE('',#1319,#1318);
#1321=DIRECTION('',(4.397162019354E-1,-8.981367722989E-1,0.E0));
#1322=VECTOR('',#1321,4.965361706521E-1);
#1323=CARTESIAN_POINT('',(2.085E1,-4.090826054265E1,1.45E1));
#1324=LINE('',#1323,#1322);
#1325=DIRECTION('',(1.921799255487E-1,-9.813597078626E-1,0.E0));
#1326=VECTOR('',#1325,5.680354001925E-1);
#1327=CARTESIAN_POINT('',(2.106833499908E1,-4.135421793629E1,1.45E1));
#1328=LINE('',#1327,#1326);
#1329=DIRECTION('',(-1.921800292449E-1,-9.813596875557E-1,0.E0));
#1330=VECTOR('',#1329,5.680350936985E-1);
#1331=CARTESIAN_POINT('',(2.11775E1,-4.358400537301E1,1.45E1));
#1332=LINE('',#1331,#1330);
#1333=DIRECTION('',(-4.397161398298E-1,-8.981368027050E-1,0.E0));
#1334=VECTOR('',#1333,4.965362407774E-1);
#1335=CARTESIAN_POINT('',(2.106833499908E1,-4.414145211508E1,1.45E1));
#1336=LINE('',#1335,#1334);
#1337=DIRECTION('',(-6.996234413936E-1,-7.145117495553E-1,0.E0));
#1338=VECTOR('',#1337,6.241428961571E-1);
#1339=CARTESIAN_POINT('',(2.085E1,-4.458740958680E1,1.45E1));
#1340=LINE('',#1339,#1338);
#1341=DIRECTION('',(-8.906066679761E-1,-4.547744088629E-1,0.E0));
#1342=VECTOR('',#1341,4.903062304023E-1);
#1343=CARTESIAN_POINT('',(2.041333499907E1,-4.503336701950E1,1.45E1));
#1344=LINE('',#1343,#1342);
#1345=DIRECTION('',(-9.797704663446E-1,-2.001245444189E-1,0.E0));
#1346=VECTOR('',#1345,5.570998724648E-1);
#1347=CARTESIAN_POINT('',(1.997666500092E1,-4.525634574560E1,1.45E1));
#1348=LINE('',#1347,#1346);
#1349=DIRECTION('',(-9.797708255908E-1,2.001227856119E-1,0.E0));
#1350=VECTOR('',#1349,5.571047686038E-1);
#1351=CARTESIAN_POINT('',(1.85575E1,-4.536783510377E1,1.45E1));
#1352=LINE('',#1351,#1350);
#1353=DIRECTION('',(-8.906045600180E-1,4.547785369552E-1,0.E0));
#1354=VECTOR('',#1353,4.903017798551E-1);
#1355=CARTESIAN_POINT('',(1.801166500092E1,-4.525634574560E1,1.45E1));
#1356=LINE('',#1355,#1354);
#1357=DIRECTION('',(-6.996234413961E-1,7.145117495528E-1,0.E0));
#1358=VECTOR('',#1357,6.241428961382E-1);
#1359=CARTESIAN_POINT('',(1.7575E1,-4.503336701949E1,1.45E1));
#1360=LINE('',#1359,#1358);
#1361=DIRECTION('',(-4.397161398277E-1,8.981368027060E-1,0.E0));
#1362=VECTOR('',#1361,4.965362407755E-1);
#1363=CARTESIAN_POINT('',(1.713833499908E1,-4.458740958680E1,1.45E1));
#1364=LINE('',#1363,#1362);
#1365=DIRECTION('',(-1.921842654971E-1,9.813588579594E-1,0.E0));
#1366=VECTOR('',#1365,5.680355738782E-1);
#1367=CARTESIAN_POINT('',(1.692E1,-4.414145211508E1,1.45E1));
#1368=LINE('',#1367,#1366);
#1369=DIRECTION('',(1.921841617968E-1,9.813588782675E-1,0.E0));
#1370=VECTOR('',#1369,5.680358803750E-1);
#1371=CARTESIAN_POINT('',(1.681083250046E1,-4.191166499067E1,1.45E1));
#1372=LINE('',#1371,#1370);
#1373=DIRECTION('',(4.397162019322E-1,8.981367723005E-1,0.E0));
#1374=VECTOR('',#1373,4.965361706506E-1);
#1375=CARTESIAN_POINT('',(1.692E1,-4.135421793629E1,1.45E1));
#1376=LINE('',#1375,#1374);
#1377=DIRECTION('',(6.996234726661E-1,7.145117189344E-1,0.E0));
#1378=VECTOR('',#1377,6.241428682277E-1);
#1379=CARTESIAN_POINT('',(1.713833499908E1,-4.090826054265E1,1.45E1));
#1380=LINE('',#1379,#1378);
#1381=DIRECTION('',(8.906045842080E-1,4.547784895832E-1,0.E0));
#1382=VECTOR('',#1381,4.903017665521E-1);
#1383=CARTESIAN_POINT('',(1.757499999999E1,-4.046230314901E1,1.45E1));
#1384=LINE('',#1383,#1382);
#1385=DIRECTION('',(-9.689174914959E-1,-2.473841035177E-1,0.E0));
#1386=VECTOR('',#1385,4.506730498251E-1);
#1387=CARTESIAN_POINT('',(1.85575E1,-4.079677119424E1,1.45E1));
#1388=LINE('',#1387,#1386);
#1389=DIRECTION('',(-8.265992788002E-1,-5.627909312409E-1,0.E0));
#1390=VECTOR('',#1389,3.962016522370E-1);
#1391=CARTESIAN_POINT('',(1.812083499908E1,-4.090826054265E1,1.45E1));
#1392=LINE('',#1391,#1390);
#1393=DIRECTION('',(-5.466251129957E-1,-8.373774452673E-1,0.E0));
#1394=VECTOR('',#1393,3.994236523179E-1);
#1395=CARTESIAN_POINT('',(1.779333499908E1,-4.113123923947E1,1.45E1));
#1396=LINE('',#1395,#1394);
#1397=DIRECTION('',(-2.377679294794E-1,-9.713219917777E-1,0.E0));
#1398=VECTOR('',#1397,4.591241600902E-1);
#1399=CARTESIAN_POINT('',(1.7575E1,-4.146570759703E1,1.45E1));
#1400=LINE('',#1399,#1398);
#1401=DIRECTION('',(2.377679294761E-1,-9.713219917786E-1,0.E0));
#1402=VECTOR('',#1401,4.591241600976E-1);
#1403=CARTESIAN_POINT('',(1.746583499908E1,-4.358400537301E1,1.45E1));
#1404=LINE('',#1403,#1402);
#1405=DIRECTION('',(5.466254709172E-1,-8.373772116224E-1,0.E0));
#1406=VECTOR('',#1405,3.994233907814E-1);
#1407=CARTESIAN_POINT('',(1.7575E1,-4.402996276667E1,1.45E1));
#1408=LINE('',#1407,#1406);
#1409=DIRECTION('',(8.265991871202E-1,-5.627910658959E-1,0.E0));
#1410=VECTOR('',#1409,3.962016961925E-1);
#1411=CARTESIAN_POINT('',(1.779333499908E1,-4.436443081190E1,1.45E1));
#1412=LINE('',#1411,#1410);
#1413=DIRECTION('',(9.689174914939E-1,-2.473841035254E-1,0.E0));
#1414=VECTOR('',#1413,4.506730498122E-1);
#1415=CARTESIAN_POINT('',(1.812083499909E1,-4.458740958681E1,1.45E1));
#1416=LINE('',#1415,#1414);
#1417=DIRECTION('',(9.689174914943E-1,2.473841035241E-1,0.E0));
#1418=VECTOR('',#1417,4.506730498358E-1);
#1419=CARTESIAN_POINT('',(1.943083499907E1,-4.469889893522E1,1.45E1));
#1420=LINE('',#1419,#1418);
#1421=DIRECTION('',(8.265991871188E-1,5.627910658979E-1,0.E0));
#1422=VECTOR('',#1421,3.962016961715E-1);
#1423=CARTESIAN_POINT('',(1.98675E1,-4.458740958680E1,1.45E1));
#1424=LINE('',#1423,#1422);
#1425=DIRECTION('',(5.466254709158E-1,8.373772116233E-1,0.E0));
#1426=VECTOR('',#1425,3.994233908149E-1);
#1427=CARTESIAN_POINT('',(2.019499999999E1,-4.436443081190E1,1.45E1));
#1428=LINE('',#1427,#1426);
#1429=DIRECTION('',(2.377679294802E-1,9.713219917776E-1,0.E0));
#1430=VECTOR('',#1429,4.591241600529E-1);
#1431=CARTESIAN_POINT('',(2.041333499909E1,-4.402996276665E1,1.45E1));
#1432=LINE('',#1431,#1430);
#1433=DIRECTION('',(-2.377679294753E-1,9.713219917788E-1,0.E0));
#1434=VECTOR('',#1433,4.591241600986E-1);
#1435=CARTESIAN_POINT('',(2.05225E1,-4.191166499069E1,1.45E1));
#1436=LINE('',#1435,#1434);
#1437=DIRECTION('',(-5.466251129949E-1,8.373774452679E-1,0.E0));
#1438=VECTOR('',#1437,3.994236523206E-1);
#1439=CARTESIAN_POINT('',(2.041333499908E1,-4.146570759703E1,1.45E1));
#1440=LINE('',#1439,#1438);
#1441=DIRECTION('',(-8.265992788030E-1,5.627909312368E-1,0.E0));
#1442=VECTOR('',#1441,3.962016522355E-1);
#1443=CARTESIAN_POINT('',(2.0195E1,-4.113123923947E1,1.45E1));
#1444=LINE('',#1443,#1442);
#1445=DIRECTION('',(-9.689174914953E-1,2.473841035201E-1,0.E0));
#1446=VECTOR('',#1445,4.506730498234E-1);
#1447=CARTESIAN_POINT('',(1.98675E1,-4.090826054265E1,1.45E1));
#1448=LINE('',#1447,#1446);
#1449=DIRECTION('',(2.060573933704E-13,-1.421085471520E-14,-1.E0));
#1450=VECTOR('',#1449,5.E-1);
#1451=CARTESIAN_POINT('',(1.85575E1,-4.079677119424E1,1.5E1));
#1452=LINE('',#1451,#1450);
#1453=DIRECTION('',(1.E0,-8.624128206230E-13,0.E0));
#1454=VECTOR('',#1453,8.733349990804E-1);
#1455=CARTESIAN_POINT('',(1.85575E1,-4.079677119424E1,1.45E1));
#1456=LINE('',#1455,#1454);
#1457=DIRECTION('',(1.E0,-8.542768506189E-13,0.E0));
#1458=VECTOR('',#1457,8.733349990785E-1);
#1459=CARTESIAN_POINT('',(1.85575E1,-4.079677119424E1,1.5E1));
#1460=LINE('',#1459,#1458);
#1461=DIRECTION('',(9.689174914953E-1,-2.473841035201E-1,0.E0));
#1462=VECTOR('',#1461,4.506730498266E-1);
#1463=CARTESIAN_POINT('',(1.943083499908E1,-4.079677119424E1,1.5E1));
#1464=LINE('',#1463,#1462);
#1465=DIRECTION('',(8.265992788030E-1,-5.627909312367E-1,0.E0));
#1466=VECTOR('',#1465,3.962016522359E-1);
#1467=CARTESIAN_POINT('',(1.98675E1,-4.090826054265E1,1.5E1));
#1468=LINE('',#1467,#1466);
#1469=DIRECTION('',(5.466251129949E-1,-8.373774452679E-1,0.E0));
#1470=VECTOR('',#1469,3.994236523152E-1);
#1471=CARTESIAN_POINT('',(2.0195E1,-4.113123923947E1,1.5E1));
#1472=LINE('',#1471,#1470);
#1473=DIRECTION('',(2.377679294753E-1,-9.713219917787E-1,0.E0));
#1474=VECTOR('',#1473,4.591241601044E-1);
#1475=CARTESIAN_POINT('',(2.041333499908E1,-4.146570759703E1,1.5E1));
#1476=LINE('',#1475,#1474);
#1477=DIRECTION('',(-1.805736833771E-13,-1.E0,0.E0));
#1478=VECTOR('',#1477,1.672340382332E0);
#1479=CARTESIAN_POINT('',(2.05225E1,-4.191166499069E1,1.5E1));
#1480=LINE('',#1479,#1478);
#1481=DIRECTION('',(-2.377679294802E-1,-9.713219917776E-1,0.E0));
#1482=VECTOR('',#1481,4.591241600664E-1);
#1483=CARTESIAN_POINT('',(2.05225E1,-4.358400537302E1,1.5E1));
#1484=LINE('',#1483,#1482);
#1485=DIRECTION('',(-5.466254709158E-1,-8.373772116233E-1,0.E0));
#1486=VECTOR('',#1485,3.994233908010E-1);
#1487=CARTESIAN_POINT('',(2.041333499909E1,-4.402996276665E1,1.5E1));
#1488=LINE('',#1487,#1486);
#1489=DIRECTION('',(-8.265991871188E-1,-5.627910658979E-1,0.E0));
#1490=VECTOR('',#1489,3.962016961743E-1);
#1491=CARTESIAN_POINT('',(2.019499999999E1,-4.436443081190E1,1.5E1));
#1492=LINE('',#1491,#1490);
#1493=DIRECTION('',(-9.689174914943E-1,-2.473841035241E-1,0.E0));
#1494=VECTOR('',#1493,4.506730498437E-1);
#1495=CARTESIAN_POINT('',(1.98675E1,-4.458740958680E1,1.5E1));
#1496=LINE('',#1495,#1494);
#1497=DIRECTION('',(-1.E0,-1.553970271153E-12,0.E0));
#1498=VECTOR('',#1497,8.733349990635E-1);
#1499=CARTESIAN_POINT('',(1.943083499906E1,-4.469889893522E1,1.5E1));
#1500=LINE('',#1499,#1498);
#1501=DIRECTION('',(-9.689174914939E-1,2.473841035255E-1,0.E0));
#1502=VECTOR('',#1501,4.506730498150E-1);
#1503=CARTESIAN_POINT('',(1.85575E1,-4.469889893522E1,1.5E1));
#1504=LINE('',#1503,#1502);
#1505=DIRECTION('',(-8.265991871202E-1,5.627910658959E-1,0.E0));
#1506=VECTOR('',#1505,3.962016961934E-1);
#1507=CARTESIAN_POINT('',(1.812083499909E1,-4.458740958681E1,1.5E1));
#1508=LINE('',#1507,#1506);
#1509=DIRECTION('',(-5.466254709172E-1,8.373772116224E-1,0.E0));
#1510=VECTOR('',#1509,3.994233907772E-1);
#1511=CARTESIAN_POINT('',(1.779333499908E1,-4.436443081190E1,1.5E1));
#1512=LINE('',#1511,#1510);
#1513=DIRECTION('',(-2.377679294761E-1,9.713219917786E-1,0.E0));
#1514=VECTOR('',#1513,4.591241601015E-1);
#1515=CARTESIAN_POINT('',(1.7575E1,-4.402996276667E1,1.5E1));
#1516=LINE('',#1515,#1514);
#1517=DIRECTION('',(-5.693382017074E-13,1.E0,0.E0));
#1518=VECTOR('',#1517,1.672340382330E0);
#1519=CARTESIAN_POINT('',(1.746583499908E1,-4.358400537301E1,1.5E1));
#1520=LINE('',#1519,#1518);
#1521=DIRECTION('',(2.377679294794E-1,9.713219917777E-1,0.E0));
#1522=VECTOR('',#1521,4.591241600837E-1);
#1523=CARTESIAN_POINT('',(1.746583499908E1,-4.191166499068E1,1.5E1));
#1524=LINE('',#1523,#1522);
#1525=DIRECTION('',(5.466251129958E-1,8.373774452673E-1,0.E0));
#1526=VECTOR('',#1525,3.994236523263E-1);
#1527=CARTESIAN_POINT('',(1.7575E1,-4.146570759703E1,1.5E1));
#1528=LINE('',#1527,#1526);
#1529=DIRECTION('',(8.265992788002E-1,5.627909312409E-1,0.E0));
#1530=VECTOR('',#1529,3.962016522306E-1);
#1531=CARTESIAN_POINT('',(1.779333499908E1,-4.113123923947E1,1.5E1));
#1532=LINE('',#1531,#1530);
#1533=DIRECTION('',(9.689174914959E-1,2.473841035177E-1,0.E0));
#1534=VECTOR('',#1533,4.506730498273E-1);
#1535=CARTESIAN_POINT('',(1.812083499908E1,-4.090826054265E1,1.5E1));
#1536=LINE('',#1535,#1534);
#1537=DIRECTION('',(3.879563337250E-12,1.421085471520E-14,-1.E0));
#1538=VECTOR('',#1537,5.E-1);
#1539=CARTESIAN_POINT('',(1.943083499908E1,-4.079677119424E1,1.5E1));
#1540=LINE('',#1539,#1538);
#1541=DIRECTION('',(-2.472688720445E-12,1.620037437533E-12,-1.E0));
#1542=VECTOR('',#1541,5.E-1);
#1543=CARTESIAN_POINT('',(1.98675E1,-4.090826054265E1,1.5E1));
#1544=LINE('',#1543,#1542);
#1545=DIRECTION('',(-3.126388037344E-12,2.074784788419E-12,-1.E0));
#1546=VECTOR('',#1545,5.E-1);
#1547=CARTESIAN_POINT('',(2.0195E1,-4.113123923947E1,1.5E1));
#1548=LINE('',#1547,#1546);
#1549=DIRECTION('',(2.764011242107E-12,-6.991740519879E-12,-1.E0));
#1550=VECTOR('',#1549,5.E-1);
#1551=CARTESIAN_POINT('',(2.041333499908E1,-4.146570759703E1,1.5E1));
#1552=LINE('',#1551,#1550);
#1553=DIRECTION('',(0.E0,4.305888978706E-12,-1.E0));
#1554=VECTOR('',#1553,5.E-1);
#1555=CARTESIAN_POINT('',(2.05225E1,-4.191166499069E1,1.5E1));
#1556=LINE('',#1555,#1554);
#1557=DIRECTION('',(-1.784492871013E-13,-1.E0,0.E0));
#1558=VECTOR('',#1557,1.672340382339E0);
#1559=CARTESIAN_POINT('',(2.05225E1,-4.191166499069E1,1.45E1));
#1560=LINE('',#1559,#1558);
#1561=DIRECTION('',(0.E0,-9.933387445926E-12,-1.E0));
#1562=VECTOR('',#1561,5.E-1);
#1563=CARTESIAN_POINT('',(2.05225E1,-4.358400537302E1,1.5E1));
#1564=LINE('',#1563,#1562);
#1565=DIRECTION('',(6.430411758629E-12,1.621458523005E-11,-1.E0));
#1566=VECTOR('',#1565,5.E-1);
#1567=CARTESIAN_POINT('',(2.041333499909E1,-4.402996276665E1,1.5E1));
#1568=LINE('',#1567,#1566);
#1569=DIRECTION('',(-8.760991931922E-12,-7.105427357601E-12,-1.E0));
#1570=VECTOR('',#1569,5.E-1);
#1571=CARTESIAN_POINT('',(2.019499999999E1,-4.436443081190E1,1.5E1));
#1572=LINE('',#1571,#1570);
#1573=DIRECTION('',(-4.135358722124E-12,-3.964828465541E-12,-1.E0));
#1574=VECTOR('',#1573,5.E-1);
#1575=CARTESIAN_POINT('',(1.98675E1,-4.458740958680E1,1.5E1));
#1576=LINE('',#1575,#1574);
#1577=DIRECTION('',(1.131184035330E-11,0.E0,-1.E0));
#1578=VECTOR('',#1577,5.E-1);
#1579=CARTESIAN_POINT('',(1.943083499906E1,-4.469889893522E1,1.5E1));
#1580=LINE('',#1579,#1578);
#1581=DIRECTION('',(-1.E0,-1.553970271139E-12,0.E0));
#1582=VECTOR('',#1581,8.733349990712E-1);
#1583=CARTESIAN_POINT('',(1.943083499907E1,-4.469889893522E1,1.45E1));
#1584=LINE('',#1583,#1582);
#1585=DIRECTION('',(-4.213518423057E-12,0.E0,-1.E0));
#1586=VECTOR('',#1585,5.E-1);
#1587=CARTESIAN_POINT('',(1.85575E1,-4.469889893522E1,1.5E1));
#1588=LINE('',#1587,#1586);
#1589=DIRECTION('',(1.065814103640E-12,-1.364242052659E-12,-1.E0));
#1590=VECTOR('',#1589,5.E-1);
#1591=CARTESIAN_POINT('',(1.812083499909E1,-4.458740958681E1,1.5E1));
#1592=LINE('',#1591,#1590);
#1593=DIRECTION('',(2.700062395888E-12,-2.458477865730E-12,-1.E0));
#1594=VECTOR('',#1593,5.E-1);
#1595=CARTESIAN_POINT('',(1.779333499908E1,-4.436443081190E1,1.5E1));
#1596=LINE('',#1595,#1594);
#1597=DIRECTION('',(-1.875832822407E-12,4.533262654149E-12,-1.E0));
#1598=VECTOR('',#1597,5.E-1);
#1599=CARTESIAN_POINT('',(1.7575E1,-4.402996276667E1,1.5E1));
#1600=LINE('',#1599,#1598);
#1601=DIRECTION('',(0.E0,-3.154809746775E-12,-1.E0));
#1602=VECTOR('',#1601,5.E-1);
#1603=CARTESIAN_POINT('',(1.746583499908E1,-4.358400537301E1,1.5E1));
#1604=LINE('',#1603,#1602);
#1605=DIRECTION('',(-5.693382017076E-13,1.E0,0.E0));
#1606=VECTOR('',#1605,1.672340382330E0);
#1607=CARTESIAN_POINT('',(1.746583499908E1,-4.358400537301E1,1.45E1));
#1608=LINE('',#1607,#1606);
#1609=DIRECTION('',(0.E0,-4.618527782441E-12,-1.E0));
#1610=VECTOR('',#1609,5.E-1);
#1611=CARTESIAN_POINT('',(1.746583499908E1,-4.191166499068E1,1.5E1));
#1612=LINE('',#1611,#1610);
#1613=DIRECTION('',(3.105071755272E-12,8.014922059374E-12,-1.E0));
#1614=VECTOR('',#1613,5.E-1);
#1615=CARTESIAN_POINT('',(1.7575E1,-4.146570759703E1,1.5E1));
#1616=LINE('',#1615,#1614);
#1617=DIRECTION('',(-6.139089236967E-12,-6.139089236967E-12,-1.E0));
#1618=VECTOR('',#1617,5.E-1);
#1619=CARTESIAN_POINT('',(1.779333499908E1,-4.113123923947E1,1.5E1));
#1620=LINE('',#1619,#1618);
#1621=DIRECTION('',(4.440892098501E-12,1.080024958355E-12,-1.E0));
#1622=VECTOR('',#1621,5.E-1);
#1623=CARTESIAN_POINT('',(1.812083499908E1,-4.090826054265E1,1.5E1));
#1624=LINE('',#1623,#1622);
#1625=DIRECTION('',(-1.776356839400E-14,-2.842170943040E-14,-1.E0));
#1626=VECTOR('',#1625,5.E-1);
#1627=CARTESIAN_POINT('',(1.222583250046E1,-4.536783510377E1,1.5E1));
#1628=LINE('',#1627,#1626);
#1629=DIRECTION('',(-1.748740760469E-14,1.E0,0.E0));
#1630=VECTOR('',#1629,4.571063909529E0);
#1631=CARTESIAN_POINT('',(1.222583250046E1,-4.536783510377E1,1.45E1));
#1632=LINE('',#1631,#1630);
#1633=DIRECTION('',(0.E0,-2.842170943040E-14,-1.E0));
#1634=VECTOR('',#1633,5.E-1);
#1635=CARTESIAN_POINT('',(1.157083250046E1,-4.536783510377E1,1.5E1));
#1636=LINE('',#1635,#1634);
#1637=DIRECTION('',(1.E0,0.E0,0.E0));
#1638=VECTOR('',#1637,6.55E-1);
#1639=CARTESIAN_POINT('',(1.157083250046E1,-4.536783510377E1,1.45E1));
#1640=LINE('',#1639,#1638);
#1641=DIRECTION('',(0.E0,1.136868377216E-13,-1.E0));
#1642=VECTOR('',#1641,5.E-1);
#1643=CARTESIAN_POINT('',(1.157083250046E1,-4.012783510377E1,1.5E1));
#1644=LINE('',#1643,#1642);
#1645=DIRECTION('',(0.E0,-1.E0,0.E0));
#1646=VECTOR('',#1645,5.24E0);
#1647=CARTESIAN_POINT('',(1.157083250046E1,-4.012783510377E1,1.45E1));
#1648=LINE('',#1647,#1646);
#1649=DIRECTION('',(-1.513456027169E-12,1.136868377216E-13,-1.E0));
#1650=VECTOR('',#1649,5.E-1);
#1651=CARTESIAN_POINT('',(1.255333250046E1,-4.012783510377E1,1.5E1));
#1652=LINE('',#1651,#1650);
#1653=DIRECTION('',(-1.E0,-1.591037169131E-13,0.E0));
#1654=VECTOR('',#1653,9.825000000009E-1);
#1655=CARTESIAN_POINT('',(1.255333250046E1,-4.012783510377E1,1.45E1));
#1656=LINE('',#1655,#1654);
#1657=DIRECTION('',(-1.421085471520E-14,-1.392663762090E-12,-1.E0));
#1658=VECTOR('',#1657,5.E-1);
#1659=CARTESIAN_POINT('',(1.52825E1,-4.458740958680E1,1.5E1));
#1660=LINE('',#1659,#1658);
#1661=DIRECTION('',(-1.776356839400E-14,0.E0,-1.E0));
#1662=VECTOR('',#1661,5.E-1);
#1663=CARTESIAN_POINT('',(1.52825E1,-4.012783510377E1,1.5E1));
#1664=LINE('',#1663,#1662);
#1665=DIRECTION('',(-1.593297159771E-14,-1.E0,0.E0));
#1666=VECTOR('',#1665,4.459574483030E0);
#1667=CARTESIAN_POINT('',(1.52825E1,-4.012783510377E1,1.45E1));
#1668=LINE('',#1667,#1666);
#1669=DIRECTION('',(0.E0,0.E0,-1.E0));
#1670=VECTOR('',#1669,5.E-1);
#1671=CARTESIAN_POINT('',(1.59375E1,-4.012783510377E1,1.5E1));
#1672=LINE('',#1671,#1670);
#1673=DIRECTION('',(-1.E0,0.E0,0.E0));
#1674=VECTOR('',#1673,6.55E-1);
#1675=CARTESIAN_POINT('',(1.59375E1,-4.012783510377E1,1.45E1));
#1676=LINE('',#1675,#1674);
#1677=DIRECTION('',(0.E0,1.136868377216E-13,-1.E0));
#1678=VECTOR('',#1677,5.E-1);
#1679=CARTESIAN_POINT('',(1.59375E1,-4.536783510377E1,1.5E1));
#1680=LINE('',#1679,#1678);
#1681=DIRECTION('',(0.E0,1.E0,0.E0));
#1682=VECTOR('',#1681,5.24E0);
#1683=CARTESIAN_POINT('',(1.59375E1,-4.536783510377E1,1.45E1));
#1684=LINE('',#1683,#1682);
#1685=DIRECTION('',(-1.417532757841E-12,1.136868377216E-13,-1.E0));
#1686=VECTOR('',#1685,5.E-1);
#1687=CARTESIAN_POINT('',(1.4955E1,-4.536783510377E1,1.5E1));
#1688=LINE('',#1687,#1686);
#1689=DIRECTION('',(1.E0,-1.446397426485E-13,0.E0));
#1690=VECTOR('',#1689,9.824999999992E-1);
#1691=CARTESIAN_POINT('',(1.4955E1,-4.536783510377E1,1.45E1));
#1692=LINE('',#1691,#1690);
#1693=DIRECTION('',(-2.486899575160E-14,-1.648459146963E-12,-1.E0));
#1694=VECTOR('',#1693,5.E-1);
#1695=CARTESIAN_POINT('',(1.222583250046E1,-4.079677119424E1,1.5E1));
#1696=LINE('',#1695,#1694);
#1697=DIRECTION('',(5.219891049801E-1,-8.529521523990E-1,0.E0));
#1698=VECTOR('',#1697,5.228399354510E0);
#1699=CARTESIAN_POINT('',(1.255333250046E1,-4.012783510377E1,1.45E1));
#1700=LINE('',#1699,#1698);
#1701=DIRECTION('',(-5.126340292452E-1,8.586072164033E-1,0.E0));
#1702=VECTOR('',#1701,5.323812591137E0);
#1703=CARTESIAN_POINT('',(1.4955E1,-4.536783510377E1,1.45E1));
#1704=LINE('',#1703,#1702);
#1705=DIRECTION('',(6.679101716145E-13,1.705302565824E-13,-1.E0));
#1706=VECTOR('',#1705,5.E-1);
#1707=CARTESIAN_POINT('',(-1.81225E1,-4.012783510377E1,1.5E1));
#1708=LINE('',#1707,#1706);
#1709=DIRECTION('',(-5.279332526698E-12,1.563194018672E-13,-1.E0));
#1710=VECTOR('',#1709,5.E-1);
#1711=CARTESIAN_POINT('',(-1.724916687488E1,-4.012783510377E1,1.5E1));
#1712=LINE('',#1711,#1710);
#1713=DIRECTION('',(-1.E0,-3.417114734741E-13,0.E0));
#1714=VECTOR('',#1713,8.733331251222E-1);
#1715=CARTESIAN_POINT('',(-1.724916687488E1,-4.012783510377E1,1.45E1));
#1716=LINE('',#1715,#1714);
#1717=DIRECTION('',(5.876188424736E-12,-2.060573933704E-12,-1.E0));
#1718=VECTOR('',#1717,5.E-1);
#1719=CARTESIAN_POINT('',(-1.670333312511E1,-4.023932445218E1,1.5E1));
#1720=LINE('',#1719,#1718);
#1721=DIRECTION('',(-2.373212737439E-12,1.904254531837E-12,-1.E0));
#1722=VECTOR('',#1721,5.E-1);
#1723=CARTESIAN_POINT('',(-1.626666687489E1,-4.046230314900E1,1.5E1));
#1724=LINE('',#1723,#1722);
#1725=DIRECTION('',(-4.039435452796E-12,3.240074875066E-12,-1.E0));
#1726=VECTOR('',#1725,5.E-1);
#1727=CARTESIAN_POINT('',(-1.583E1,-4.090826054265E1,1.5E1));
#1728=LINE('',#1727,#1726);
#1729=DIRECTION('',(-8.419931418757E-13,-1.548983163957E-12,-1.E0));
#1730=VECTOR('',#1729,5.E-1);
#1731=CARTESIAN_POINT('',(-1.561166687489E1,-4.135421793629E1,1.5E1));
#1732=LINE('',#1731,#1730);
#1733=DIRECTION('',(-2.735589532676E-13,1.989519660128E-12,-1.E0));
#1734=VECTOR('',#1733,5.E-1);
#1735=CARTESIAN_POINT('',(-1.55025E1,-4.191166499068E1,1.5E1));
#1736=LINE('',#1735,#1734);
#1737=DIRECTION('',(-2.735589532676E-13,-8.313350008393E-12,-1.E0));
#1738=VECTOR('',#1737,5.E-1);
#1739=CARTESIAN_POINT('',(-1.55025E1,-4.358400537300E1,1.5E1));
#1740=LINE('',#1739,#1738);
#1741=DIRECTION('',(9.772222865128E-14,1.E0,0.E0));
#1742=VECTOR('',#1741,1.672340382330E0);
#1743=CARTESIAN_POINT('',(-1.55025E1,-4.358400537301E1,1.45E1));
#1744=LINE('',#1743,#1742);
#1745=DIRECTION('',(1.438849039914E-12,3.467448550509E-12,-1.E0));
#1746=VECTOR('',#1745,5.E-1);
#1747=CARTESIAN_POINT('',(-1.561166687489E1,-4.414145211508E1,1.5E1));
#1748=LINE('',#1747,#1746);
#1749=DIRECTION('',(-2.870592652471E-12,-4.462208380573E-12,-1.E0));
#1750=VECTOR('',#1749,5.E-1);
#1751=CARTESIAN_POINT('',(-1.583E1,-4.458740958680E1,1.5E1));
#1752=LINE('',#1751,#1750);
#1753=DIRECTION('',(1.072919530998E-12,-2.259525899717E-12,-1.E0));
#1754=VECTOR('',#1753,5.E-1);
#1755=CARTESIAN_POINT('',(-1.626666687490E1,-4.503336701950E1,1.5E1));
#1756=LINE('',#1755,#1754);
#1757=DIRECTION('',(8.171241461241E-12,5.826450433233E-13,-1.E0));
#1758=VECTOR('',#1757,5.E-1);
#1759=CARTESIAN_POINT('',(-1.670333312511E1,-4.525634574560E1,1.5E1));
#1760=LINE('',#1759,#1758);
#1761=DIRECTION('',(-1.811883976188E-12,-1.847411112976E-13,-1.E0));
#1762=VECTOR('',#1761,5.E-1);
#1763=CARTESIAN_POINT('',(-1.724916687489E1,-4.536783510377E1,1.5E1));
#1764=LINE('',#1763,#1762);
#1765=DIRECTION('',(-2.806643806252E-12,-1.705302565824E-13,-1.E0));
#1766=VECTOR('',#1765,5.E-1);
#1767=CARTESIAN_POINT('',(-1.81225E1,-4.536783510377E1,1.5E1));
#1768=LINE('',#1767,#1766);
#1769=DIRECTION('',(1.E0,-4.067993731897E-14,0.E0));
#1770=VECTOR('',#1769,8.733331251088E-1);
#1771=CARTESIAN_POINT('',(-1.81225E1,-4.536783510377E1,1.45E1));
#1772=LINE('',#1771,#1770);
#1773=DIRECTION('',(-8.839151632856E-12,1.932676241267E-12,-1.E0));
#1774=VECTOR('',#1773,5.E-1);
#1775=CARTESIAN_POINT('',(-1.866833312510E1,-4.525634574560E1,1.5E1));
#1776=LINE('',#1775,#1774);
#1777=DIRECTION('',(5.833555860590E-12,-4.732214620162E-12,-1.E0));
#1778=VECTOR('',#1777,5.E-1);
#1779=CARTESIAN_POINT('',(-1.9105E1,-4.503336701949E1,1.5E1));
#1780=LINE('',#1779,#1778);
#1781=DIRECTION('',(-7.695177828282E-12,8.540723683836E-12,-1.E0));
#1782=VECTOR('',#1781,5.E-1);
#1783=CARTESIAN_POINT('',(-1.954166687489E1,-4.458740958680E1,1.5E1));
#1784=LINE('',#1783,#1782);
#1785=DIRECTION('',(5.478284492710E-12,-1.989519660128E-11,-1.E0));
#1786=VECTOR('',#1785,5.E-1);
#1787=CARTESIAN_POINT('',(-1.976E1,-4.414145211507E1,1.5E1));
#1788=LINE('',#1787,#1786);
#1789=DIRECTION('',(2.842170943040E-13,2.657429831743E-12,-1.E0));
#1790=VECTOR('',#1789,5.E-1);
#1791=CARTESIAN_POINT('',(-1.986916656256E1,-4.358400537302E1,1.5E1));
#1792=LINE('',#1791,#1790);
#1793=DIRECTION('',(2.700062395888E-13,1.691091711109E-12,-1.E0));
#1794=VECTOR('',#1793,5.E-1);
#1795=CARTESIAN_POINT('',(-1.986916656256E1,-4.191166499068E1,1.5E1));
#1796=LINE('',#1795,#1794);
#1797=DIRECTION('',(-1.189661914011E-13,-1.E0,0.E0));
#1798=VECTOR('',#1797,1.672340382337E0);
#1799=CARTESIAN_POINT('',(-1.986916656256E1,-4.191166499068E1,1.45E1));
#1800=LINE('',#1799,#1798);
#1801=DIRECTION('',(-3.268496584496E-13,-2.600586412882E-12,-1.E0));
#1802=VECTOR('',#1801,5.E-1);
#1803=CARTESIAN_POINT('',(-1.976E1,-4.135421793629E1,1.5E1));
#1804=LINE('',#1803,#1802);
#1805=DIRECTION('',(9.379164112033E-13,1.335820343229E-12,-1.E0));
#1806=VECTOR('',#1805,5.E-1);
#1807=CARTESIAN_POINT('',(-1.954166687489E1,-4.090826054265E1,1.5E1));
#1808=LINE('',#1807,#1806);
#1809=DIRECTION('',(-4.682476628659E-12,-5.471179065353E-12,-1.E0));
#1810=VECTOR('',#1809,5.E-1);
#1811=CARTESIAN_POINT('',(-1.910500000001E1,-4.046230314901E1,1.5E1));
#1812=LINE('',#1811,#1810);
#1813=DIRECTION('',(1.657696202528E-11,3.822719918389E-12,-1.E0));
#1814=VECTOR('',#1813,5.E-1);
#1815=CARTESIAN_POINT('',(-1.866833312511E1,-4.023932445218E1,1.5E1));
#1816=LINE('',#1815,#1814);
#1817=DIRECTION('',(9.797706943097E-1,2.001234283432E-1,0.E0));
#1818=VECTOR('',#1817,5.571029305871E-1);
#1819=CARTESIAN_POINT('',(-1.866833312510E1,-4.023932445218E1,1.45E1));
#1820=LINE('',#1819,#1818);
#1821=DIRECTION('',(9.797707392154E-1,-2.001232084926E-1,0.E0));
#1822=VECTOR('',#1821,5.571035426150E-1);
#1823=CARTESIAN_POINT('',(-1.724916687488E1,-4.012783510377E1,1.45E1));
#1824=LINE('',#1823,#1822);
#1825=DIRECTION('',(8.906051112015E-1,-4.547774575568E-1,0.E0));
#1826=VECTOR('',#1825,4.903028791649E-1);
#1827=CARTESIAN_POINT('',(-1.670333312511E1,-4.023932445218E1,1.45E1));
#1828=LINE('',#1827,#1826);
#1829=DIRECTION('',(6.996250055014E-1,-7.145102180355E-1,0.E0));
#1830=VECTOR('',#1829,6.241441793175E-1);
#1831=CARTESIAN_POINT('',(-1.626666687489E1,-4.046230314900E1,1.45E1));
#1832=LINE('',#1831,#1830);
#1833=DIRECTION('',(4.397131575629E-1,-8.981382627781E-1,0.E0));
#1834=VECTOR('',#1833,4.965353466400E-1);
#1835=CARTESIAN_POINT('',(-1.583E1,-4.090826054265E1,1.45E1));
#1836=LINE('',#1835,#1834);
#1837=DIRECTION('',(1.921831027393E-1,-9.813590856672E-1,0.E0));
#1838=VECTOR('',#1837,5.680357603349E-1);
#1839=CARTESIAN_POINT('',(-1.561166687489E1,-4.135421793629E1,1.45E1));
#1840=LINE('',#1839,#1838);
#1841=DIRECTION('',(-1.921832064371E-1,-9.813590653596E-1,0.E0));
#1842=VECTOR('',#1841,5.680354538409E-1);
#1843=CARTESIAN_POINT('',(-1.55025E1,-4.358400537301E1,1.45E1));
#1844=LINE('',#1843,#1842);
#1845=DIRECTION('',(-4.397130954575E-1,-8.981382931838E-1,0.E0));
#1846=VECTOR('',#1845,4.965354167654E-1);
#1847=CARTESIAN_POINT('',(-1.561166687489E1,-4.414145211508E1,1.45E1));
#1848=LINE('',#1847,#1846);
#1849=DIRECTION('',(-6.996249742307E-1,-7.145102486548E-1,0.E0));
#1850=VECTOR('',#1849,6.241442072319E-1);
#1851=CARTESIAN_POINT('',(-1.583E1,-4.458740958680E1,1.45E1));
#1852=LINE('',#1851,#1850);
#1853=DIRECTION('',(-8.906050870131E-1,-4.547775049256E-1,0.E0));
#1854=VECTOR('',#1853,4.903028924649E-1);
#1855=CARTESIAN_POINT('',(-1.626666687490E1,-4.503336701950E1,1.45E1));
#1856=LINE('',#1855,#1854);
#1857=DIRECTION('',(-9.797707357808E-1,-2.001232253075E-1,0.E0));
#1858=VECTOR('',#1857,5.571035445862E-1);
#1859=CARTESIAN_POINT('',(-1.670333312511E1,-4.525634574560E1,1.45E1));
#1860=LINE('',#1859,#1858);
#1861=DIRECTION('',(-9.797706908743E-1,2.001234451627E-1,0.E0));
#1862=VECTOR('',#1861,5.571029325427E-1);
#1863=CARTESIAN_POINT('',(-1.81225E1,-4.536783510377E1,1.45E1));
#1864=LINE('',#1863,#1862);
#1865=DIRECTION('',(-8.906053505089E-1,4.547769889131E-1,0.E0));
#1866=VECTOR('',#1865,4.903034488220E-1);
#1867=CARTESIAN_POINT('',(-1.866833312511E1,-4.525634574560E1,1.45E1));
#1868=LINE('',#1867,#1866);
#1869=DIRECTION('',(-6.996249742332E-1,7.145102486523E-1,0.E0));
#1870=VECTOR('',#1869,6.241442072129E-1);
#1871=CARTESIAN_POINT('',(-1.9105E1,-4.503336701949E1,1.45E1));
#1872=LINE('',#1871,#1870);
#1873=DIRECTION('',(-4.397130954581E-1,8.981382931835E-1,0.E0));
#1874=VECTOR('',#1873,4.965354167685E-1);
#1875=CARTESIAN_POINT('',(-1.954166687489E1,-4.458740958680E1,1.45E1));
#1876=LINE('',#1875,#1874);
#1877=DIRECTION('',(-1.921826769057E-1,9.813591690596E-1,0.E0));
#1878=VECTOR('',#1877,5.680353938024E-1);
#1879=CARTESIAN_POINT('',(-1.976E1,-4.414145211508E1,1.45E1));
#1880=LINE('',#1879,#1878);
#1881=DIRECTION('',(1.921825732051E-1,9.813591893676E-1,0.E0));
#1882=VECTOR('',#1881,5.680357003158E-1);
#1883=CARTESIAN_POINT('',(-1.986916656256E1,-4.191166499068E1,1.45E1));
#1884=LINE('',#1883,#1882);
#1885=DIRECTION('',(4.397131575599E-1,8.981382627796E-1,0.E0));
#1886=VECTOR('',#1885,4.965353466395E-1);
#1887=CARTESIAN_POINT('',(-1.976E1,-4.135421793629E1,1.45E1));
#1888=LINE('',#1887,#1886);
#1889=DIRECTION('',(6.996250055030E-1,7.145102180339E-1,0.E0));
#1890=VECTOR('',#1889,6.241441793026E-1);
#1891=CARTESIAN_POINT('',(-1.954166687489E1,-4.090826054265E1,1.45E1));
#1892=LINE('',#1891,#1890);
#1893=DIRECTION('',(8.906053746988E-1,4.547769415413E-1,0.E0));
#1894=VECTOR('',#1893,4.903034355191E-1);
#1895=CARTESIAN_POINT('',(-1.910500000001E1,-4.046230314901E1,1.45E1));
#1896=LINE('',#1895,#1894);
#1897=DIRECTION('',(-9.689177459691E-1,-2.473831068326E-1,0.E0));
#1898=VECTOR('',#1897,4.506748655476E-1);
#1899=CARTESIAN_POINT('',(-1.81225E1,-4.079677119424E1,1.45E1));
#1900=LINE('',#1899,#1898);
#1901=DIRECTION('',(-8.265992788002E-1,-5.627909312409E-1,0.E0));
#1902=VECTOR('',#1901,3.962016522370E-1);
#1903=CARTESIAN_POINT('',(-1.855916687489E1,-4.090826054265E1,1.45E1));
#1904=LINE('',#1903,#1902);
#1905=DIRECTION('',(-5.466218231688E-1,-8.373795927986E-1,0.E0));
#1906=VECTOR('',#1905,3.994226279619E-1);
#1907=CARTESIAN_POINT('',(-1.888666687489E1,-4.113123923947E1,1.45E1));
#1908=LINE('',#1907,#1906);
#1909=DIRECTION('',(-2.377717803444E-1,-9.713210491243E-1,0.E0));
#1910=VECTOR('',#1909,4.591246056638E-1);
#1911=CARTESIAN_POINT('',(-1.9105E1,-4.146570759703E1,1.45E1));
#1912=LINE('',#1911,#1910);
#1913=DIRECTION('',(2.377717803412E-1,-9.713210491251E-1,0.E0));
#1914=VECTOR('',#1913,4.591246056712E-1);
#1915=CARTESIAN_POINT('',(-1.921416687489E1,-4.358400537301E1,1.45E1));
#1916=LINE('',#1915,#1914);
#1917=DIRECTION('',(5.466221810900E-1,-8.373793591559E-1,0.E0));
#1918=VECTOR('',#1917,3.994223664247E-1);
#1919=CARTESIAN_POINT('',(-1.9105E1,-4.402996276667E1,1.45E1));
#1920=LINE('',#1919,#1918);
#1921=DIRECTION('',(8.265991871201E-1,-5.627910658960E-1,0.E0));
#1922=VECTOR('',#1921,3.962016961925E-1);
#1923=CARTESIAN_POINT('',(-1.888666687489E1,-4.436443081190E1,1.45E1));
#1924=LINE('',#1923,#1922);
#1925=DIRECTION('',(9.689177459671E-1,-2.473831068404E-1,0.E0));
#1926=VECTOR('',#1925,4.506748655348E-1);
#1927=CARTESIAN_POINT('',(-1.855916687488E1,-4.458740958681E1,1.45E1));
#1928=LINE('',#1927,#1926);
#1929=DIRECTION('',(9.689177459675E-1,2.473831068390E-1,0.E0));
#1930=VECTOR('',#1929,4.506748655583E-1);
#1931=CARTESIAN_POINT('',(-1.724916687490E1,-4.469889893522E1,1.45E1));
#1932=LINE('',#1931,#1930);
#1933=DIRECTION('',(8.265991871188E-1,5.627910658979E-1,0.E0));
#1934=VECTOR('',#1933,3.962016961715E-1);
#1935=CARTESIAN_POINT('',(-1.68125E1,-4.458740958680E1,1.45E1));
#1936=LINE('',#1935,#1934);
#1937=DIRECTION('',(5.466221810886E-1,8.373793591569E-1,0.E0));
#1938=VECTOR('',#1937,3.994223664583E-1);
#1939=CARTESIAN_POINT('',(-1.648500000001E1,-4.436443081190E1,1.45E1));
#1940=LINE('',#1939,#1938);
#1941=DIRECTION('',(2.377717803452E-1,9.713210491241E-1,0.E0));
#1942=VECTOR('',#1941,4.591246056265E-1);
#1943=CARTESIAN_POINT('',(-1.626666687488E1,-4.402996276665E1,1.45E1));
#1944=LINE('',#1943,#1942);
#1945=DIRECTION('',(-2.377717803404E-1,9.713210491253E-1,0.E0));
#1946=VECTOR('',#1945,4.591246056722E-1);
#1947=CARTESIAN_POINT('',(-1.61575E1,-4.191166499069E1,1.45E1));
#1948=LINE('',#1947,#1946);
#1949=DIRECTION('',(-5.466218231680E-1,8.373795927991E-1,0.E0));
#1950=VECTOR('',#1949,3.994226279646E-1);
#1951=CARTESIAN_POINT('',(-1.626666687489E1,-4.146570759703E1,1.45E1));
#1952=LINE('',#1951,#1950);
#1953=DIRECTION('',(-8.265992788030E-1,5.627909312368E-1,0.E0));
#1954=VECTOR('',#1953,3.962016522354E-1);
#1955=CARTESIAN_POINT('',(-1.6485E1,-4.113123923947E1,1.45E1));
#1956=LINE('',#1955,#1954);
#1957=DIRECTION('',(-9.689177459685E-1,2.473831068350E-1,0.E0));
#1958=VECTOR('',#1957,4.506748655460E-1);
#1959=CARTESIAN_POINT('',(-1.68125E1,-4.090826054265E1,1.45E1));
#1960=LINE('',#1959,#1958);
#1961=DIRECTION('',(1.421085471520E-13,0.E0,-1.E0));
#1962=VECTOR('',#1961,5.E-1);
#1963=CARTESIAN_POINT('',(-1.81225E1,-4.079677119424E1,1.5E1));
#1964=LINE('',#1963,#1962);
#1965=DIRECTION('',(1.E0,-8.461426962331E-13,0.E0));
#1966=VECTOR('',#1965,8.733331251103E-1);
#1967=CARTESIAN_POINT('',(-1.81225E1,-4.079677119424E1,1.45E1));
#1968=LINE('',#1967,#1966);
#1969=DIRECTION('',(1.E0,-8.542786836986E-13,0.E0));
#1970=VECTOR('',#1969,8.733331251085E-1);
#1971=CARTESIAN_POINT('',(-1.81225E1,-4.079677119424E1,1.5E1));
#1972=LINE('',#1971,#1970);
#1973=DIRECTION('',(9.689177459685E-1,-2.473831068350E-1,0.E0));
#1974=VECTOR('',#1973,4.506748655491E-1);
#1975=CARTESIAN_POINT('',(-1.724916687489E1,-4.079677119424E1,1.5E1));
#1976=LINE('',#1975,#1974);
#1977=DIRECTION('',(8.265992788030E-1,-5.627909312368E-1,0.E0));
#1978=VECTOR('',#1977,3.962016522359E-1);
#1979=CARTESIAN_POINT('',(-1.68125E1,-4.090826054265E1,1.5E1));
#1980=LINE('',#1979,#1978);
#1981=DIRECTION('',(5.466218231680E-1,-8.373795927992E-1,0.E0));
#1982=VECTOR('',#1981,3.994226279592E-1);
#1983=CARTESIAN_POINT('',(-1.6485E1,-4.113123923947E1,1.5E1));
#1984=LINE('',#1983,#1982);
#1985=DIRECTION('',(2.377717803404E-1,-9.713210491252E-1,0.E0));
#1986=VECTOR('',#1985,4.591246056779E-1);
#1987=CARTESIAN_POINT('',(-1.626666687489E1,-4.146570759703E1,1.5E1));
#1988=LINE('',#1987,#1986);
#1989=DIRECTION('',(-1.805736833771E-13,-1.E0,0.E0));
#1990=VECTOR('',#1989,1.672340382332E0);
#1991=CARTESIAN_POINT('',(-1.61575E1,-4.191166499069E1,1.5E1));
#1992=LINE('',#1991,#1990);
#1993=DIRECTION('',(-2.377717803452E-1,-9.713210491241E-1,0.E0));
#1994=VECTOR('',#1993,4.591246056400E-1);
#1995=CARTESIAN_POINT('',(-1.61575E1,-4.358400537302E1,1.5E1));
#1996=LINE('',#1995,#1994);
#1997=DIRECTION('',(-5.466221810886E-1,-8.373793591569E-1,0.E0));
#1998=VECTOR('',#1997,3.994223664443E-1);
#1999=CARTESIAN_POINT('',(-1.626666687488E1,-4.402996276665E1,1.5E1));
#2000=LINE('',#1999,#1998);
#2001=DIRECTION('',(-8.265991871189E-1,-5.627910658979E-1,0.E0));
#2002=VECTOR('',#2001,3.962016961744E-1);
#2003=CARTESIAN_POINT('',(-1.648500000001E1,-4.436443081190E1,1.5E1));
#2004=LINE('',#2003,#2002);
#2005=DIRECTION('',(-9.689177459675E-1,-2.473831068390E-1,0.E0));
#2006=VECTOR('',#2005,4.506748655663E-1);
#2007=CARTESIAN_POINT('',(-1.68125E1,-4.458740958680E1,1.5E1));
#2008=LINE('',#2007,#2006);
#2009=DIRECTION('',(-1.E0,-1.562109593076E-12,0.E0));
#2010=VECTOR('',#2009,8.733331250934E-1);
#2011=CARTESIAN_POINT('',(-1.724916687491E1,-4.469889893522E1,1.5E1));
#2012=LINE('',#2011,#2010);
#2013=DIRECTION('',(-9.689177459671E-1,2.473831068404E-1,0.E0));
#2014=VECTOR('',#2013,4.506748655375E-1);
#2015=CARTESIAN_POINT('',(-1.81225E1,-4.469889893522E1,1.5E1));
#2016=LINE('',#2015,#2014);
#2017=DIRECTION('',(-8.265991871201E-1,5.627910658960E-1,0.E0));
#2018=VECTOR('',#2017,3.962016961935E-1);
#2019=CARTESIAN_POINT('',(-1.855916687488E1,-4.458740958681E1,1.5E1));
#2020=LINE('',#2019,#2018);
#2021=DIRECTION('',(-5.466221810900E-1,8.373793591560E-1,0.E0));
#2022=VECTOR('',#2021,3.994223664206E-1);
#2023=CARTESIAN_POINT('',(-1.888666687489E1,-4.436443081190E1,1.5E1));
#2024=LINE('',#2023,#2022);
#2025=DIRECTION('',(-2.377717803411E-1,9.713210491251E-1,0.E0));
#2026=VECTOR('',#2025,4.591246056750E-1);
#2027=CARTESIAN_POINT('',(-1.9105E1,-4.402996276667E1,1.5E1));
#2028=LINE('',#2027,#2026);
#2029=DIRECTION('',(-5.629650128823E-13,1.E0,0.E0));
#2030=VECTOR('',#2029,1.672340382330E0);
#2031=CARTESIAN_POINT('',(-1.921416687489E1,-4.358400537301E1,1.5E1));
#2032=LINE('',#2031,#2030);
#2033=DIRECTION('',(2.377717803445E-1,9.713210491242E-1,0.E0));
#2034=VECTOR('',#2033,4.591246056573E-1);
#2035=CARTESIAN_POINT('',(-1.921416687489E1,-4.191166499068E1,1.5E1));
#2036=LINE('',#2035,#2034);
#2037=DIRECTION('',(5.466218231688E-1,8.373795927986E-1,0.E0));
#2038=VECTOR('',#2037,3.994226279703E-1);
#2039=CARTESIAN_POINT('',(-1.9105E1,-4.146570759703E1,1.5E1));
#2040=LINE('',#2039,#2038);
#2041=DIRECTION('',(8.265992788002E-1,5.627909312409E-1,0.E0));
#2042=VECTOR('',#2041,3.962016522306E-1);
#2043=CARTESIAN_POINT('',(-1.888666687489E1,-4.113123923947E1,1.5E1));
#2044=LINE('',#2043,#2042);
#2045=DIRECTION('',(9.689177459691E-1,2.473831068326E-1,0.E0));
#2046=VECTOR('',#2045,4.506748655499E-1);
#2047=CARTESIAN_POINT('',(-1.855916687489E1,-4.090826054265E1,1.5E1));
#2048=LINE('',#2047,#2046);
#2049=DIRECTION('',(3.794298208959E-12,0.E0,-1.E0));
#2050=VECTOR('',#2049,5.E-1);
#2051=CARTESIAN_POINT('',(-1.724916687489E1,-4.079677119424E1,1.5E1));
#2052=LINE('',#2051,#2050);
#2053=DIRECTION('',(-2.316369318578E-12,1.563194018672E-12,-1.E0));
#2054=VECTOR('',#2053,5.E-1);
#2055=CARTESIAN_POINT('',(-1.68125E1,-4.090826054265E1,1.5E1));
#2056=LINE('',#2055,#2054);
#2057=DIRECTION('',(-3.197442310920E-12,2.145839061996E-12,-1.E0));
#2058=VECTOR('',#2057,5.E-1);
#2059=CARTESIAN_POINT('',(-1.6485E1,-4.113123923947E1,1.5E1));
#2060=LINE('',#2059,#2058);
#2061=DIRECTION('',(2.735589532676E-12,-6.892264536873E-12,-1.E0));
#2062=VECTOR('',#2061,5.E-1);
#2063=CARTESIAN_POINT('',(-1.626666687489E1,-4.146570759703E1,1.5E1));
#2064=LINE('',#2063,#2062);
#2065=DIRECTION('',(0.E0,4.249045559845E-12,-1.E0));
#2066=VECTOR('',#2065,5.E-1);
#2067=CARTESIAN_POINT('',(-1.61575E1,-4.191166499069E1,1.5E1));
#2068=LINE('',#2067,#2066);
#2069=DIRECTION('',(-1.805736833764E-13,-1.E0,0.E0));
#2070=VECTOR('',#2069,1.672340382339E0);
#2071=CARTESIAN_POINT('',(-1.61575E1,-4.191166499069E1,1.45E1));
#2072=LINE('',#2071,#2070);
#2073=DIRECTION('',(0.E0,-1.000444171950E-11,-1.E0));
#2074=VECTOR('',#2073,5.E-1);
#2075=CARTESIAN_POINT('',(-1.61575E1,-4.358400537302E1,1.5E1));
#2076=LINE('',#2075,#2074);
#2077=DIRECTION('',(6.416200903914E-12,1.617195266590E-11,-1.E0));
#2078=VECTOR('',#2077,5.E-1);
#2079=CARTESIAN_POINT('',(-1.626666687488E1,-4.402996276665E1,1.5E1));
#2080=LINE('',#2079,#2078);
#2081=DIRECTION('',(-8.824940778140E-12,-7.162270776462E-12,-1.E0));
#2082=VECTOR('',#2081,5.E-1);
#2083=CARTESIAN_POINT('',(-1.648500000001E1,-4.436443081190E1,1.5E1));
#2084=LINE('',#2083,#2082);
#2085=DIRECTION('',(-4.057199021190E-12,-3.922195901396E-12,-1.E0));
#2086=VECTOR('',#2085,5.E-1);
#2087=CARTESIAN_POINT('',(-1.68125E1,-4.458740958680E1,1.5E1));
#2088=LINE('',#2087,#2086);
#2089=DIRECTION('',(1.131184035330E-11,0.E0,-1.E0));
#2090=VECTOR('',#2089,5.E-1);
#2091=CARTESIAN_POINT('',(-1.724916687491E1,-4.469889893522E1,1.5E1));
#2092=LINE('',#2091,#2090);
#2093=DIRECTION('',(-1.E0,-1.562109593062E-12,0.E0));
#2094=VECTOR('',#2093,8.733331251012E-1);
#2095=CARTESIAN_POINT('',(-1.724916687490E1,-4.469889893522E1,1.45E1));
#2096=LINE('',#2095,#2094);
#2097=DIRECTION('',(-4.256150987203E-12,0.E0,-1.E0));
#2098=VECTOR('',#2097,5.E-1);
#2099=CARTESIAN_POINT('',(-1.81225E1,-4.469889893522E1,1.5E1));
#2100=LINE('',#2099,#2098);
#2101=DIRECTION('',(1.044497821567E-12,-1.350031197944E-12,-1.E0));
#2102=VECTOR('',#2101,5.E-1);
#2103=CARTESIAN_POINT('',(-1.855916687488E1,-4.458740958681E1,1.5E1));
#2104=LINE('',#2103,#2102);
#2105=DIRECTION('',(2.692956968531E-12,-2.458477865730E-12,-1.E0));
#2106=VECTOR('',#2105,5.E-1);
#2107=CARTESIAN_POINT('',(-1.888666687489E1,-4.436443081190E1,1.5E1));
#2108=LINE('',#2107,#2106);
#2109=DIRECTION('',(-1.847411112976E-12,4.490630090004E-12,-1.E0));
#2110=VECTOR('',#2109,5.E-1);
#2111=CARTESIAN_POINT('',(-1.9105E1,-4.402996276667E1,1.5E1));
#2112=LINE('',#2111,#2110);
#2113=DIRECTION('',(0.E0,-3.055333763768E-12,-1.E0));
#2114=VECTOR('',#2113,5.E-1);
#2115=CARTESIAN_POINT('',(-1.921416687489E1,-4.358400537301E1,1.5E1));
#2116=LINE('',#2115,#2114);
#2117=DIRECTION('',(-5.693382017076E-13,1.E0,0.E0));
#2118=VECTOR('',#2117,1.672340382330E0);
#2119=CARTESIAN_POINT('',(-1.921416687489E1,-4.358400537301E1,1.45E1));
#2120=LINE('',#2119,#2118);
#2121=DIRECTION('',(0.E0,-4.703792910732E-12,-1.E0));
#2122=VECTOR('',#2121,5.E-1);
#2123=CARTESIAN_POINT('',(-1.921416687489E1,-4.191166499068E1,1.5E1));
#2124=LINE('',#2123,#2122);
#2125=DIRECTION('',(3.041122909053E-12,7.901235221652E-12,-1.E0));
#2126=VECTOR('',#2125,5.E-1);
#2127=CARTESIAN_POINT('',(-1.9105E1,-4.146570759703E1,1.5E1));
#2128=LINE('',#2127,#2126);
#2129=DIRECTION('',(-6.110667527537E-12,-6.153300091682E-12,-1.E0));
#2130=VECTOR('',#2129,5.E-1);
#2131=CARTESIAN_POINT('',(-1.888666687489E1,-4.113123923947E1,1.5E1));
#2132=LINE('',#2131,#2130);
#2133=DIRECTION('',(4.504840944719E-12,1.108446667786E-12,-1.E0));
#2134=VECTOR('',#2133,5.E-1);
#2135=CARTESIAN_POINT('',(-1.855916687489E1,-4.090826054265E1,1.5E1));
#2136=LINE('',#2135,#2134);
#2137=DIRECTION('',(-2.486899575160E-13,-8.242295734817E-13,-1.E0));
#2138=VECTOR('',#2137,5.E-1);
#2139=CARTESIAN_POINT('',(-2.07425E1,-4.414145211507E1,1.5E1));
#2140=LINE('',#2139,#2138);
#2141=DIRECTION('',(2.251860051533E-13,1.E0,0.E0));
#2142=VECTOR('',#2141,1.672340382327E0);
#2143=CARTESIAN_POINT('',(-2.07425E1,-4.414145211507E1,1.45E1));
#2144=LINE('',#2143,#2142);
#2145=DIRECTION('',(-1.030286966852E-12,-2.273736754432E-12,-1.E0));
#2146=VECTOR('',#2145,5.E-1);
#2147=CARTESIAN_POINT('',(-2.085166656256E1,-4.458740958681E1,1.5E1));
#2148=LINE('',#2147,#2146);
#2149=DIRECTION('',(6.906475391588E-12,3.268496584496E-12,-1.E0));
#2150=VECTOR('',#2149,5.E-1);
#2151=CARTESIAN_POINT('',(-2.128833343744E1,-4.503336701950E1,1.5E1));
#2152=LINE('',#2151,#2150);
#2153=DIRECTION('',(6.458833468059E-12,1.818989403546E-12,-1.E0));
#2154=VECTOR('',#2153,5.E-1);
#2155=CARTESIAN_POINT('',(-2.1725E1,-4.525634574560E1,1.5E1));
#2156=LINE('',#2155,#2154);
#2157=DIRECTION('',(-6.174616373755E-12,-2.273736754432E-13,-1.E0));
#2158=VECTOR('',#2157,5.E-1);
#2159=CARTESIAN_POINT('',(-2.227083343744E1,-4.536783510377E1,1.5E1));
#2160=LINE('',#2159,#2158);
#2161=DIRECTION('',(-6.792788553867E-12,-1.989519660128E-13,-1.E0));
#2162=VECTOR('',#2161,5.E-1);
#2163=CARTESIAN_POINT('',(-2.325333328128E1,-4.536783510377E1,1.5E1));
#2164=LINE('',#2163,#2162);
#2165=DIRECTION('',(1.E0,2.024956718930E-13,0.E0));
#2166=VECTOR('',#2165,9.824998438385E-1);
#2167=CARTESIAN_POINT('',(-2.325333328128E1,-4.536783510377E1,1.45E1));
#2168=LINE('',#2167,#2166);
#2169=DIRECTION('',(-4.760636329593E-13,-8.810729923425E-13,-1.E0));
#2170=VECTOR('',#2169,5.E-1);
#2171=CARTESIAN_POINT('',(-2.379916664063E1,-4.525634574560E1,1.5E1));
#2172=LINE('',#2171,#2170);
#2173=DIRECTION('',(-3.787192781601E-12,2.700062395888E-12,-1.E0));
#2174=VECTOR('',#2173,5.E-1);
#2175=CARTESIAN_POINT('',(-2.423583335936E1,-4.503336701949E1,1.5E1));
#2176=LINE('',#2175,#2174);
#2177=DIRECTION('',(7.787548383931E-12,-1.023181539495E-11,-1.E0));
#2178=VECTOR('',#2177,5.E-1);
#2179=CARTESIAN_POINT('',(-2.467250000001E1,-4.458740958679E1,1.5E1));
#2180=LINE('',#2179,#2178);
#2181=DIRECTION('',(-1.648459146963E-12,6.551204023708E-12,-1.E0));
#2182=VECTOR('',#2181,5.E-1);
#2183=CARTESIAN_POINT('',(-2.489083333008E1,-4.414145211508E1,1.5E1));
#2184=LINE('',#2183,#2182);
#2185=DIRECTION('',(-1.136868377216E-13,1.563194018672E-13,-1.E0));
#2186=VECTOR('',#2185,5.E-1);
#2187=CARTESIAN_POINT('',(-2.5E1,-4.358400537302E1,1.5E1));
#2188=LINE('',#2187,#2186);
#2189=DIRECTION('',(-1.136868377216E-13,3.282707439212E-12,-1.E0));
#2190=VECTOR('',#2189,5.E-1);
#2191=CARTESIAN_POINT('',(-2.5E1,-4.191166499068E1,1.5E1));
#2192=LINE('',#2191,#2190);
#2193=DIRECTION('',(5.098551060034E-14,-1.E0,0.E0));
#2194=VECTOR('',#2193,1.672340382341E0);
#2195=CARTESIAN_POINT('',(-2.5E1,-4.191166499068E1,1.45E1));
#2196=LINE('',#2195,#2194);
#2197=DIRECTION('',(-7.958078640513E-13,-3.979039320257E-12,-1.E0));
#2198=VECTOR('',#2197,5.E-1);
#2199=CARTESIAN_POINT('',(-2.489083333008E1,-4.135421793629E1,1.5E1));
#2200=LINE('',#2199,#2198);
#2201=DIRECTION('',(8.810729923425E-13,-1.122657522501E-12,-1.E0));
#2202=VECTOR('',#2201,5.E-1);
#2203=CARTESIAN_POINT('',(-2.46725E1,-4.090826054265E1,1.5E1));
#2204=LINE('',#2203,#2202);
#2205=DIRECTION('',(6.856737400085E-12,5.087485988042E-12,-1.E0));
#2206=VECTOR('',#2205,5.E-1);
#2207=CARTESIAN_POINT('',(-2.423583335936E1,-4.046230314900E1,1.5E1));
#2208=LINE('',#2207,#2206);
#2209=DIRECTION('',(2.337685600651E-12,1.435296326235E-12,-1.E0));
#2210=VECTOR('',#2209,5.E-1);
#2211=CARTESIAN_POINT('',(-2.379916664064E1,-4.023932445218E1,1.5E1));
#2212=LINE('',#2211,#2210);
#2213=DIRECTION('',(-1.840305685619E-12,1.421085471520E-13,-1.E0));
#2214=VECTOR('',#2213,5.E-1);
#2215=CARTESIAN_POINT('',(-2.325333328128E1,-4.012783510377E1,1.5E1));
#2216=LINE('',#2215,#2214);
#2217=DIRECTION('',(-1.075051159205E-11,1.563194018672E-13,-1.E0));
#2218=VECTOR('',#2217,5.E-1);
#2219=CARTESIAN_POINT('',(-2.227083343743E1,-4.012783510377E1,1.5E1));
#2220=LINE('',#2219,#2218);
#2221=DIRECTION('',(-1.E0,-7.955187110055E-14,0.E0));
#2222=VECTOR('',#2221,9.824998438417E-1);
#2223=CARTESIAN_POINT('',(-2.227083343744E1,-4.012783510377E1,1.45E1));
#2224=LINE('',#2223,#2222);
#2225=DIRECTION('',(4.277467269276E-12,-1.648459146963E-12,-1.E0));
#2226=VECTOR('',#2225,5.E-1);
#2227=CARTESIAN_POINT('',(-2.172499999999E1,-4.023932445218E1,1.5E1));
#2228=LINE('',#2227,#2226);
#2229=DIRECTION('',(1.153210860139E-11,-5.627498467220E-12,-1.E0));
#2230=VECTOR('',#2229,5.E-1);
#2231=CARTESIAN_POINT('',(-2.128833343746E1,-4.046230314899E1,1.5E1));
#2232=LINE('',#2231,#2230);
#2233=DIRECTION('',(-4.831690603169E-12,1.111288838729E-11,-1.E0));
#2234=VECTOR('',#2233,5.E-1);
#2235=CARTESIAN_POINT('',(-2.085166656256E1,-4.090826054265E1,1.5E1));
#2236=LINE('',#2235,#2234);
#2237=DIRECTION('',(-1.413980044163E-12,-1.563194018672E-13,-1.E0));
#2238=VECTOR('',#2237,5.E-1);
#2239=CARTESIAN_POINT('',(-2.07425E1,-4.146570759703E1,1.5E1));
#2240=LINE('',#2239,#2238);
#2241=DIRECTION('',(2.572164703452E-12,-1.563194018672E-13,-1.E0));
#2242=VECTOR('',#2241,5.E-1);
#2243=CARTESIAN_POINT('',(-2.13975E1,-4.146570759703E1,1.5E1));
#2244=LINE('',#2243,#2242);
#2245=DIRECTION('',(1.E0,2.169596139722E-13,0.E0));
#2246=VECTOR('',#2245,6.550000000011E-1);
#2247=CARTESIAN_POINT('',(-2.13975E1,-4.146570759703E1,1.45E1));
#2248=LINE('',#2247,#2246);
#2249=DIRECTION('',(-1.421085471520E-13,2.174260771426E-12,-1.E0));
#2250=VECTOR('',#2249,5.E-1);
#2251=CARTESIAN_POINT('',(-2.150666656256E1,-4.113123923947E1,1.5E1));
#2252=LINE('',#2251,#2250);
#2253=DIRECTION('',(2.330580173293E-12,-5.115907697473E-13,-1.E0));
#2254=VECTOR('',#2253,5.E-1);
#2255=CARTESIAN_POINT('',(-2.183416656256E1,-4.090826054265E1,1.5E1));
#2256=LINE('',#2255,#2254);
#2257=DIRECTION('',(0.E0,1.278976924368E-13,-1.E0));
#2258=VECTOR('',#2257,5.E-1);
#2259=CARTESIAN_POINT('',(-2.227083343744E1,-4.079677119424E1,1.5E1));
#2260=LINE('',#2259,#2258);
#2261=DIRECTION('',(1.032418595059E-11,1.421085471520E-13,-1.E0));
#2262=VECTOR('',#2261,5.E-1);
#2263=CARTESIAN_POINT('',(-2.325333328129E1,-4.079677119424E1,1.5E1));
#2264=LINE('',#2263,#2262);
#2265=DIRECTION('',(1.E0,-1.952636836106E-13,0.E0));
#2266=VECTOR('',#2265,9.824998438411E-1);
#2267=CARTESIAN_POINT('',(-2.325333328128E1,-4.079677119424E1,1.45E1));
#2268=LINE('',#2267,#2266);
#2269=DIRECTION('',(1.904254531837E-12,-7.531752999057E-13,-1.E0));
#2270=VECTOR('',#2269,5.E-1);
#2271=CARTESIAN_POINT('',(-2.369E1,-4.090826054265E1,1.5E1));
#2272=LINE('',#2271,#2270);
#2273=DIRECTION('',(7.744915819785E-13,-1.136868377216E-13,-1.E0));
#2274=VECTOR('',#2273,5.E-1);
#2275=CARTESIAN_POINT('',(-2.40175E1,-4.113123923947E1,1.5E1));
#2276=LINE('',#2275,#2274);
#2277=DIRECTION('',(-6.181721801113E-13,-1.861621967691E-12,-1.E0));
#2278=VECTOR('',#2277,5.E-1);
#2279=CARTESIAN_POINT('',(-2.423583335936E1,-4.146570759703E1,1.5E1));
#2280=LINE('',#2279,#2278);
#2281=DIRECTION('',(2.771116669464E-13,1.364242052659E-12,-1.E0));
#2282=VECTOR('',#2281,5.E-1);
#2283=CARTESIAN_POINT('',(-2.4345E1,-4.191166499068E1,1.5E1));
#2284=LINE('',#2283,#2282);
#2285=DIRECTION('',(2.771116669464E-13,-4.689582056017E-13,-1.E0));
#2286=VECTOR('',#2285,5.E-1);
#2287=CARTESIAN_POINT('',(-2.4345E1,-4.358400537302E1,1.5E1));
#2288=LINE('',#2287,#2286);
#2289=DIRECTION('',(-1.869468722016E-13,1.E0,0.E0));
#2290=VECTOR('',#2289,1.672340382338E0);
#2291=CARTESIAN_POINT('',(-2.4345E1,-4.358400537302E1,1.45E1));
#2292=LINE('',#2291,#2290);
#2293=DIRECTION('',(-3.637978807092E-12,1.337241428701E-11,-1.E0));
#2294=VECTOR('',#2293,5.E-1);
#2295=CARTESIAN_POINT('',(-2.423583335936E1,-4.402996276667E1,1.5E1));
#2296=LINE('',#2295,#2294);
#2297=DIRECTION('',(1.639932634134E-11,-1.703881480353E-11,-1.E0));
#2298=VECTOR('',#2297,5.E-1);
#2299=CARTESIAN_POINT('',(-2.401750000001E1,-4.436443081189E1,1.5E1));
#2300=LINE('',#2299,#2298);
#2301=DIRECTION('',(-1.524824710941E-11,4.817479748453E-12,-1.E0));
#2302=VECTOR('',#2301,5.E-1);
#2303=CARTESIAN_POINT('',(-2.368999999998E1,-4.458740958681E1,1.5E1));
#2304=LINE('',#2303,#2302);
#2305=DIRECTION('',(-4.419575816428E-12,5.542233338929E-13,-1.E0));
#2306=VECTOR('',#2305,5.E-1);
#2307=CARTESIAN_POINT('',(-2.325333328128E1,-4.469889893522E1,1.5E1));
#2308=LINE('',#2307,#2306);
#2309=DIRECTION('',(7.929656931083E-12,5.400124791777E-13,-1.E0));
#2310=VECTOR('',#2309,5.E-1);
#2311=CARTESIAN_POINT('',(-2.227083343747E1,-4.469889893522E1,1.5E1));
#2312=LINE('',#2311,#2310);
#2313=DIRECTION('',(-1.E0,-6.074870156932E-13,0.E0));
#2314=VECTOR('',#2313,9.824998438155E-1);
#2315=CARTESIAN_POINT('',(-2.227083343747E1,-4.469889893522E1,1.45E1));
#2316=LINE('',#2315,#2314);
#2317=DIRECTION('',(-2.125943865394E-11,-6.480149750132E-12,-1.E0));
#2318=VECTOR('',#2317,5.E-1);
#2319=CARTESIAN_POINT('',(-2.183416656256E1,-4.458740958680E1,1.5E1));
#2320=LINE('',#2319,#2318);
#2321=DIRECTION('',(1.520561454527E-12,6.821210263297E-12,-1.E0));
#2322=VECTOR('',#2321,5.E-1);
#2323=CARTESIAN_POINT('',(-2.150666656256E1,-4.436443081190E1,1.5E1));
#2324=LINE('',#2323,#2322);
#2325=DIRECTION('',(0.E0,1.321609488514E-12,-1.E0));
#2326=VECTOR('',#2325,5.E-1);
#2327=CARTESIAN_POINT('',(-2.13975E1,-4.402996276666E1,1.5E1));
#2328=LINE('',#2327,#2326);
#2329=DIRECTION('',(0.E0,0.E0,-1.E0));
#2330=VECTOR('',#2329,5.E-1);
#2331=CARTESIAN_POINT('',(-2.13975E1,-4.313804782321E1,1.5E1));
#2332=LINE('',#2331,#2330);
#2333=DIRECTION('',(-3.983242690228E-14,-1.E0,0.E0));
#2334=VECTOR('',#2333,8.919149434496E-1);
#2335=CARTESIAN_POINT('',(-2.13975E1,-4.313804782321E1,1.45E1));
#2336=LINE('',#2335,#2334);
#2337=DIRECTION('',(0.E0,0.E0,-1.E0));
#2338=VECTOR('',#2337,5.E-1);
#2339=CARTESIAN_POINT('',(-2.238E1,-4.313804782321E1,1.5E1));
#2340=LINE('',#2339,#2338);
#2341=DIRECTION('',(1.E0,0.E0,0.E0));
#2342=VECTOR('',#2341,9.825E-1);
#2343=CARTESIAN_POINT('',(-2.238E1,-4.313804782321E1,1.45E1));
#2344=LINE('',#2343,#2342);
#2345=DIRECTION('',(0.E0,0.E0,-1.E0));
#2346=VECTOR('',#2345,5.E-1);
#2347=CARTESIAN_POINT('',(-2.238E1,-4.246911173274E1,1.5E1));
#2348=LINE('',#2347,#2346);
#2349=DIRECTION('',(0.E0,-1.E0,0.E0));
#2350=VECTOR('',#2349,6.689360904700E-1);
#2351=CARTESIAN_POINT('',(-2.238E1,-4.246911173274E1,1.45E1));
#2352=LINE('',#2351,#2350);
#2353=DIRECTION('',(-2.415845301584E-13,-1.421085471520E-14,-1.E0));
#2354=VECTOR('',#2353,5.E-1);
#2355=CARTESIAN_POINT('',(-2.07425E1,-4.246911173274E1,1.5E1));
#2356=LINE('',#2355,#2354);
#2357=DIRECTION('',(-1.E0,0.E0,0.E0));
#2358=VECTOR('',#2357,1.6375E0);
#2359=CARTESIAN_POINT('',(-2.07425E1,-4.246911173274E1,1.45E1));
#2360=LINE('',#2359,#2358);
#2361=DIRECTION('',(-2.377710992541E-1,-9.713212158496E-1,0.E0));
#2362=VECTOR('',#2361,4.591246072523E-1);
#2363=CARTESIAN_POINT('',(-2.07425E1,-4.414145211507E1,1.45E1));
#2364=LINE('',#2363,#2362);
#2365=DIRECTION('',(-6.996249742302E-1,-7.145102486553E-1,0.E0));
#2366=VECTOR('',#2365,6.241442072002E-1);
#2367=CARTESIAN_POINT('',(-2.085166656256E1,-4.458740958681E1,1.45E1));
#2368=LINE('',#2367,#2366);
#2369=DIRECTION('',(-8.906052187610E-1,-4.547772469196E-1,0.E0));
#2370=VECTOR('',#2369,4.903031706528E-1);
#2371=CARTESIAN_POINT('',(-2.128833343744E1,-4.503336701949E1,1.45E1));
#2372=LINE('',#2371,#2370);
#2373=DIRECTION('',(-9.797707133277E-1,-2.001233352342E-1,0.E0));
#2374=VECTOR('',#2373,5.571032385644E-1);
#2375=CARTESIAN_POINT('',(-2.1725E1,-4.525634574560E1,1.45E1));
#2376=LINE('',#2375,#2374);
#2377=DIRECTION('',(-9.797707077139E-1,2.001233627184E-1,0.E0));
#2378=VECTOR('',#2377,5.571031620424E-1);
#2379=CARTESIAN_POINT('',(-2.325333328128E1,-4.536783510377E1,1.45E1));
#2380=LINE('',#2379,#2378);
#2381=DIRECTION('',(-8.906052846343E-1,4.547771179176E-1,0.E0));
#2382=VECTOR('',#2381,4.903033097450E-1);
#2383=CARTESIAN_POINT('',(-2.379916664063E1,-4.525634574560E1,1.45E1));
#2384=LINE('',#2383,#2382);
#2385=DIRECTION('',(-6.996247826295E-1,7.145104362643E-1,0.E0));
#2386=VECTOR('',#2385,6.241440433297E-1);
#2387=CARTESIAN_POINT('',(-2.423583335936E1,-4.503336701949E1,1.45E1));
#2388=LINE('',#2387,#2386);
#2389=DIRECTION('',(-4.397134284379E-1,8.981381301623E-1,0.E0));
#2390=VECTOR('',#2389,4.965355068924E-1);
#2391=CARTESIAN_POINT('',(-2.46725E1,-4.458740958680E1,1.45E1));
#2392=LINE('',#2391,#2390);
#2393=DIRECTION('',(-1.921828589308E-1,9.813591334130E-1,0.E0));
#2394=VECTOR('',#2393,5.680354144368E-1);
#2395=CARTESIAN_POINT('',(-2.489083333008E1,-4.414145211508E1,1.45E1));
#2396=LINE('',#2395,#2394);
#2397=DIRECTION('',(1.921827552318E-1,9.813591537207E-1,0.E0));
#2398=VECTOR('',#2397,5.680357209411E-1);
#2399=CARTESIAN_POINT('',(-2.5E1,-4.191166499068E1,1.45E1));
#2400=LINE('',#2399,#2398);
#2401=DIRECTION('',(4.397134905397E-1,8.981380997583E-1,0.E0));
#2402=VECTOR('',#2401,4.965354367711E-1);
#2403=CARTESIAN_POINT('',(-2.489083333008E1,-4.135421793629E1,1.45E1));
#2404=LINE('',#2403,#2402);
#2405=DIRECTION('',(6.996248138975E-1,7.145104056477E-1,0.E0));
#2406=VECTOR('',#2405,6.241440154293E-1);
#2407=CARTESIAN_POINT('',(-2.46725E1,-4.090826054265E1,1.45E1));
#2408=LINE('',#2407,#2406);
#2409=DIRECTION('',(8.906053088248E-1,4.547770705446E-1,0.E0));
#2410=VECTOR('',#2409,4.903032964119E-1);
#2411=CARTESIAN_POINT('',(-2.423583335936E1,-4.046230314900E1,1.45E1));
#2412=LINE('',#2411,#2410);
#2413=DIRECTION('',(9.797707111495E-1,2.001233458984E-1,0.E0));
#2414=VECTOR('',#2413,5.571031601067E-1);
#2415=CARTESIAN_POINT('',(-2.379916664064E1,-4.023932445218E1,1.45E1));
#2416=LINE('',#2415,#2414);
#2417=DIRECTION('',(9.797707167629E-1,-2.001233184164E-1,0.E0));
#2418=VECTOR('',#2417,5.571032366177E-1);
#2419=CARTESIAN_POINT('',(-2.227083343744E1,-4.012783510377E1,1.45E1));
#2420=LINE('',#2419,#2418);
#2421=DIRECTION('',(8.906052429496E-1,-4.547771995501E-1,0.E0));
#2422=VECTOR('',#2421,4.903031573110E-1);
#2423=CARTESIAN_POINT('',(-2.172499999999E1,-4.023932445218E1,1.45E1));
#2424=LINE('',#2423,#2422);
#2425=DIRECTION('',(6.996250055018E-1,-7.145102180351E-1,0.E0));
#2426=VECTOR('',#2425,6.241441793221E-1);
#2427=CARTESIAN_POINT('',(-2.128833343745E1,-4.046230314899E1,1.45E1));
#2428=LINE('',#2427,#2426);
#2429=DIRECTION('',(1.921825732071E-1,-9.813591893672E-1,0.E0));
#2430=VECTOR('',#2429,5.680357003046E-1);
#2431=CARTESIAN_POINT('',(-2.085166656256E1,-4.090826054265E1,1.45E1));
#2432=LINE('',#2431,#2430);
#2433=DIRECTION('',(-3.102795357097E-1,9.506453648547E-1,0.E0));
#2434=VECTOR('',#2433,3.518329441491E-1);
#2435=CARTESIAN_POINT('',(-2.13975E1,-4.146570759703E1,1.45E1));
#2436=LINE('',#2435,#2434);
#2437=DIRECTION('',(-8.265992788011E-1,5.627909312395E-1,0.E0));
#2438=VECTOR('',#2437,3.962016522378E-1);
#2439=CARTESIAN_POINT('',(-2.150666656256E1,-4.113123923947E1,1.45E1));
#2440=LINE('',#2439,#2438);
#2441=DIRECTION('',(-9.689177459678E-1,2.473831068375E-1,0.E0));
#2442=VECTOR('',#2441,4.506748655375E-1);
#2443=CARTESIAN_POINT('',(-2.183416656256E1,-4.090826054265E1,1.45E1));
#2444=LINE('',#2443,#2442);
#2445=DIRECTION('',(-9.689177247624E-1,-2.473831898921E-1,0.E0));
#2446=VECTOR('',#2445,4.506747142314E-1);
#2447=CARTESIAN_POINT('',(-2.325333328128E1,-4.079677119424E1,1.45E1));
#2448=LINE('',#2447,#2446);
#2449=DIRECTION('',(-8.265992788014E-1,-5.627909312392E-1,0.E0));
#2450=VECTOR('',#2449,3.962016522366E-1);
#2451=CARTESIAN_POINT('',(-2.369E1,-4.090826054265E1,1.45E1));
#2452=LINE('',#2451,#2450);
#2453=DIRECTION('',(-5.466222343981E-1,-8.373793243576E-1,0.E0));
#2454=VECTOR('',#2453,3.994227560085E-1);
#2455=CARTESIAN_POINT('',(-2.40175E1,-4.113123923947E1,1.45E1));
#2456=LINE('',#2455,#2454);
#2457=DIRECTION('',(-2.377712989835E-1,-9.713211669575E-1,0.E0));
#2458=VECTOR('',#2457,4.591245499631E-1);
#2459=CARTESIAN_POINT('',(-2.423583335936E1,-4.146570759703E1,1.45E1));
#2460=LINE('',#2459,#2458);
#2461=DIRECTION('',(2.377712989831E-1,-9.713211669576E-1,0.E0));
#2462=VECTOR('',#2461,4.591245499593E-1);
#2463=CARTESIAN_POINT('',(-2.4345E1,-4.358400537302E1,1.45E1));
#2464=LINE('',#2463,#2462);
#2465=DIRECTION('',(5.466225923194E-1,-8.373790907146E-1,0.E0));
#2466=VECTOR('',#2465,3.994224944751E-1);
#2467=CARTESIAN_POINT('',(-2.423583335936E1,-4.402996276666E1,1.45E1));
#2468=LINE('',#2467,#2466);
#2469=DIRECTION('',(8.265991871191E-1,-5.627910658974E-1,0.E0));
#2470=VECTOR('',#2469,3.962016961988E-1);
#2471=CARTESIAN_POINT('',(-2.40175E1,-4.436443081190E1,1.45E1));
#2472=LINE('',#2471,#2470);
#2473=DIRECTION('',(9.689177247611E-1,-2.473831898972E-1,0.E0));
#2474=VECTOR('',#2473,4.506747142152E-1);
#2475=CARTESIAN_POINT('',(-2.368999999999E1,-4.458740958681E1,1.45E1));
#2476=LINE('',#2475,#2474);
#2477=DIRECTION('',(9.689177459680E-1,2.473831068370E-1,0.E0));
#2478=VECTOR('',#2477,4.506748655563E-1);
#2479=CARTESIAN_POINT('',(-2.227083343747E1,-4.469889893522E1,1.45E1));
#2480=LINE('',#2479,#2478);
#2481=DIRECTION('',(8.265991871228E-1,5.627910658921E-1,0.E0));
#2482=VECTOR('',#2481,3.962016961919E-1);
#2483=CARTESIAN_POINT('',(-2.183416656257E1,-4.458740958680E1,1.45E1));
#2484=LINE('',#2483,#2482);
#2485=DIRECTION('',(3.102797975519E-1,9.506452793925E-1,0.E0));
#2486=VECTOR('',#2485,3.518326472420E-1);
#2487=CARTESIAN_POINT('',(-2.150666656256E1,-4.436443081190E1,1.45E1));
#2488=LINE('',#2487,#2486);
#2489=DIRECTION('',(3.765876499529E-13,9.947598300641E-14,-1.E0));
#2490=VECTOR('',#2489,5.E-1);
#2491=CARTESIAN_POINT('',(2.892833499908E1,-4.012783510377E1,1.5E1));
#2492=LINE('',#2491,#2490);
#2493=DIRECTION('',(-1.595878984517E-11,7.105427357601E-14,-1.E0));
#2494=VECTOR('',#2493,5.E-1);
#2495=CARTESIAN_POINT('',(2.980166500093E1,-4.012783510377E1,1.5E1));
#2496=LINE('',#2495,#2494);
#2497=DIRECTION('',(-1.E0,-1.952643974475E-13,0.E0));
#2498=VECTOR('',#2497,8.733300018416E-1);
#2499=CARTESIAN_POINT('',(2.980166500092E1,-4.012783510377E1,1.45E1));
#2500=LINE('',#2499,#2498);
#2501=DIRECTION('',(1.838174057411E-11,-6.039613253961E-12,-1.E0));
#2502=VECTOR('',#2501,5.E-1);
#2503=CARTESIAN_POINT('',(3.03475E1,-4.023932445218E1,1.5E1));
#2504=LINE('',#2503,#2502);
#2505=DIRECTION('',(-4.618527782441E-13,1.961097950698E-12,-1.E0));
#2506=VECTOR('',#2505,5.E-1);
#2507=CARTESIAN_POINT('',(3.078416500090E1,-4.046230314900E1,1.5E1));
#2508=LINE('',#2507,#2506);
#2509=DIRECTION('',(-3.808509063674E-12,5.570655048359E-12,-1.E0));
#2510=VECTOR('',#2509,5.E-1);
#2511=CARTESIAN_POINT('',(3.122083499910E1,-4.090826054267E1,1.5E1));
#2512=LINE('',#2511,#2510);
#2513=DIRECTION('',(2.415845301584E-12,-6.636469151999E-12,-1.E0));
#2514=VECTOR('',#2513,5.E-1);
#2515=CARTESIAN_POINT('',(3.143916500091E1,-4.135421793627E1,1.5E1));
#2516=LINE('',#2515,#2514);
#2517=DIRECTION('',(5.968558980385E-13,-8.157030606526E-12,-1.E0));
#2518=VECTOR('',#2517,5.E-1);
#2519=CARTESIAN_POINT('',(3.154833499908E1,-4.191166499068E1,1.5E1));
#2520=LINE('',#2519,#2518);
#2521=DIRECTION('',(5.968558980385E-13,2.238209617644E-11,-1.E0));
#2522=VECTOR('',#2521,5.E-1);
#2523=CARTESIAN_POINT('',(3.154833499908E1,-4.358400537306E1,1.5E1));
#2524=LINE('',#2523,#2522);
#2525=DIRECTION('',(-5.629650128708E-13,1.E0,0.E0));
#2526=VECTOR('',#2525,1.672340382364E0);
#2527=CARTESIAN_POINT('',(3.154833499908E1,-4.358400537305E1,1.45E1));
#2528=LINE('',#2527,#2526);
#2529=DIRECTION('',(-8.412825991400E-12,-2.189892711613E-11,-1.E0));
#2530=VECTOR('',#2529,5.E-1);
#2531=CARTESIAN_POINT('',(3.143916500093E1,-4.414145211504E1,1.5E1));
#2532=LINE('',#2531,#2530);
#2533=DIRECTION('',(4.369837824925E-12,5.556444193644E-12,-1.E0));
#2534=VECTOR('',#2533,5.E-1);
#2535=CARTESIAN_POINT('',(3.122083499907E1,-4.458740958682E1,1.5E1));
#2536=LINE('',#2535,#2534);
#2537=DIRECTION('',(1.086419842977E-11,8.085976332950E-12,-1.E0));
#2538=VECTOR('',#2537,5.E-1);
#2539=CARTESIAN_POINT('',(3.078416500091E1,-4.503336701950E1,1.5E1));
#2540=LINE('',#2539,#2538);
#2541=DIRECTION('',(-7.126743639674E-12,-2.060573933704E-12,-1.E0));
#2542=VECTOR('',#2541,5.E-1);
#2543=CARTESIAN_POINT('',(3.03475E1,-4.525634574560E1,1.5E1));
#2544=LINE('',#2543,#2542);
#2545=DIRECTION('',(4.689582056017E-13,-1.563194018672E-13,-1.E0));
#2546=VECTOR('',#2545,5.E-1);
#2547=CARTESIAN_POINT('',(2.980166500092E1,-4.536783510377E1,1.5E1));
#2548=LINE('',#2547,#2546);
#2549=DIRECTION('',(-2.920330643974E-12,-1.563194018672E-13,-1.E0));
#2550=VECTOR('',#2549,5.E-1);
#2551=CARTESIAN_POINT('',(2.892833499908E1,-4.536783510377E1,1.5E1));
#2552=LINE('',#2551,#2550);
#2553=DIRECTION('',(1.E0,8.136016560316E-14,0.E0));
#2554=VECTOR('',#2553,8.733300018412E-1);
#2555=CARTESIAN_POINT('',(2.892833499908E1,-4.536783510377E1,1.45E1));
#2556=LINE('',#2555,#2554);
#2557=DIRECTION('',(-7.631228982063E-12,1.207922650792E-12,-1.E0));
#2558=VECTOR('',#2557,5.E-1);
#2559=CARTESIAN_POINT('',(2.838250000001E1,-4.525634574560E1,1.5E1));
#2560=LINE('',#2559,#2558);
#2561=DIRECTION('',(-1.527666881884E-12,8.952838470577E-13,-1.E0));
#2562=VECTOR('',#2561,5.E-1);
#2563=CARTESIAN_POINT('',(2.794583499910E1,-4.503336701950E1,1.5E1));
#2564=LINE('',#2563,#2562);
#2565=DIRECTION('',(5.115907697473E-12,-6.906475391588E-12,-1.E0));
#2566=VECTOR('',#2565,5.E-1);
#2567=CARTESIAN_POINT('',(2.750916500090E1,-4.458740958678E1,1.5E1));
#2568=LINE('',#2567,#2566);
#2569=DIRECTION('',(-2.195577053499E-12,6.650680006715E-12,-1.E0));
#2570=VECTOR('',#2569,5.E-1);
#2571=CARTESIAN_POINT('',(2.729083499909E1,-4.414145211510E1,1.5E1));
#2572=LINE('',#2571,#2570);
#2573=DIRECTION('',(-6.252776074689E-13,9.052314453584E-12,-1.E0));
#2574=VECTOR('',#2573,5.E-1);
#2575=CARTESIAN_POINT('',(2.718166500092E1,-4.358400537302E1,1.5E1));
#2576=LINE('',#2575,#2574);
#2577=DIRECTION('',(-6.252776074689E-13,-3.034017481696E-11,-1.E0));
#2578=VECTOR('',#2577,5.E-1);
#2579=CARTESIAN_POINT('',(2.718166500092E1,-4.191166499064E1,1.5E1));
#2580=LINE('',#2579,#2578);
#2581=DIRECTION('',(6.054529383705E-13,-1.E0,0.E0));
#2582=VECTOR('',#2581,1.672340382364E0);
#2583=CARTESIAN_POINT('',(2.718166500092E1,-4.191166499065E1,1.45E1));
#2584=LINE('',#2583,#2582);
#2585=DIRECTION('',(7.638334409421E-12,1.226396761922E-11,-1.E0));
#2586=VECTOR('',#2585,5.E-1);
#2587=CARTESIAN_POINT('',(2.729083499907E1,-4.135421793632E1,1.5E1));
#2588=LINE('',#2587,#2586);
#2589=DIRECTION('',(5.115907697473E-13,-1.563194018672E-12,-1.E0));
#2590=VECTOR('',#2589,5.E-1);
#2591=CARTESIAN_POINT('',(2.750916500093E1,-4.090826054263E1,1.5E1));
#2592=LINE('',#2591,#2590);
#2593=DIRECTION('',(7.744915819785E-13,7.389644451905E-13,-1.E0));
#2594=VECTOR('',#2593,5.E-1);
#2595=CARTESIAN_POINT('',(2.794583499907E1,-4.046230314901E1,1.5E1));
#2596=LINE('',#2595,#2594);
#2597=DIRECTION('',(5.428546501207E-12,1.548983163957E-12,-1.E0));
#2598=VECTOR('',#2597,5.E-1);
#2599=CARTESIAN_POINT('',(2.83825E1,-4.023932445218E1,1.5E1));
#2600=LINE('',#2599,#2598);
#2601=DIRECTION('',(9.797708290263E-1,2.001227687925E-1,0.E0));
#2602=VECTOR('',#2601,5.571047666535E-1);
#2603=CARTESIAN_POINT('',(2.83825E1,-4.023932445218E1,1.45E1));
#2604=LINE('',#2603,#2602);
#2605=DIRECTION('',(9.797708290266E-1,-2.001227687910E-1,0.E0));
#2606=VECTOR('',#2605,5.571047666671E-1);
#2607=CARTESIAN_POINT('',(2.980166500092E1,-4.012783510377E1,1.45E1));
#2608=LINE('',#2607,#2606);
#2609=DIRECTION('',(8.906045842056E-1,-4.547784895880E-1,0.E0));
#2610=VECTOR('',#2609,4.903017665025E-1);
#2611=CARTESIAN_POINT('',(3.034750000001E1,-4.023932445218E1,1.45E1));
#2612=LINE('',#2611,#2610);
#2613=DIRECTION('',(6.996275602082E-1,-7.145077165413E-1,0.E0));
#2614=VECTOR('',#2613,6.241463644756E-1);
#2615=CARTESIAN_POINT('',(3.078416500090E1,-4.046230314899E1,1.45E1));
#2616=LINE('',#2615,#2614);
#2617=DIRECTION('',(4.397080835724E-1,-8.981407468994E-1,0.E0));
#2618=VECTOR('',#2617,4.965339732658E-1);
#2619=CARTESIAN_POINT('',(3.122083499910E1,-4.090826054266E1,1.45E1));
#2620=LINE('',#2619,#2618);
#2621=DIRECTION('',(1.921883980369E-1,-9.813580486550E-1,0.E0));
#2622=VECTOR('',#2621,5.680363606068E-1);
#2623=CARTESIAN_POINT('',(3.143916500091E1,-4.135421793627E1,1.45E1));
#2624=LINE('',#2623,#2622);
#2625=DIRECTION('',(-1.921885017434E-1,-9.813580283452E-1,0.E0));
#2626=VECTOR('',#2625,5.680360540236E-1);
#2627=CARTESIAN_POINT('',(3.154833499908E1,-4.358400537305E1,1.45E1));
#2628=LINE('',#2627,#2626);
#2629=DIRECTION('',(-4.397080214697E-1,-8.981407773034E-1,0.E0));
#2630=VECTOR('',#2629,4.965340434720E-1);
#2631=CARTESIAN_POINT('',(3.143916500092E1,-4.414145211505E1,1.45E1));
#2632=LINE('',#2631,#2630);
#2633=DIRECTION('',(-6.996275289366E-1,-7.145077471617E-1,0.E0));
#2634=VECTOR('',#2633,6.241463923226E-1);
#2635=CARTESIAN_POINT('',(3.122083499907E1,-4.458740958681E1,1.45E1));
#2636=LINE('',#2635,#2634);
#2637=DIRECTION('',(-8.906045600180E-1,-4.547785369553E-1,0.E0));
#2638=VECTOR('',#2637,4.903017798504E-1);
#2639=CARTESIAN_POINT('',(3.078416500092E1,-4.503336701949E1,1.45E1));
#2640=LINE('',#2639,#2638);
#2641=DIRECTION('',(-9.797708255911E-1,-2.001227856104E-1,0.E0));
#2642=VECTOR('',#2641,5.571047686081E-1);
#2643=CARTESIAN_POINT('',(3.03475E1,-4.525634574560E1,1.45E1));
#2644=LINE('',#2643,#2642);
#2645=DIRECTION('',(-9.797708255908E-1,2.001227856120E-1,0.E0));
#2646=VECTOR('',#2645,5.571047686046E-1);
#2647=CARTESIAN_POINT('',(2.892833499908E1,-4.536783510377E1,1.45E1));
#2648=LINE('',#2647,#2646);
#2649=DIRECTION('',(-8.906045600158E-1,4.547785369594E-1,0.E0));
#2650=VECTOR('',#2649,4.903017798365E-1);
#2651=CARTESIAN_POINT('',(2.83825E1,-4.525634574560E1,1.45E1));
#2652=LINE('',#2651,#2650);
#2653=DIRECTION('',(-6.996275289401E-1,7.145077471583E-1,0.E0));
#2654=VECTOR('',#2653,6.241463923718E-1);
#2655=CARTESIAN_POINT('',(2.794583499910E1,-4.503336701950E1,1.45E1));
#2656=LINE('',#2655,#2654);
#2657=DIRECTION('',(-4.397080214704E-1,8.981407773031E-1,0.E0));
#2658=VECTOR('',#2657,4.965340433925E-1);
#2659=CARTESIAN_POINT('',(2.750916500090E1,-4.458740958679E1,1.45E1));
#2660=LINE('',#2659,#2658);
#2661=DIRECTION('',(-1.921885017398E-1,9.813580283459E-1,0.E0));
#2662=VECTOR('',#2661,5.680360540990E-1);
#2663=CARTESIAN_POINT('',(2.729083499909E1,-4.414145211510E1,1.45E1));
#2664=LINE('',#2663,#2662);
#2665=DIRECTION('',(1.921883980400E-1,9.813580486544E-1,0.E0));
#2666=VECTOR('',#2665,5.680363605317E-1);
#2667=CARTESIAN_POINT('',(2.718166500092E1,-4.191166499065E1,1.45E1));
#2668=LINE('',#2667,#2666);
#2669=DIRECTION('',(4.397080835716E-1,8.981407468998E-1,0.E0));
#2670=VECTOR('',#2669,4.965339733458E-1);
#2671=CARTESIAN_POINT('',(2.729083499908E1,-4.135421793632E1,1.45E1));
#2672=LINE('',#2671,#2670);
#2673=DIRECTION('',(6.996275602062E-1,7.145077165433E-1,0.E0));
#2674=VECTOR('',#2673,6.241463644083E-1);
#2675=CARTESIAN_POINT('',(2.750916500093E1,-4.090826054263E1,1.45E1));
#2676=LINE('',#2675,#2674);
#2677=DIRECTION('',(8.906045842074E-1,4.547784895845E-1,0.E0));
#2678=VECTOR('',#2677,4.903017665477E-1);
#2679=CARTESIAN_POINT('',(2.794583499907E1,-4.046230314901E1,1.45E1));
#2680=LINE('',#2679,#2678);
#2681=DIRECTION('',(-9.689181700833E-1,-2.473814457118E-1,0.E0));
#2682=VECTOR('',#2681,4.506778917393E-1);
#2683=CARTESIAN_POINT('',(2.892833499908E1,-4.079677119424E1,1.45E1));
#2684=LINE('',#2683,#2682);
#2685=DIRECTION('',(-8.265992788060E-1,-5.627909312324E-1,0.E0));
#2686=VECTOR('',#2685,3.962016522471E-1);
#2687=CARTESIAN_POINT('',(2.849166500092E1,-4.090826054265E1,1.45E1));
#2688=LINE('',#2687,#2686);
#2689=DIRECTION('',(-5.466163400676E-1,-8.373831720133E-1,0.E0));
#2690=VECTOR('',#2689,3.994209207012E-1);
#2691=CARTESIAN_POINT('',(2.816416500091E1,-4.113123923947E1,1.45E1));
#2692=LINE('',#2691,#2690);
#2693=DIRECTION('',(-2.377781984192E-1,-9.713194780074E-1,0.E0));
#2694=VECTOR('',#2693,4.591253483126E-1);
#2695=CARTESIAN_POINT('',(2.794583499909E1,-4.146570759702E1,1.45E1));
#2696=LINE('',#2695,#2694);
#2697=DIRECTION('',(2.377781984216E-1,-9.713194780068E-1,0.E0));
#2698=VECTOR('',#2697,4.591253482707E-1);
#2699=CARTESIAN_POINT('',(2.783666500092E1,-4.358400537303E1,1.45E1));
#2700=LINE('',#2699,#2698);
#2701=DIRECTION('',(5.466166979932E-1,-8.373829383711E-1,0.E0));
#2702=VECTOR('',#2701,3.994206592009E-1);
#2703=CARTESIAN_POINT('',(2.794583499908E1,-4.402996276665E1,1.45E1));
#2704=LINE('',#2703,#2702);
#2705=DIRECTION('',(8.265991871179E-1,-5.627910658992E-1,0.E0));
#2706=VECTOR('',#2705,3.962016961914E-1);
#2707=CARTESIAN_POINT('',(2.816416500092E1,-4.436443081190E1,1.45E1));
#2708=LINE('',#2707,#2706);
#2709=DIRECTION('',(9.689181700814E-1,-2.473814457193E-1,0.E0));
#2710=VECTOR('',#2709,4.506778917286E-1);
#2711=CARTESIAN_POINT('',(2.849166500093E1,-4.458740958681E1,1.45E1));
#2712=LINE('',#2711,#2710);
#2713=DIRECTION('',(9.689181700829E-1,2.473814457131E-1,0.E0));
#2714=VECTOR('',#2713,4.506778917487E-1);
#2715=CARTESIAN_POINT('',(2.980166500090E1,-4.469889893522E1,1.45E1));
#2716=LINE('',#2715,#2714);
#2717=DIRECTION('',(8.265991871263E-1,5.627910658869E-1,0.E0));
#2718=VECTOR('',#2717,3.962016961984E-1);
#2719=CARTESIAN_POINT('',(3.023833499907E1,-4.458740958681E1,1.45E1));
#2720=LINE('',#2719,#2718);
#2721=DIRECTION('',(5.466166979894E-1,8.373829383735E-1,0.E0));
#2722=VECTOR('',#2721,3.994206591752E-1);
#2723=CARTESIAN_POINT('',(3.056583499908E1,-4.436443081190E1,1.45E1));
#2724=LINE('',#2723,#2722);
#2725=DIRECTION('',(2.377781984219E-1,9.713194780067E-1,0.E0));
#2726=VECTOR('',#2725,4.591253483024E-1);
#2727=CARTESIAN_POINT('',(3.078416500091E1,-4.402996276667E1,1.45E1));
#2728=LINE('',#2727,#2726);
#2729=DIRECTION('',(-2.377781984253E-1,9.713194780059E-1,0.E0));
#2730=VECTOR('',#2729,4.591253482916E-1);
#2731=CARTESIAN_POINT('',(3.089333499908E1,-4.191166499067E1,1.45E1));
#2732=LINE('',#2731,#2730);
#2733=DIRECTION('',(-5.466163400769E-1,8.373831720073E-1,0.E0));
#2734=VECTOR('',#2733,3.994209207144E-1);
#2735=CARTESIAN_POINT('',(3.078416500091E1,-4.146570759703E1,1.45E1));
#2736=LINE('',#2735,#2734);
#2737=DIRECTION('',(-8.265992788010E-1,5.627909312398E-1,0.E0));
#2738=VECTOR('',#2737,3.962016522411E-1);
#2739=CARTESIAN_POINT('',(3.056583499908E1,-4.113123923947E1,1.45E1));
#2740=LINE('',#2739,#2738);
#2741=DIRECTION('',(-9.689181700827E-1,2.473814457139E-1,0.E0));
#2742=VECTOR('',#2741,4.506778917395E-1);
#2743=CARTESIAN_POINT('',(3.023833499908E1,-4.090826054265E1,1.45E1));
#2744=LINE('',#2743,#2742);
#2745=DIRECTION('',(-4.774847184308E-12,0.E0,-1.E0));
#2746=VECTOR('',#2745,5.E-1);
#2747=CARTESIAN_POINT('',(2.892833499908E1,-4.079677119424E1,1.5E1));
#2748=LINE('',#2747,#2746);
#2749=DIRECTION('',(1.E0,1.383122815256E-13,0.E0));
#2750=VECTOR('',#2749,8.733300018396E-1);
#2751=CARTESIAN_POINT('',(2.892833499908E1,-4.079677119424E1,1.45E1));
#2752=LINE('',#2751,#2750);
#2753=DIRECTION('',(1.E0,1.464482980863E-13,0.E0));
#2754=VECTOR('',#2753,8.733300018375E-1);
#2755=CARTESIAN_POINT('',(2.892833499908E1,-4.079677119424E1,1.5E1));
#2756=LINE('',#2755,#2754);
#2757=DIRECTION('',(9.689181700827E-1,-2.473814457139E-1,0.E0));
#2758=VECTOR('',#2757,4.506778917373E-1);
#2759=CARTESIAN_POINT('',(2.980166500092E1,-4.079677119424E1,1.5E1));
#2760=LINE('',#2759,#2758);
#2761=DIRECTION('',(8.265992788010E-1,-5.627909312398E-1,0.E0));
#2762=VECTOR('',#2761,3.962016522401E-1);
#2763=CARTESIAN_POINT('',(3.023833499908E1,-4.090826054265E1,1.5E1));
#2764=LINE('',#2763,#2762);
#2765=DIRECTION('',(5.466163400769E-1,-8.373831720073E-1,0.E0));
#2766=VECTOR('',#2765,3.994209207254E-1);
#2767=CARTESIAN_POINT('',(3.056583499908E1,-4.113123923947E1,1.5E1));
#2768=LINE('',#2767,#2766);
#2769=DIRECTION('',(2.377781984253E-1,-9.713194780059E-1,0.E0));
#2770=VECTOR('',#2769,4.591253482772E-1);
#2771=CARTESIAN_POINT('',(3.078416500092E1,-4.146570759704E1,1.5E1));
#2772=LINE('',#2771,#2770);
#2773=DIRECTION('',(-1.312876897947E-12,-1.E0,0.E0));
#2774=VECTOR('',#2773,1.672340382356E0);
#2775=CARTESIAN_POINT('',(3.089333499908E1,-4.191166499066E1,1.5E1));
#2776=LINE('',#2775,#2774);
#2777=DIRECTION('',(-2.377781984219E-1,-9.713194780067E-1,0.E0));
#2778=VECTOR('',#2777,4.591253482994E-1);
#2779=CARTESIAN_POINT('',(3.089333499908E1,-4.358400537302E1,1.5E1));
#2780=LINE('',#2779,#2778);
#2781=DIRECTION('',(-5.466166979894E-1,-8.373829383736E-1,0.E0));
#2782=VECTOR('',#2781,3.994206591800E-1);
#2783=CARTESIAN_POINT('',(3.078416500091E1,-4.402996276667E1,1.5E1));
#2784=LINE('',#2783,#2782);
#2785=DIRECTION('',(-8.265991871263E-1,-5.627910658869E-1,0.E0));
#2786=VECTOR('',#2785,3.962016961857E-1);
#2787=CARTESIAN_POINT('',(3.056583499908E1,-4.436443081190E1,1.5E1));
#2788=LINE('',#2787,#2786);
#2789=DIRECTION('',(-9.689181700829E-1,-2.473814457131E-1,0.E0));
#2790=VECTOR('',#2789,4.506778917637E-1);
#2791=CARTESIAN_POINT('',(3.023833499908E1,-4.458740958680E1,1.5E1));
#2792=LINE('',#2791,#2790);
#2793=DIRECTION('',(-1.E0,-1.635339328675E-12,0.E0));
#2794=VECTOR('',#2793,8.733300018138E-1);
#2795=CARTESIAN_POINT('',(2.980166500089E1,-4.469889893522E1,1.5E1));
#2796=LINE('',#2795,#2794);
#2797=DIRECTION('',(-9.689181700814E-1,2.473814457192E-1,0.E0));
#2798=VECTOR('',#2797,4.506778917262E-1);
#2799=CARTESIAN_POINT('',(2.892833499908E1,-4.469889893522E1,1.5E1));
#2800=LINE('',#2799,#2798);
#2801=DIRECTION('',(-8.265991871179E-1,5.627910658992E-1,0.E0));
#2802=VECTOR('',#2801,3.962016961987E-1);
#2803=CARTESIAN_POINT('',(2.849166500093E1,-4.458740958681E1,1.5E1));
#2804=LINE('',#2803,#2802);
#2805=DIRECTION('',(-5.466166979932E-1,8.373829383711E-1,0.E0));
#2806=VECTOR('',#2805,3.994206591930E-1);
#2807=CARTESIAN_POINT('',(2.816416500092E1,-4.436443081190E1,1.5E1));
#2808=LINE('',#2807,#2806);
#2809=DIRECTION('',(-2.377781984216E-1,9.713194780068E-1,0.E0));
#2810=VECTOR('',#2809,4.591253482728E-1);
#2811=CARTESIAN_POINT('',(2.794583499908E1,-4.402996276665E1,1.5E1));
#2812=LINE('',#2811,#2810);
#2813=DIRECTION('',(9.156147945261E-13,1.E0,0.E0));
#2814=VECTOR('',#2813,1.672340382350E0);
#2815=CARTESIAN_POINT('',(2.783666500092E1,-4.358400537303E1,1.5E1));
#2816=LINE('',#2815,#2814);
#2817=DIRECTION('',(2.377781984192E-1,9.713194780074E-1,0.E0));
#2818=VECTOR('',#2817,4.591253483097E-1);
#2819=CARTESIAN_POINT('',(2.783666500092E1,-4.191166499068E1,1.5E1));
#2820=LINE('',#2819,#2818);
#2821=DIRECTION('',(5.466163400676E-1,8.373831720133E-1,0.E0));
#2822=VECTOR('',#2821,3.994209207089E-1);
#2823=CARTESIAN_POINT('',(2.794583499909E1,-4.146570759702E1,1.5E1));
#2824=LINE('',#2823,#2822);
#2825=DIRECTION('',(8.265992788060E-1,5.627909312324E-1,0.E0));
#2826=VECTOR('',#2825,3.962016522366E-1);
#2827=CARTESIAN_POINT('',(2.816416500091E1,-4.113123923947E1,1.5E1));
#2828=LINE('',#2827,#2826);
#2829=DIRECTION('',(9.689181700833E-1,2.473814457117E-1,0.E0));
#2830=VECTOR('',#2829,4.506778917471E-1);
#2831=CARTESIAN_POINT('',(2.849166500091E1,-4.090826054265E1,1.5E1));
#2832=LINE('',#2831,#2830);
#2833=DIRECTION('',(-6.536993168993E-13,0.E0,-1.E0));
#2834=VECTOR('',#2833,5.E-1);
#2835=CARTESIAN_POINT('',(2.980166500092E1,-4.079677119424E1,1.5E1));
#2836=LINE('',#2835,#2834);
#2837=DIRECTION('',(3.566924533516E-12,-1.080024958355E-12,-1.E0));
#2838=VECTOR('',#2837,5.E-1);
#2839=CARTESIAN_POINT('',(3.023833499908E1,-4.090826054265E1,1.5E1));
#2840=LINE('',#2839,#2838);
#2841=DIRECTION('',(5.194067398406E-12,-2.202682480856E-12,-1.E0));
#2842=VECTOR('',#2841,5.E-1);
#2843=CARTESIAN_POINT('',(3.056583499908E1,-4.113123923947E1,1.5E1));
#2844=LINE('',#2843,#2842);
#2845=DIRECTION('',(-6.821210263297E-12,1.617195266590E-11,-1.E0));
#2846=VECTOR('',#2845,5.E-1);
#2847=CARTESIAN_POINT('',(3.078416500092E1,-4.146570759704E1,1.5E1));
#2848=LINE('',#2847,#2846);
#2849=DIRECTION('',(0.E0,-1.166711172118E-11,-1.E0));
#2850=VECTOR('',#2849,5.E-1);
#2851=CARTESIAN_POINT('',(3.089333499908E1,-4.191166499066E1,1.5E1));
#2852=LINE('',#2851,#2850);
#2853=DIRECTION('',(-1.317125690503E-12,-1.E0,0.E0));
#2854=VECTOR('',#2853,1.672340382348E0);
#2855=CARTESIAN_POINT('',(3.089333499908E1,-4.191166499067E1,1.45E1));
#2856=LINE('',#2855,#2854);
#2857=DIRECTION('',(0.E0,4.732214620162E-12,-1.E0));
#2858=VECTOR('',#2857,5.E-1);
#2859=CARTESIAN_POINT('',(3.089333499908E1,-4.358400537302E1,1.5E1));
#2860=LINE('',#2859,#2858);
#2861=DIRECTION('',(-1.399769189447E-12,-1.023181539495E-12,-1.E0));
#2862=VECTOR('',#2861,5.E-1);
#2863=CARTESIAN_POINT('',(3.078416500091E1,-4.402996276667E1,1.5E1));
#2864=LINE('',#2863,#2862);
#2865=DIRECTION('',(3.787192781601E-12,6.934897101019E-12,-1.E0));
#2866=VECTOR('',#2865,5.E-1);
#2867=CARTESIAN_POINT('',(3.056583499908E1,-4.436443081190E1,1.5E1));
#2868=LINE('',#2867,#2866);
#2869=DIRECTION('',(-1.725197762426E-11,-7.432277016051E-12,-1.E0));
#2870=VECTOR('',#2869,5.E-1);
#2871=CARTESIAN_POINT('',(3.023833499908E1,-4.458740958680E1,1.5E1));
#2872=LINE('',#2871,#2870);
#2873=DIRECTION('',(1.181632569569E-11,0.E0,-1.E0));
#2874=VECTOR('',#2873,5.E-1);
#2875=CARTESIAN_POINT('',(2.980166500089E1,-4.469889893522E1,1.5E1));
#2876=LINE('',#2875,#2874);
#2877=DIRECTION('',(-1.E0,-1.635339328664E-12,0.E0));
#2878=VECTOR('',#2877,8.733300018196E-1);
#2879=CARTESIAN_POINT('',(2.980166500090E1,-4.469889893522E1,1.45E1));
#2880=LINE('',#2879,#2878);
#2881=DIRECTION('',(2.771116669464E-13,0.E0,-1.E0));
#2882=VECTOR('',#2881,5.E-1);
#2883=CARTESIAN_POINT('',(2.892833499908E1,-4.469889893522E1,1.5E1));
#2884=LINE('',#2883,#2882);
#2885=DIRECTION('',(-4.405364961713E-12,1.207922650792E-12,-1.E0));
#2886=VECTOR('',#2885,5.E-1);
#2887=CARTESIAN_POINT('',(2.849166500093E1,-4.458740958681E1,1.5E1));
#2888=LINE('',#2887,#2886);
#2889=DIRECTION('',(7.581490990560E-12,-6.963318810449E-12,-1.E0));
#2890=VECTOR('',#2889,5.E-1);
#2891=CARTESIAN_POINT('',(2.816416500092E1,-4.436443081190E1,1.5E1));
#2892=LINE('',#2891,#2890);
#2893=DIRECTION('',(-1.023181539495E-12,6.195932655828E-12,-1.E0));
#2894=VECTOR('',#2893,5.E-1);
#2895=CARTESIAN_POINT('',(2.794583499908E1,-4.402996276665E1,1.5E1));
#2896=LINE('',#2895,#2894);
#2897=DIRECTION('',(0.E0,1.989519660128E-12,-1.E0));
#2898=VECTOR('',#2897,5.E-1);
#2899=CARTESIAN_POINT('',(2.783666500092E1,-4.358400537303E1,1.5E1));
#2900=LINE('',#2899,#2898);
#2901=DIRECTION('',(9.177391908018E-13,1.E0,0.E0));
#2902=VECTOR('',#2901,1.672340382349E0);
#2903=CARTESIAN_POINT('',(2.783666500092E1,-4.358400537303E1,1.45E1));
#2904=LINE('',#2903,#2902);
#2905=DIRECTION('',(0.E0,-5.684341886081E-13,-1.E0));
#2906=VECTOR('',#2905,5.E-1);
#2907=CARTESIAN_POINT('',(2.783666500092E1,-4.191166499068E1,1.5E1));
#2908=LINE('',#2907,#2906);
#2909=DIRECTION('',(1.342925770587E-12,4.959588295605E-12,-1.E0));
#2910=VECTOR('',#2909,5.E-1);
#2911=CARTESIAN_POINT('',(2.794583499909E1,-4.146570759702E1,1.5E1));
#2912=LINE('',#2911,#2910);
#2913=DIRECTION('',(-7.055689366098E-12,-7.915446076368E-12,-1.E0));
#2914=VECTOR('',#2913,5.E-1);
#2915=CARTESIAN_POINT('',(2.816416500091E1,-4.113123923947E1,1.5E1));
#2916=LINE('',#2915,#2914);
#2917=DIRECTION('',(1.018207740344E-11,3.822719918389E-12,-1.E0));
#2918=VECTOR('',#2917,5.E-1);
#2919=CARTESIAN_POINT('',(2.849166500091E1,-4.090826054265E1,1.5E1));
#2920=LINE('',#2919,#2918);
#2921=CARTESIAN_POINT('',(1.13E1,-3.522499999999E1,1.49E1));
#2922=DIRECTION('',(0.E0,-1.E0,0.E0));
#2923=DIRECTION('',(1.E0,0.E0,0.E0));
#2924=AXIS2_PLACEMENT_3D('',#2921,#2922,#2923);
#2926=DIRECTION('',(4.610679120837E-13,1.E0,-3.837488361836E-9));
#2927=VECTOR('',#2926,3.344529801075E1);
#2928=CARTESIAN_POINT('',(1.13E1,-3.522499999999E1,1.5E1));
#2929=LINE('',#2928,#2927);
#2930=DIRECTION('',(2.438886411040E-9,-1.E0,1.359674984656E-14));
#2931=VECTOR('',#2930,3.344529803212E1);
#2932=CARTESIAN_POINT('',(1.139999991843E1,-1.779701990499E0,1.49E1));
#2933=LINE('',#2932,#2931);
#2934=CARTESIAN_POINT('',(1.19E1,-3.522499999999E1,1.5E1));
#2935=DIRECTION('',(0.E0,0.E0,-1.E0));
#2936=DIRECTION('',(0.E0,-1.E0,0.E0));
#2937=AXIS2_PLACEMENT_3D('',#2934,#2935,#2936);
#2939=CARTESIAN_POINT('',(1.19E1,-3.522499999999E1,1.49E1));
#2940=DIRECTION('',(0.E0,0.E0,-1.E0));
#2941=DIRECTION('',(0.E0,-1.E0,0.E0));
#2942=AXIS2_PLACEMENT_3D('',#2939,#2940,#2941);
#2944=CARTESIAN_POINT('',(2.81E1,-3.582499999999E1,1.49E1));
#2945=DIRECTION('',(1.E0,0.E0,0.E0));
#2946=DIRECTION('',(0.E0,1.E0,0.E0));
#2947=AXIS2_PLACEMENT_3D('',#2944,#2945,#2946);
#2949=DIRECTION('',(-1.E0,0.E0,0.E0));
#2950=VECTOR('',#2949,1.62E1);
#2951=CARTESIAN_POINT('',(2.81E1,-3.582499999999E1,1.5E1));
#2952=LINE('',#2951,#2950);
#2953=CARTESIAN_POINT('',(1.19E1,-3.582499999999E1,1.49E1));
#2954=DIRECTION('',(1.E0,0.E0,0.E0));
#2955=DIRECTION('',(0.E0,1.E0,0.E0));
#2956=AXIS2_PLACEMENT_3D('',#2953,#2954,#2955);
#2958=DIRECTION('',(1.E0,0.E0,0.E0));
#2959=VECTOR('',#2958,1.620000002263E1);
#2960=CARTESIAN_POINT('',(1.19E1,-3.572499999999E1,1.49E1));
#2961=LINE('',#2960,#2959);
#2962=CARTESIAN_POINT('',(2.81E1,-3.522499999999E1,1.5E1));
#2963=DIRECTION('',(0.E0,0.E0,-1.E0));
#2964=DIRECTION('',(1.E0,-3.552713678800E-14,0.E0));
#2965=AXIS2_PLACEMENT_3D('',#2962,#2963,#2964);
#2967=CARTESIAN_POINT('',(2.81E1,-3.522499999999E1,1.49E1));
#2968=DIRECTION('',(0.E0,0.E0,-1.E0));
#2969=DIRECTION('',(1.E0,-1.421085471520E-14,0.E0));
#2970=AXIS2_PLACEMENT_3D('',#2967,#2968,#2969);
#2972=CARTESIAN_POINT('',(2.87E1,-3.522499999999E1,1.49E1));
#2973=DIRECTION('',(0.E0,1.E0,0.E0));
#2974=DIRECTION('',(-1.E0,0.E0,1.776356839400E-14));
#2975=AXIS2_PLACEMENT_3D('',#2972,#2973,#2974);
#2977=DIRECTION('',(3.837488361836E-9,1.E0,4.627675058156E-13));
#2978=VECTOR('',#2977,3.344529801075E1);
#2979=CARTESIAN_POINT('',(2.86E1,-3.522499999999E1,1.49E1));
#2980=LINE('',#2979,#2978);
#2981=DIRECTION('',(-1.359674985576E-14,-1.E0,2.438886412690E-9));
#2982=VECTOR('',#2981,3.344529800949E1);
#2983=CARTESIAN_POINT('',(2.87E1,-1.779701990499E0,1.499999991843E1));
#2984=LINE('',#2983,#2982);
#2985=DIRECTION('',(0.E0,0.E0,-1.E0));
#2986=VECTOR('',#2985,1.49E1);
#2987=CARTESIAN_POINT('',(2.86E1,-3.522499999999E1,1.49E1));
#2988=LINE('',#2987,#2986);
#2989=DIRECTION('',(0.E0,1.E0,0.E0));
#2990=VECTOR('',#2989,8.634999999999E1);
#2991=CARTESIAN_POINT('',(2.86E1,-3.522499999999E1,0.E0));
#2992=LINE('',#2991,#2990);
#2993=DIRECTION('',(0.E0,-1.E0,0.E0));
#2994=VECTOR('',#2993,2.6E1);
#2995=CARTESIAN_POINT('',(2.86E1,2.422029801026E1,1.1E1));
#2996=LINE('',#2995,#2994);
#2997=CARTESIAN_POINT('',(2.81E1,-3.522499999999E1,0.E0));
#2998=DIRECTION('',(0.E0,0.E0,1.E0));
#2999=DIRECTION('',(0.E0,-1.E0,0.E0));
#3000=AXIS2_PLACEMENT_3D('',#2997,#2998,#2999);
#3002=DIRECTION('',(-1.518532354298E-9,0.E0,-1.E0));
#3003=VECTOR('',#3002,1.49E1);
#3004=CARTESIAN_POINT('',(2.810000002263E1,-3.572499999999E1,1.49E1));
#3005=LINE('',#3004,#3003);
#3006=DIRECTION('',(0.E0,0.E0,-1.E0));
#3007=VECTOR('',#3006,1.49E1);
#3008=CARTESIAN_POINT('',(1.19E1,-3.572499999999E1,1.49E1));
#3009=LINE('',#3008,#3007);
#3010=DIRECTION('',(1.E0,0.E0,0.E0));
#3011=VECTOR('',#3010,1.62E1);
#3012=CARTESIAN_POINT('',(1.19E1,-3.572499999999E1,0.E0));
#3013=LINE('',#3012,#3011);
#3014=CARTESIAN_POINT('',(1.19E1,-3.522499999999E1,0.E0));
#3015=DIRECTION('',(0.E0,0.E0,1.E0));
#3016=DIRECTION('',(-1.E0,1.421085471520E-14,0.E0));
#3017=AXIS2_PLACEMENT_3D('',#3014,#3015,#3016);
#3019=DIRECTION('',(0.E0,1.518532831172E-9,-1.E0));
#3020=VECTOR('',#3019,1.49E1);
#3021=CARTESIAN_POINT('',(1.14E1,-3.522500002262E1,1.49E1));
#3022=LINE('',#3021,#3020);
#3023=DIRECTION('',(0.E0,1.E0,0.E0));
#3024=VECTOR('',#3023,2.6E1);
#3025=CARTESIAN_POINT('',(1.14E1,-1.779701989743E0,1.1E1));
#3026=LINE('',#3025,#3024);
#3027=DIRECTION('',(0.E0,1.668506602722E-14,-1.E0));
#3028=VECTOR('',#3027,3.5E0);
#3029=CARTESIAN_POINT('',(1.09E1,-1.279701989743E0,1.45E1));
#3030=LINE('',#3029,#3028);
#3031=DIRECTION('',(-2.091519982847E-8,-1.937787252597E-10,1.E0));
#3032=VECTOR('',#3031,3.9E0);
#3033=CARTESIAN_POINT('',(1.14E1,-1.779701989743E0,1.1E1));
#3034=LINE('',#3033,#3032);
#3035=CARTESIAN_POINT('',(1.139999991843E1,-1.779701990499E0,1.49E1));
#3036=CARTESIAN_POINT('',(1.139999989831E1,-1.771845162662E0,1.489999998390E1));
#3037=CARTESIAN_POINT('',(1.139944506028E1,-1.748297596548E0,1.489955616926E1));
#3038=CARTESIAN_POINT('',(1.139562869882E1,-1.707957343320E0,1.489650304334E1));
#3039=CARTESIAN_POINT('',(1.138593690482E1,-1.658109137641E0,1.488874962231E1));
#3040=CARTESIAN_POINT('',(1.136999441612E1,-1.606036375602E0,1.487599562905E1));
#3041=CARTESIAN_POINT('',(1.134690356795E1,-1.552850176964E0,1.485752295406E1));
#3042=CARTESIAN_POINT('',(1.131613035807E1,-1.500182566461E0,1.483290438867E1));
#3043=CARTESIAN_POINT('',(1.127755650237E1,-1.449795405715E0,1.480204530739E1));
#3044=CARTESIAN_POINT('',(1.123128099442E1,-1.403226093129E0,1.476502490462E1));
#3045=CARTESIAN_POINT('',(1.117751707600E1,-1.361887698594E0,1.472201377221E1));
#3046=CARTESIAN_POINT('',(1.111665851862E1,-1.327212509777E0,1.467332693321E1));
#3047=CARTESIAN_POINT('',(1.104953022934E1,-1.300713147313E0,1.461962428804E1));
#3048=CARTESIAN_POINT('',(1.097659581303E1,-1.283646308983E0,1.456127682154E1));
#3049=CARTESIAN_POINT('',(1.092610468322E1,-1.279707783447E0,1.452088374657E1));
#3050=CARTESIAN_POINT('',(1.09E1,-1.279701989743E0,1.45E1));
#3052=DIRECTION('',(0.E0,-1.693883129E-14,1.E0));
#3053=VECTOR('',#3052,3.5E0);
#3054=CARTESIAN_POINT('',(-1.065E1,-1.279701989743E0,1.1E1));
#3055=LINE('',#3054,#3053);
#3056=DIRECTION('',(-3.290921540962E-8,-1.287925891287E-10,-1.E0));
#3057=VECTOR('',#3056,3.900000000016E0);
#3058=CARTESIAN_POINT('',(-1.114999987165E1,-1.779701989241E0,
1.490000000002E1));
#3059=LINE('',#3058,#3057);
#3060=CARTESIAN_POINT('',(-1.105E1,-1.779701989699E0,1.49E1));
#3061=DIRECTION('',(0.E0,-1.E0,0.E0));
#3062=DIRECTION('',(0.E0,0.E0,1.E0));
#3063=AXIS2_PLACEMENT_3D('',#3060,#3061,#3062);
#3065=CARTESIAN_POINT('',(-1.114999987165E1,-1.779701989241E0,
1.490000000002E1));
#3066=CARTESIAN_POINT('',(-1.114999980683E1,-1.752288830887E0,
1.489999988985E1));
#3067=CARTESIAN_POINT('',(-1.114546390292E1,-1.696449266007E0,
1.489637063605E1));
#3068=CARTESIAN_POINT('',(-1.112396737999E1,-1.612507239743E0,
1.487917332634E1));
#3069=CARTESIAN_POINT('',(-1.108650048268E1,-1.530057417234E0,
1.484920090705E1));
#3070=CARTESIAN_POINT('',(-1.103201594610E1,-1.452266161858E0,
1.480561245669E1));
#3071=CARTESIAN_POINT('',(-1.095971459817E1,-1.382650341631E0,
1.474777198704E1));
#3072=CARTESIAN_POINT('',(-1.086898879073E1,-1.325765615286E0,
1.467519195197E1));
#3073=CARTESIAN_POINT('',(-1.076371375547E1,-1.288501636257E0,
1.459096618069E1));
#3074=CARTESIAN_POINT('',(-1.068851683685E1,-1.279706267110E0,
1.453082281325E1));
#3075=CARTESIAN_POINT('',(-1.065E1,-1.279701989743E0,1.45E1));
#3077=CARTESIAN_POINT('',(-1.105E1,-3.537499999999E1,1.49E1));
#3078=DIRECTION('',(0.E0,1.E0,0.E0));
#3079=DIRECTION('',(-1.E0,0.E0,0.E0));
#3080=AXIS2_PLACEMENT_3D('',#3077,#3078,#3079);
#3082=DIRECTION('',(3.820354319623E-9,1.E0,4.664646830094E-13));
#3083=VECTOR('',#3082,3.359529801075E1);
#3084=CARTESIAN_POINT('',(-1.115E1,-3.537499999999E1,1.49E1));
#3085=LINE('',#3084,#3083);
#3086=DIRECTION('',(-1.279578930996E-14,-1.E0,2.427997003053E-9));
#3087=VECTOR('',#3086,3.359529800949E1);
#3088=CARTESIAN_POINT('',(-1.105E1,-1.779701990499E0,1.499999991843E1));
#3089=LINE('',#3088,#3087);
#3090=CARTESIAN_POINT('',(-1.165E1,-3.537499999999E1,1.5E1));
#3091=DIRECTION('',(0.E0,0.E0,-1.E0));
#3092=DIRECTION('',(1.E0,0.E0,0.E0));
#3093=AXIS2_PLACEMENT_3D('',#3090,#3091,#3092);
#3095=CARTESIAN_POINT('',(-1.165E1,-3.537499999999E1,1.49E1));
#3096=DIRECTION('',(0.E0,0.E0,-1.E0));
#3097=DIRECTION('',(1.E0,0.E0,0.E0));
#3098=AXIS2_PLACEMENT_3D('',#3095,#3096,#3097);
#3100=CARTESIAN_POINT('',(-1.165E1,-3.597499999999E1,1.49E1));
#3101=DIRECTION('',(1.E0,0.E0,0.E0));
#3102=DIRECTION('',(0.E0,1.E0,0.E0));
#3103=AXIS2_PLACEMENT_3D('',#3100,#3101,#3102);
#3105=DIRECTION('',(-1.E0,0.E0,0.E0));
#3106=VECTOR('',#3105,1.67E1);
#3107=CARTESIAN_POINT('',(-1.165E1,-3.597499999999E1,1.5E1));
#3108=LINE('',#3107,#3106);
#3109=CARTESIAN_POINT('',(-2.835E1,-3.597499999999E1,1.49E1));
#3110=DIRECTION('',(1.E0,0.E0,0.E0));
#3111=DIRECTION('',(0.E0,1.E0,0.E0));
#3112=AXIS2_PLACEMENT_3D('',#3109,#3110,#3111);
#3114=DIRECTION('',(1.E0,0.E0,0.E0));
#3115=VECTOR('',#3114,1.670000004401E1);
#3116=CARTESIAN_POINT('',(-2.835E1,-3.587499999999E1,1.49E1));
#3117=LINE('',#3116,#3115);
#3118=CARTESIAN_POINT('',(-2.835E1,-3.537499999999E1,1.5E1));
#3119=DIRECTION('',(0.E0,0.E0,-1.E0));
#3120=DIRECTION('',(-5.921189464667E-14,-1.E0,0.E0));
#3121=AXIS2_PLACEMENT_3D('',#3118,#3119,#3120);
#3123=CARTESIAN_POINT('',(-2.835E1,-3.537499999999E1,1.49E1));
#3124=DIRECTION('',(0.E0,0.E0,-1.E0));
#3125=DIRECTION('',(0.E0,-1.E0,0.E0));
#3126=AXIS2_PLACEMENT_3D('',#3123,#3124,#3125);
#3128=CARTESIAN_POINT('',(-2.895E1,-3.537499999999E1,1.49E1));
#3129=DIRECTION('',(0.E0,-1.E0,0.E0));
#3130=DIRECTION('',(1.E0,0.E0,0.E0));
#3131=AXIS2_PLACEMENT_3D('',#3128,#3129,#3130);
#3133=DIRECTION('',(4.589564099435E-13,1.E0,-3.820354319623E-9));
#3134=VECTOR('',#3133,3.359529801075E1);
#3135=CARTESIAN_POINT('',(-2.895E1,-3.537499999999E1,1.5E1));
#3136=LINE('',#3135,#3134);
#3137=DIRECTION('',(2.427997001418E-9,-1.E0,1.343029125017E-14));
#3138=VECTOR('',#3137,3.359529803212E1);
#3139=CARTESIAN_POINT('',(-2.885000008157E1,-1.779701990499E0,1.49E1));
#3140=LINE('',#3139,#3138);
#3141=CARTESIAN_POINT('',(-2.895E1,-1.779701989699E0,1.49E1));
#3142=DIRECTION('',(0.E0,-1.E0,0.E0));
#3143=DIRECTION('',(1.E0,0.E0,0.E0));
#3144=AXIS2_PLACEMENT_3D('',#3141,#3142,#3143);
#3146=CARTESIAN_POINT('',(-2.894999999998E1,-1.779701989242E0,
1.499999987165E1));
#3147=CARTESIAN_POINT('',(-2.895000011015E1,-1.752288830879E0,
1.499999980683E1));
#3148=CARTESIAN_POINT('',(-2.895362936395E1,-1.696449265985E0,
1.499546390292E1));
#3149=CARTESIAN_POINT('',(-2.897082667367E1,-1.612507239709E0,
1.497396737998E1));
#3150=CARTESIAN_POINT('',(-2.900079909296E1,-1.530057417207E0,
1.493650048267E1));
#3151=CARTESIAN_POINT('',(-2.904438754332E1,-1.452266161867E0,
1.488201594611E1));
#3152=CARTESIAN_POINT('',(-2.910222801293E1,-1.382650341658E0,
1.480971459820E1));
#3153=CARTESIAN_POINT('',(-2.917480804800E1,-1.325765615300E0,
1.471898879076E1));
#3154=CARTESIAN_POINT('',(-2.925903381930E1,-1.288501636258E0,
1.461371375548E1));
#3155=CARTESIAN_POINT('',(-2.931917718675E1,-1.279706267110E0,
1.453851683686E1));
#3156=CARTESIAN_POINT('',(-2.935E1,-1.279701989743E0,1.45E1));
#3158=DIRECTION('',(1.E0,0.E0,0.E0));
#3159=VECTOR('',#3158,2.015E1);
#3160=CARTESIAN_POINT('',(-4.95E1,-1.279701989743E0,1.45E1));
#3161=LINE('',#3160,#3159);
#3162=DIRECTION('',(-1.E0,-2.385187323447E-11,6.097194388327E-9));
#3163=VECTOR('',#3162,2.105000000002E1);
#3164=CARTESIAN_POINT('',(-2.894999999998E1,-1.779701989242E0,
1.499999987165E1));
#3165=LINE('',#3164,#3163);
#3166=CARTESIAN_POINT('',(-5.E1,-1.779701989744E0,1.5E1));
#3167=CARTESIAN_POINT('',(-5.E1,-1.730174976810E0,1.5E1));
#3168=CARTESIAN_POINT('',(-4.998562590094E1,-1.629578854671E0,
1.498562134330E1));
#3169=CARTESIAN_POINT('',(-4.991354097959E1,-1.483927064174E0,
1.491355532165E1));
#3170=CARTESIAN_POINT('',(-4.980500655633E1,-1.374316179185E0,
1.480499682686E1));
#3171=CARTESIAN_POINT('',(-4.967249124479E1,-1.301583378864E0,
1.467252565292E1));
#3172=CARTESIAN_POINT('',(-4.956007028317E1,-1.279701989743E0,
1.456007028317E1));
#3173=CARTESIAN_POINT('',(-4.95E1,-1.279701989743E0,1.45E1));
#3175=DIRECTION('',(0.E0,0.E0,1.E0));
#3176=VECTOR('',#3175,3.5E0);
#3177=CARTESIAN_POINT('',(-4.95E1,-1.279701989743E0,1.1E1));
#3178=LINE('',#3177,#3176);
#3179=DIRECTION('',(1.065814103640E-14,1.471600619141E-13,-1.E0));
#3180=VECTOR('',#3179,4.E0);
#3181=CARTESIAN_POINT('',(-5.E1,-1.779701989744E0,1.5E1));
#3182=LINE('',#3181,#3180);
#3183=DIRECTION('',(1.E0,0.E0,0.E0));
#3184=VECTOR('',#3183,2.015E1);
#3185=CARTESIAN_POINT('',(-4.95E1,2.372029801026E1,1.1E1));
#3186=LINE('',#3185,#3184);
#3187=CARTESIAN_POINT('',(-2.935E1,2.422029801026E1,1.1E1));
#3188=DIRECTION('',(0.E0,0.E0,1.E0));
#3189=DIRECTION('',(0.E0,-1.E0,0.E0));
#3190=AXIS2_PLACEMENT_3D('',#3187,#3188,#3189);
#3192=CARTESIAN_POINT('',(-2.935E1,-1.779701989743E0,1.1E1));
#3193=DIRECTION('',(0.E0,0.E0,1.E0));
#3194=DIRECTION('',(1.E0,0.E0,0.E0));
#3195=AXIS2_PLACEMENT_3D('',#3192,#3193,#3194);
#3197=DIRECTION('',(-1.E0,0.E0,0.E0));
#3198=VECTOR('',#3197,2.015E1);
#3199=CARTESIAN_POINT('',(-2.935E1,-1.279701989743E0,1.1E1));
#3200=LINE('',#3199,#3198);
#3201=CARTESIAN_POINT('',(-4.95E1,-1.779701989743E0,1.1E1));
#3202=DIRECTION('',(0.E0,0.E0,1.E0));
#3203=DIRECTION('',(0.E0,1.E0,0.E0));
#3204=AXIS2_PLACEMENT_3D('',#3201,#3202,#3203);
#3206=CARTESIAN_POINT('',(-4.95E1,2.422029801026E1,1.1E1));
#3207=DIRECTION('',(0.E0,0.E0,1.E0));
#3208=DIRECTION('',(-1.E0,0.E0,0.E0));
#3209=AXIS2_PLACEMENT_3D('',#3206,#3207,#3208);
#3211=DIRECTION('',(0.E0,0.E0,1.E0));
#3212=VECTOR('',#3211,3.499999999996E0);
#3213=CARTESIAN_POINT('',(-2.935E1,2.372029801026E1,1.1E1));
#3214=LINE('',#3213,#3212);
#3215=DIRECTION('',(0.E0,0.E0,-1.E0));
#3216=VECTOR('',#3215,3.500000000073E0);
#3217=CARTESIAN_POINT('',(-2.885E1,2.422029801026E1,1.450000000007E1));
#3218=LINE('',#3217,#3216);
#3219=CARTESIAN_POINT('',(-2.935E1,2.422029801026E1,1.45E1));
#3220=DIRECTION('',(0.E0,1.E0,0.E0));
#3221=DIRECTION('',(-1.279218508898E-9,0.E0,1.E0));
#3222=AXIS2_PLACEMENT_3D('',#3219,#3220,#3221);
#3224=CARTESIAN_POINT('',(-2.935E1,2.422029801026E1,1.45E1));
#3225=DIRECTION('',(1.999811427567E-11,3.324179248178E-11,-1.E0));
#3226=DIRECTION('',(1.E0,0.E0,1.999822529797E-11));
#3227=AXIS2_PLACEMENT_3D('',#3224,#3225,#3226);
#3229=CARTESIAN_POINT('',(-2.935E1,2.422029801026E1,1.45E1));
#3230=DIRECTION('',(-1.E0,0.E0,-1.999811427567E-11));
#3231=DIRECTION('',(0.E0,-1.E0,0.E0));
#3232=AXIS2_PLACEMENT_3D('',#3229,#3230,#3231);
#3234=DIRECTION('',(-3.847819734124E-12,1.E0,-2.240244062258E-9));
#3235=VECTOR('',#3234,2.705470198954E1);
#3236=CARTESIAN_POINT('',(-2.935000000032E1,2.422029801026E1,1.5E1));
#3237=LINE('',#3236,#3235);
#3238=DIRECTION('',(1.680183013852E-9,-1.E0,9.238076523571E-14));
#3239=VECTOR('',#3238,2.705470198974E1);
#3240=CARTESIAN_POINT('',(-2.885000004546E1,5.1275E1,1.450000000007E1));
#3241=LINE('',#3240,#3239);
#3242=CARTESIAN_POINT('',(1.176602521561E1,5.1625E1,1.500000001408E1));
#3243=CARTESIAN_POINT('',(1.166252851568E1,5.1625E1,1.500000001408E1));
#3244=CARTESIAN_POINT('',(1.146133198341E1,5.157664285964E1,1.499999998278E1));
#3245=CARTESIAN_POINT('',(1.119221207791E1,5.141122388464E1,1.500000003916E1));
#3246=CARTESIAN_POINT('',(1.100228319196E1,5.122728321647E1,1.499999992012E1));
#3247=CARTESIAN_POINT('',(1.090000000001E1,5.112500000001E1,1.499999992012E1));
#3249=CARTESIAN_POINT('',(-1.065E1,5.1275E1,1.499999993939E1));
#3250=CARTESIAN_POINT('',(-1.075193148916E1,5.137693150769E1,1.499999993939E1));
#3251=CARTESIAN_POINT('',(-1.094127881389E1,5.156052542922E1,1.500000002971E1));
#3252=CARTESIAN_POINT('',(-1.121103316386E1,5.172653164645E1,1.499999998693E1));
#3253=CARTESIAN_POINT('',(-1.141239963804E1,5.1775E1,1.500000001070E1));
#3254=CARTESIAN_POINT('',(-1.151602526100E1,5.1775E1,1.500000001070E1));
#3256=CARTESIAN_POINT('',(-2.848397473899E1,5.1775E1,1.500000001069E1));
#3257=CARTESIAN_POINT('',(-2.858746881992E1,5.1775E1,1.500000001069E1));
#3258=CARTESIAN_POINT('',(-2.878866407105E1,5.172666077069E1,1.499999998693E1));
#3259=CARTESIAN_POINT('',(-2.905804484393E1,5.156103134927E1,1.500000002971E1));
#3260=CARTESIAN_POINT('',(-2.924781349632E1,5.137718652249E1,1.499999993939E1));
#3261=CARTESIAN_POINT('',(-2.935000000043E1,5.127499999980E1,1.499999993939E1));
#3263=DIRECTION('',(0.E0,1.E0,0.E0));
#3264=VECTOR('',#3263,4.577970198974E1);
#3265=CARTESIAN_POINT('',(-5.E1,2.422029801026E1,1.5E1));
#3266=LINE('',#3265,#3264);
#3267=CARTESIAN_POINT('',(-4.5E1,7.E1,1.5E1));
#3268=DIRECTION('',(0.E0,0.E0,-1.E0));
#3269=DIRECTION('',(-1.E0,0.E0,0.E0));
#3270=AXIS2_PLACEMENT_3D('',#3267,#3268,#3269);
#3272=CARTESIAN_POINT('',(4.5E1,7.E1,1.5E1));
#3273=DIRECTION('',(0.E0,0.E0,-1.E0));
#3274=DIRECTION('',(0.E0,1.E0,0.E0));
#3275=AXIS2_PLACEMENT_3D('',#3272,#3273,#3274);
#3277=DIRECTION('',(0.E0,-1.E0,0.E0));
#3278=VECTOR('',#3277,4.577970198974E1);
#3279=CARTESIAN_POINT('',(5.E1,7.E1,1.5E1));
#3280=LINE('',#3279,#3278);
#3281=DIRECTION('',(0.E0,1.E0,0.E0));
#3282=VECTOR('',#3281,2.690470198974E1);
#3283=CARTESIAN_POINT('',(2.86E1,2.422029801026E1,1.5E1));
#3284=LINE('',#3283,#3282);
#3285=CARTESIAN_POINT('',(2.81E1,5.1125E1,1.5E1));
#3286=DIRECTION('',(0.E0,0.E0,1.E0));
#3287=DIRECTION('',(1.E0,0.E0,0.E0));
#3288=AXIS2_PLACEMENT_3D('',#3285,#3286,#3287);
#3290=DIRECTION('',(-1.E0,0.E0,0.E0));
#3291=VECTOR('',#3290,2.E-1);
#3292=CARTESIAN_POINT('',(2.81E1,5.1625E1,1.5E1));
#3293=LINE('',#3292,#3291);
#3294=CARTESIAN_POINT('',(2.79E1,6.3125E1,1.49E1));
#3295=DIRECTION('',(0.E0,1.E0,0.E0));
#3296=DIRECTION('',(-1.E0,0.E0,0.E0));
#3297=AXIS2_PLACEMENT_3D('',#3294,#3295,#3296);
#3299=DIRECTION('',(0.E0,-1.E0,0.E0));
#3300=VECTOR('',#3299,1.15E1);
#3301=CARTESIAN_POINT('',(2.79E1,6.3125E1,1.5E1));
#3302=LINE('',#3301,#3300);
#3303=DIRECTION('',(0.E0,1.E0,0.E0));
#3304=VECTOR('',#3303,1.150000003599E1);
#3305=CARTESIAN_POINT('',(2.78E1,5.1625E1,1.49E1));
#3306=LINE('',#3305,#3304);
#3307=CARTESIAN_POINT('',(2.73E1,6.3125E1,1.5E1));
#3308=DIRECTION('',(0.E0,0.E0,-1.E0));
#3309=DIRECTION('',(0.E0,1.E0,0.E0));
#3310=AXIS2_PLACEMENT_3D('',#3307,#3308,#3309);
#3312=CARTESIAN_POINT('',(2.73E1,6.3125E1,1.49E1));
#3313=DIRECTION('',(0.E0,0.E0,-1.E0));
#3314=DIRECTION('',(0.E0,1.E0,0.E0));
#3315=AXIS2_PLACEMENT_3D('',#3312,#3313,#3314);
#3317=CARTESIAN_POINT('',(1.27E1,6.3725E1,1.49E1));
#3318=DIRECTION('',(-1.E0,0.E0,0.E0));
#3319=DIRECTION('',(0.E0,-1.E0,0.E0));
#3320=AXIS2_PLACEMENT_3D('',#3317,#3318,#3319);
#3322=DIRECTION('',(1.E0,0.E0,0.E0));
#3323=VECTOR('',#3322,1.46E1);
#3324=CARTESIAN_POINT('',(1.27E1,6.3725E1,1.5E1));
#3325=LINE('',#3324,#3323);
#3326=CARTESIAN_POINT('',(2.73E1,6.3725E1,1.49E1));
#3327=DIRECTION('',(-1.E0,0.E0,0.E0));
#3328=DIRECTION('',(0.E0,-1.E0,0.E0));
#3329=AXIS2_PLACEMENT_3D('',#3326,#3327,#3328);
#3331=DIRECTION('',(-1.E0,0.E0,0.E0));
#3332=VECTOR('',#3331,1.460000003599E1);
#3333=CARTESIAN_POINT('',(2.73E1,6.3625E1,1.49E1));
#3334=LINE('',#3333,#3332);
#3335=CARTESIAN_POINT('',(1.27E1,6.3125E1,1.5E1));
#3336=DIRECTION('',(0.E0,0.E0,-1.E0));
#3337=DIRECTION('',(-1.E0,0.E0,0.E0));
#3338=AXIS2_PLACEMENT_3D('',#3335,#3336,#3337);
#3340=CARTESIAN_POINT('',(1.27E1,6.3125E1,1.49E1));
#3341=DIRECTION('',(0.E0,0.E0,-1.E0));
#3342=DIRECTION('',(-1.E0,0.E0,0.E0));
#3343=AXIS2_PLACEMENT_3D('',#3340,#3341,#3342);
#3345=CARTESIAN_POINT('',(1.21E1,6.3125E1,1.49E1));
#3346=DIRECTION('',(0.E0,-1.E0,0.E0));
#3347=DIRECTION('',(1.E0,0.E0,0.E0));
#3348=AXIS2_PLACEMENT_3D('',#3345,#3346,#3347);
#3350=DIRECTION('',(0.E0,-1.E0,0.E0));
#3351=VECTOR('',#3350,1.15E1);
#3352=CARTESIAN_POINT('',(1.22E1,6.3125E1,1.49E1));
#3353=LINE('',#3352,#3351);
#3354=DIRECTION('',(0.E0,1.E0,0.E0));
#3355=VECTOR('',#3354,1.15E1);
#3356=CARTESIAN_POINT('',(1.21E1,5.1625E1,1.5E1));
#3357=LINE('',#3356,#3355);
#3358=DIRECTION('',(0.E0,0.E0,-1.E0));
#3359=VECTOR('',#3358,1.49E1);
#3360=CARTESIAN_POINT('',(1.22E1,6.3125E1,1.49E1));
#3361=LINE('',#3360,#3359);
#3362=DIRECTION('',(0.E0,-1.E0,0.E0));
#3363=VECTOR('',#3362,1.15E1);
#3364=CARTESIAN_POINT('',(1.22E1,6.3125E1,0.E0));
#3365=LINE('',#3364,#3363);
#3366=DIRECTION('',(0.E0,0.E0,1.E0));
#3367=VECTOR('',#3366,1.49E1);
#3368=CARTESIAN_POINT('',(1.22E1,5.1625E1,0.E0));
#3369=LINE('',#3368,#3367);
#3370=CARTESIAN_POINT('',(1.27E1,6.3125E1,0.E0));
#3371=DIRECTION('',(0.E0,0.E0,1.E0));
#3372=DIRECTION('',(0.E0,1.E0,0.E0));
#3373=AXIS2_PLACEMENT_3D('',#3370,#3371,#3372);
#3375=DIRECTION('',(2.415220715445E-9,0.E0,-1.E0));
#3376=VECTOR('',#3375,1.49E1);
#3377=CARTESIAN_POINT('',(1.269999996401E1,6.3625E1,1.49E1));
#3378=LINE('',#3377,#3376);
#3379=DIRECTION('',(0.E0,0.E0,-1.E0));
#3380=VECTOR('',#3379,1.49E1);
#3381=CARTESIAN_POINT('',(2.73E1,6.3625E1,1.49E1));
#3382=LINE('',#3381,#3380);
#3383=DIRECTION('',(-1.E0,0.E0,0.E0));
#3384=VECTOR('',#3383,1.46E1);
#3385=CARTESIAN_POINT('',(2.73E1,6.3625E1,0.E0));
#3386=LINE('',#3385,#3384);
#3387=CARTESIAN_POINT('',(2.73E1,6.3125E1,0.E0));
#3388=DIRECTION('',(0.E0,0.E0,1.E0));
#3389=DIRECTION('',(1.E0,0.E0,0.E0));
#3390=AXIS2_PLACEMENT_3D('',#3387,#3388,#3389);
#3392=DIRECTION('',(0.E0,-2.415220596226E-9,-1.E0));
#3393=VECTOR('',#3392,1.49E1);
#3394=CARTESIAN_POINT('',(2.78E1,6.312500003599E1,1.49E1));
#3395=LINE('',#3394,#3393);
#3396=DIRECTION('',(0.E0,1.E0,0.E0));
#3397=VECTOR('',#3396,1.15E1);
#3398=CARTESIAN_POINT('',(2.78E1,5.1625E1,0.E0));
#3399=LINE('',#3398,#3397);
#3400=DIRECTION('',(0.E0,0.E0,1.E0));
#3401=VECTOR('',#3400,1.49E1);
#3402=CARTESIAN_POINT('',(2.78E1,5.1625E1,0.E0));
#3403=LINE('',#3402,#3401);
#3404=CARTESIAN_POINT('',(2.79E1,5.1625E1,1.49E1));
#3405=DIRECTION('',(0.E0,1.E0,0.E0));
#3406=DIRECTION('',(-1.E0,0.E0,2.664535259100E-13));
#3407=AXIS2_PLACEMENT_3D('',#3404,#3405,#3406);
#3409=DIRECTION('',(0.E0,0.E0,1.E0));
#3410=VECTOR('',#3409,1.5E1);
#3411=CARTESIAN_POINT('',(2.81E1,5.1625E1,0.E0));
#3412=LINE('',#3411,#3410);
#3413=DIRECTION('',(0.E0,0.E0,-1.E0));
#3414=VECTOR('',#3413,1.5E1);
#3415=CARTESIAN_POINT('',(2.86E1,5.1125E1,1.5E1));
#3416=LINE('',#3415,#3414);
#3417=CARTESIAN_POINT('',(1.09E1,5.1625E1,1.45E1));
#3418=DIRECTION('',(0.E0,-1.E0,0.E0));
#3419=DIRECTION('',(9.999999999962E-1,0.E0,-2.738692262246E-6));
#3420=AXIS2_PLACEMENT_3D('',#3417,#3418,#3419);
#3422=DIRECTION('',(1.E0,-4.255068160686E-14,-4.216144924686E-8));
#3423=VECTOR('',#3422,3.339747843877E-1);
#3424=CARTESIAN_POINT('',(1.176602521561E1,5.1625E1,1.500000001408E1));
#3425=LINE('',#3424,#3423);
#3426=CARTESIAN_POINT('',(1.21E1,5.1625E1,1.49E1));
#3427=DIRECTION('',(0.E0,1.E0,0.E0));
#3428=DIRECTION('',(1.776356839400E-14,0.E0,1.E0));
#3429=AXIS2_PLACEMENT_3D('',#3426,#3427,#3428);
#3431=CARTESIAN_POINT('',(1.189999976036E1,5.1125E1,1.45E1));
#3432=DIRECTION('',(0.E0,0.E0,1.E0));
#3433=DIRECTION('',(4.792832015710E-7,9.999999999999E-1,0.E0));
#3434=AXIS2_PLACEMENT_3D('',#3431,#3432,#3433);
#3436=CARTESIAN_POINT('',(1.09E1,5.1125E1,1.45E1));
#3437=DIRECTION('',(0.E0,-1.E0,0.E0));
#3438=DIRECTION('',(1.E0,0.E0,6.516355025699E-10));
#3439=AXIS2_PLACEMENT_3D('',#3436,#3437,#3438);
#3441=DIRECTION('',(-4.131751615127E-9,0.E0,1.E0));
#3442=VECTOR('',#3441,1.450000000016E1);
#3443=CARTESIAN_POINT('',(1.14E1,5.1125E1,0.E0));
#3444=LINE('',#3443,#3442);
#3445=DIRECTION('',(5.509002459567E-9,0.E0,-1.E0));
#3446=VECTOR('',#3445,1.449999908710E1);
#3447=CARTESIAN_POINT('',(1.189999992011E1,5.1625E1,1.449999908710E1));
#3448=LINE('',#3447,#3446);
#3449=DIRECTION('',(9.005677631609E-14,1.E0,-2.969017550960E-9));
#3450=VECTOR('',#3449,2.690470198975E1);
#3451=CARTESIAN_POINT('',(1.090000000001E1,2.422029801026E1,1.5E1));
#3452=LINE('',#3451,#3450);
#3453=DIRECTION('',(2.226763196233E-9,-1.E0,0.E0));
#3454=VECTOR('',#3453,2.690470198974E1);
#3455=CARTESIAN_POINT('',(1.139999994009E1,5.1125E1,1.450000000016E1));
#3456=LINE('',#3455,#3454);
#3457=CARTESIAN_POINT('',(1.09E1,2.422029801026E1,1.45E1));
#3458=DIRECTION('',(0.E0,1.E0,0.E0));
#3459=DIRECTION('',(0.E0,0.E0,1.E0));
#3460=AXIS2_PLACEMENT_3D('',#3457,#3458,#3459);
#3462=CARTESIAN_POINT('',(1.09E1,2.422029801026E1,1.45E1));
#3463=DIRECTION('',(0.E0,0.E0,-1.E0));
#3464=DIRECTION('',(1.E0,0.E0,0.E0));
#3465=AXIS2_PLACEMENT_3D('',#3462,#3463,#3464);
#3467=CARTESIAN_POINT('',(1.09E1,2.422029801026E1,1.45E1));
#3468=DIRECTION('',(-1.E0,0.E0,0.E0));
#3469=DIRECTION('',(0.E0,-1.E0,0.E0));
#3470=AXIS2_PLACEMENT_3D('',#3467,#3468,#3469);
#3472=DIRECTION('',(0.E0,0.E0,1.E0));
#3473=VECTOR('',#3472,3.5E0);
#3474=CARTESIAN_POINT('',(1.09E1,2.372029801026E1,1.1E1));
#3475=LINE('',#3474,#3473);
#3476=DIRECTION('',(0.E0,0.E0,-1.E0));
#3477=VECTOR('',#3476,3.500000000163E0);
#3478=CARTESIAN_POINT('',(1.14E1,2.422029801026E1,1.450000000016E1));
#3479=LINE('',#3478,#3477);
#3480=DIRECTION('',(1.E0,0.E0,0.E0));
#3481=VECTOR('',#3480,2.155E1);
#3482=CARTESIAN_POINT('',(-1.065E1,2.372029801026E1,1.1E1));
#3483=LINE('',#3482,#3481);
#3484=CARTESIAN_POINT('',(1.09E1,2.422029801026E1,1.1E1));
#3485=DIRECTION('',(0.E0,0.E0,1.E0));
#3486=DIRECTION('',(0.E0,-1.E0,0.E0));
#3487=AXIS2_PLACEMENT_3D('',#3484,#3485,#3486);
#3489=CARTESIAN_POINT('',(1.09E1,-1.779701989743E0,1.1E1));
#3490=DIRECTION('',(0.E0,0.E0,1.E0));
#3491=DIRECTION('',(1.E0,0.E0,0.E0));
#3492=AXIS2_PLACEMENT_3D('',#3489,#3490,#3491);
#3494=DIRECTION('',(-1.E0,0.E0,0.E0));
#3495=VECTOR('',#3494,2.155E1);
#3496=CARTESIAN_POINT('',(1.09E1,-1.279701989743E0,1.1E1));
#3497=LINE('',#3496,#3495);
#3498=CARTESIAN_POINT('',(-1.065E1,-1.779701989743E0,1.1E1));
#3499=DIRECTION('',(0.E0,0.E0,1.E0));
#3500=DIRECTION('',(0.E0,1.E0,0.E0));
#3501=AXIS2_PLACEMENT_3D('',#3498,#3499,#3500);
#3503=CARTESIAN_POINT('',(-1.065E1,2.422029801026E1,1.1E1));
#3504=DIRECTION('',(0.E0,0.E0,1.E0));
#3505=DIRECTION('',(-1.E0,0.E0,0.E0));
#3506=AXIS2_PLACEMENT_3D('',#3503,#3504,#3505);
#3508=DIRECTION('',(0.E0,0.E0,-1.E0));
#3509=VECTOR('',#3508,1.49E1);
#3510=CARTESIAN_POINT('',(-1.115E1,-3.537499999999E1,1.49E1));
#3511=LINE('',#3510,#3509);
#3512=DIRECTION('',(0.E0,-1.E0,0.E0));
#3513=VECTOR('',#3512,2.6E1);
#3514=CARTESIAN_POINT('',(-1.115E1,2.422029801026E1,1.1E1));
#3515=LINE('',#3514,#3513);
#3516=CARTESIAN_POINT('',(-1.165E1,-3.537499999999E1,0.E0));
#3517=DIRECTION('',(0.E0,0.E0,1.E0));
#3518=DIRECTION('',(0.E0,-1.E0,0.E0));
#3519=AXIS2_PLACEMENT_3D('',#3516,#3517,#3518);
#3521=DIRECTION('',(-2.953579513702E-9,0.E0,-1.E0));
#3522=VECTOR('',#3521,1.49E1);
#3523=CARTESIAN_POINT('',(-1.164999995599E1,-3.587499999999E1,1.49E1));
#3524=LINE('',#3523,#3522);
#3525=DIRECTION('',(0.E0,0.E0,-1.E0));
#3526=VECTOR('',#3525,1.49E1);
#3527=CARTESIAN_POINT('',(-2.835E1,-3.587499999999E1,1.49E1));
#3528=LINE('',#3527,#3526);
#3529=DIRECTION('',(1.E0,0.E0,0.E0));
#3530=VECTOR('',#3529,1.67E1);
#3531=CARTESIAN_POINT('',(-2.835E1,-3.587499999999E1,0.E0));
#3532=LINE('',#3531,#3530);
#3533=CARTESIAN_POINT('',(-2.835E1,-3.537499999999E1,0.E0));
#3534=DIRECTION('',(0.E0,0.E0,1.E0));
#3535=DIRECTION('',(-1.E0,0.E0,0.E0));
#3536=AXIS2_PLACEMENT_3D('',#3533,#3534,#3535);
#3538=DIRECTION('',(0.E0,1.518532354298E-9,-1.E0));
#3539=VECTOR('',#3538,1.49E1);
#3540=CARTESIAN_POINT('',(-2.885E1,-3.537500002262E1,1.49E1));
#3541=LINE('',#3540,#3539);
#3542=DIRECTION('',(0.E0,1.E0,0.E0));
#3543=VECTOR('',#3542,2.6E1);
#3544=CARTESIAN_POINT('',(-2.885E1,-1.779701989743E0,1.1E1));
#3545=LINE('',#3544,#3543);
#3546=DIRECTION('',(0.E0,1.674850734292E-14,-1.E0));
#3547=VECTOR('',#3546,3.5E0);
#3548=CARTESIAN_POINT('',(-2.935E1,-1.279701989743E0,1.45E1));
#3549=LINE('',#3548,#3547);
#3550=DIRECTION('',(-2.091520073942E-8,-1.937853865978E-10,1.E0));
#3551=VECTOR('',#3550,3.9E0);
#3552=CARTESIAN_POINT('',(-2.885E1,-1.779701989743E0,1.1E1));
#3553=LINE('',#3552,#3551);
#3554=CARTESIAN_POINT('',(-2.885000008157E1,-1.779701990499E0,1.49E1));
#3555=CARTESIAN_POINT('',(-2.885000010169E1,-1.771845162662E0,
1.489999998390E1));
#3556=CARTESIAN_POINT('',(-2.885055493972E1,-1.748297596548E0,
1.489955616926E1));
#3557=CARTESIAN_POINT('',(-2.885437130118E1,-1.707957343319E0,
1.489650304334E1));
#3558=CARTESIAN_POINT('',(-2.886406309518E1,-1.658109137641E0,
1.488874962231E1));
#3559=CARTESIAN_POINT('',(-2.888000558388E1,-1.606036375601E0,
1.487599562905E1));
#3560=CARTESIAN_POINT('',(-2.890309643205E1,-1.552850176964E0,
1.485752295406E1));
#3561=CARTESIAN_POINT('',(-2.893386964193E1,-1.500182566460E0,
1.483290438867E1));
#3562=CARTESIAN_POINT('',(-2.897244349763E1,-1.449795405715E0,
1.480204530739E1));
#3563=CARTESIAN_POINT('',(-2.901871900558E1,-1.403226093128E0,
1.476502490462E1));
#3564=CARTESIAN_POINT('',(-2.907248292400E1,-1.361887698594E0,
1.472201377221E1));
#3565=CARTESIAN_POINT('',(-2.913334148139E1,-1.327212509777E0,
1.467332693321E1));
#3566=CARTESIAN_POINT('',(-2.920046977066E1,-1.300713147313E0,
1.461962428804E1));
#3567=CARTESIAN_POINT('',(-2.927340418697E1,-1.283646308983E0,
1.456127682154E1));
#3568=CARTESIAN_POINT('',(-2.932389531678E1,-1.279707783447E0,
1.452088374657E1));
#3569=CARTESIAN_POINT('',(-2.935E1,-1.279701989743E0,1.45E1));
#3571=DIRECTION('',(-3.134955222605E-9,0.E0,1.E0));
#3572=VECTOR('',#3571,1.450000000007E1);
#3573=CARTESIAN_POINT('',(-2.885E1,5.1275E1,0.E0));
#3574=LINE('',#3573,#3572);
#3575=DIRECTION('',(4.179940088045E-9,0.E0,-1.E0));
#3576=VECTOR('',#3575,1.449999930768E1);
#3577=CARTESIAN_POINT('',(-2.835000006065E1,5.1775E1,1.449999930768E1));
#3578=LINE('',#3577,#3576);
#3579=CARTESIAN_POINT('',(-2.835000018183E1,5.1275E1,1.45E1));
#3580=DIRECTION('',(0.E0,0.E0,1.E0));
#3581=DIRECTION('',(3.636547987185E-7,9.999999999999E-1,0.E0));
#3582=AXIS2_PLACEMENT_3D('',#3579,#3580,#3581);
#3584=CARTESIAN_POINT('',(-2.935E1,5.1275E1,1.45E1));
#3585=DIRECTION('',(0.E0,-1.E0,0.E0));
#3586=DIRECTION('',(1.E0,0.E0,0.E0));
#3587=AXIS2_PLACEMENT_3D('',#3584,#3585,#3586);
#3589=CARTESIAN_POINT('',(-2.935E1,5.1775E1,1.45E1));
#3590=DIRECTION('',(0.E0,-1.E0,0.E0));
#3591=DIRECTION('',(9.999999999978E-1,0.E0,-2.076965638760E-6));
#3592=AXIS2_PLACEMENT_3D('',#3589,#3590,#3591);
#3594=DIRECTION('',(1.E0,-1.216735396786E-14,-1.829711176310E-8));
#3595=VECTOR('',#3594,5.839747389918E-1);
#3596=CARTESIAN_POINT('',(-2.848397473899E1,5.1775E1,1.500000001069E1));
#3597=LINE('',#3596,#3595);
#3598=CARTESIAN_POINT('',(-2.79E1,5.1775E1,1.49E1));
#3599=DIRECTION('',(0.E0,1.E0,0.E0));
#3600=DIRECTION('',(0.E0,0.E0,1.E0));
#3601=AXIS2_PLACEMENT_3D('',#3598,#3599,#3600);
#3603=CARTESIAN_POINT('',(-2.79E1,6.3275E1,1.49E1));
#3604=DIRECTION('',(0.E0,-1.E0,0.E0));
#3605=DIRECTION('',(1.E0,0.E0,0.E0));
#3606=AXIS2_PLACEMENT_3D('',#3603,#3604,#3605);
#3608=DIRECTION('',(0.E0,-1.E0,0.E0));
#3609=VECTOR('',#3608,1.15E1);
#3610=CARTESIAN_POINT('',(-2.78E1,6.3275E1,1.49E1));
#3611=LINE('',#3610,#3609);
#3612=DIRECTION('',(0.E0,1.E0,0.E0));
#3613=VECTOR('',#3612,1.15E1);
#3614=CARTESIAN_POINT('',(-2.79E1,5.1775E1,1.5E1));
#3615=LINE('',#3614,#3613);
#3616=CARTESIAN_POINT('',(-2.73E1,6.3275E1,1.5E1));
#3617=DIRECTION('',(0.E0,0.E0,-1.E0));
#3618=DIRECTION('',(-1.E0,3.552713678800E-14,0.E0));
#3619=AXIS2_PLACEMENT_3D('',#3616,#3617,#3618);
#3621=CARTESIAN_POINT('',(-2.73E1,6.3275E1,1.49E1));
#3622=DIRECTION('',(0.E0,0.E0,-1.E0));
#3623=DIRECTION('',(-1.E0,0.E0,0.E0));
#3624=AXIS2_PLACEMENT_3D('',#3621,#3622,#3623);
#3626=CARTESIAN_POINT('',(-1.27E1,6.3875E1,1.49E1));
#3627=DIRECTION('',(-1.E0,0.E0,0.E0));
#3628=DIRECTION('',(0.E0,-1.E0,0.E0));
#3629=AXIS2_PLACEMENT_3D('',#3626,#3627,#3628);
#3631=DIRECTION('',(-1.E0,0.E0,0.E0));
#3632=VECTOR('',#3631,1.460000003599E1);
#3633=CARTESIAN_POINT('',(-1.27E1,6.3775E1,1.49E1));
#3634=LINE('',#3633,#3632);
#3635=CARTESIAN_POINT('',(-2.73E1,6.3875E1,1.49E1));
#3636=DIRECTION('',(-1.E0,0.E0,0.E0));
#3637=DIRECTION('',(0.E0,-1.E0,0.E0));
#3638=AXIS2_PLACEMENT_3D('',#3635,#3636,#3637);
#3640=DIRECTION('',(1.E0,0.E0,0.E0));
#3641=VECTOR('',#3640,1.46E1);
#3642=CARTESIAN_POINT('',(-2.73E1,6.3875E1,1.5E1));
#3643=LINE('',#3642,#3641);
#3644=CARTESIAN_POINT('',(-1.27E1,6.3275E1,1.5E1));
#3645=DIRECTION('',(0.E0,0.E0,-1.E0));
#3646=DIRECTION('',(0.E0,1.E0,0.E0));
#3647=AXIS2_PLACEMENT_3D('',#3644,#3645,#3646);
#3649=CARTESIAN_POINT('',(-1.27E1,6.3275E1,1.49E1));
#3650=DIRECTION('',(0.E0,0.E0,-1.E0));
#3651=DIRECTION('',(0.E0,1.E0,0.E0));
#3652=AXIS2_PLACEMENT_3D('',#3649,#3650,#3651);
#3654=CARTESIAN_POINT('',(-1.21E1,6.3275E1,1.49E1));
#3655=DIRECTION('',(0.E0,1.E0,0.E0));
#3656=DIRECTION('',(-1.E0,0.E0,0.E0));
#3657=AXIS2_PLACEMENT_3D('',#3654,#3655,#3656);
#3659=DIRECTION('',(0.E0,-1.E0,0.E0));
#3660=VECTOR('',#3659,1.15E1);
#3661=CARTESIAN_POINT('',(-1.21E1,6.3275E1,1.5E1));
#3662=LINE('',#3661,#3660);
#3663=DIRECTION('',(0.E0,1.E0,0.E0));
#3664=VECTOR('',#3663,1.150000003599E1);
#3665=CARTESIAN_POINT('',(-1.22E1,5.1775E1,1.49E1));
#3666=LINE('',#3665,#3664);
#3667=CARTESIAN_POINT('',(-1.065E1,5.1775E1,1.45E1));
#3668=DIRECTION('',(0.E0,-1.E0,0.E0));
#3669=DIRECTION('',(-8.660253538191E-1,0.E0,5.000000865424E-1));
#3670=AXIS2_PLACEMENT_3D('',#3667,#3668,#3669);
#3672=DIRECTION('',(0.E0,0.E0,1.E0));
#3673=VECTOR('',#3672,1.49E1);
#3674=CARTESIAN_POINT('',(-1.22E1,5.1775E1,0.E0));
#3675=LINE('',#3674,#3673);
#3676=CARTESIAN_POINT('',(-1.21E1,5.1775E1,1.49E1));
#3677=DIRECTION('',(0.E0,1.E0,0.E0));
#3678=DIRECTION('',(-1.E0,0.E0,0.E0));
#3679=AXIS2_PLACEMENT_3D('',#3676,#3677,#3678);
#3681=DIRECTION('',(1.E0,0.E0,1.831700842847E-8));
#3682=VECTOR('',#3681,5.839747389986E-1);
#3683=CARTESIAN_POINT('',(-1.21E1,5.1775E1,1.5E1));
#3684=LINE('',#3683,#3682);
#3685=CARTESIAN_POINT('',(-1.065E1,5.1275E1,1.45E1));
#3686=DIRECTION('',(0.E0,-1.E0,0.E0));
#3687=DIRECTION('',(0.E0,0.E0,1.E0));
#3688=AXIS2_PLACEMENT_3D('',#3685,#3686,#3687);
#3690=CARTESIAN_POINT('',(-1.164999981817E1,5.1275E1,1.45E1));
#3691=DIRECTION('',(0.E0,0.E0,1.E0));
#3692=DIRECTION('',(1.E0,0.E0,0.E0));
#3693=AXIS2_PLACEMENT_3D('',#3690,#3691,#3692);
#3695=DIRECTION('',(1.680183013852E-9,1.E0,9.244642320673E-14));
#3696=VECTOR('',#3695,2.705470198974E1);
#3697=CARTESIAN_POINT('',(-1.115E1,2.422029801026E1,1.449999999979E1));
#3698=LINE('',#3697,#3696);
#3699=DIRECTION('',(-8.141588407411E-14,-1.E0,2.240244062241E-9));
#3700=VECTOR('',#3699,2.705470198974E1);
#3701=CARTESIAN_POINT('',(-1.065E1,5.1275E1,1.499999993939E1));
#3702=LINE('',#3701,#3700);
#3703=CARTESIAN_POINT('',(-1.065E1,2.422029801026E1,1.45E1));
#3704=DIRECTION('',(1.507305038070E-14,1.E0,0.E0));
#3705=DIRECTION('',(-1.E0,1.421085471520E-14,-8.342802004790E-10));
#3706=AXIS2_PLACEMENT_3D('',#3703,#3704,#3705);
#3708=CARTESIAN_POINT('',(-1.065E1,2.422029801026E1,1.45E1));
#3709=DIRECTION('',(1.E0,3.324337277677E-11,1.999811427567E-11));
#3710=DIRECTION('',(-1.999822529797E-11,0.E0,1.E0));
#3711=AXIS2_PLACEMENT_3D('',#3708,#3709,#3710);
#3713=CARTESIAN_POINT('',(-1.065E1,2.422029801026E1,1.45E1));
#3714=DIRECTION('',(1.999811427567E-11,0.E0,-1.E0));
#3715=DIRECTION('',(0.E0,-1.E0,0.E0));
#3716=AXIS2_PLACEMENT_3D('',#3713,#3714,#3715);
#3718=DIRECTION('',(-1.E0,0.E0,0.E0));
#3719=VECTOR('',#3718,2.155E1);
#3720=CARTESIAN_POINT('',(1.09E1,2.372029801026E1,1.45E1));
#3721=LINE('',#3720,#3719);
#3722=DIRECTION('',(1.E0,0.E0,0.E0));
#3723=VECTOR('',#3722,2.155000000001E1);
#3724=CARTESIAN_POINT('',(-1.065E1,2.422029801026E1,1.5E1));
#3725=LINE('',#3724,#3723);
#3726=DIRECTION('',(0.E0,0.E0,1.E0));
#3727=VECTOR('',#3726,3.499999999789E0);
#3728=CARTESIAN_POINT('',(-1.115E1,2.422029801026E1,1.1E1));
#3729=LINE('',#3728,#3727);
#3730=DIRECTION('',(-1.186606368719E-12,0.E0,-1.E0));
#3731=VECTOR('',#3730,3.5E0);
#3732=CARTESIAN_POINT('',(-1.065E1,2.372029801026E1,1.45E1));
#3733=LINE('',#3732,#3731);
#3734=DIRECTION('',(4.179942660649E-9,0.E0,1.E0));
#3735=VECTOR('',#3734,1.449999930786E1);
#3736=CARTESIAN_POINT('',(-1.164999999989E1,5.1775E1,0.E0));
#3737=LINE('',#3736,#3735);
#3738=DIRECTION('',(-3.134955100158E-9,0.E0,-1.E0));
#3739=VECTOR('',#3738,1.449999999979E1);
#3740=CARTESIAN_POINT('',(-1.114999995454E1,5.1275E1,1.449999999979E1));
#3741=LINE('',#3740,#3739);
#3742=DIRECTION('',(0.E0,-2.415220596226E-9,-1.E0));
#3743=VECTOR('',#3742,1.49E1);
#3744=CARTESIAN_POINT('',(-1.22E1,6.327500003599E1,1.49E1));
#3745=LINE('',#3744,#3743);
#3746=DIRECTION('',(0.E0,1.E0,0.E0));
#3747=VECTOR('',#3746,1.15E1);
#3748=CARTESIAN_POINT('',(-1.22E1,5.1775E1,0.E0));
#3749=LINE('',#3748,#3747);
#3750=CARTESIAN_POINT('',(-1.27E1,6.3275E1,0.E0));
#3751=DIRECTION('',(0.E0,0.E0,1.E0));
#3752=DIRECTION('',(1.E0,0.E0,0.E0));
#3753=AXIS2_PLACEMENT_3D('',#3750,#3751,#3752);
#3755=DIRECTION('',(0.E0,0.E0,-1.E0));
#3756=VECTOR('',#3755,1.49E1);
#3757=CARTESIAN_POINT('',(-1.27E1,6.3775E1,1.49E1));
#3758=LINE('',#3757,#3756);
#3759=DIRECTION('',(-1.E0,0.E0,0.E0));
#3760=VECTOR('',#3759,1.46E1);
#3761=CARTESIAN_POINT('',(-1.27E1,6.3775E1,0.E0));
#3762=LINE('',#3761,#3760);
#3763=DIRECTION('',(2.415220596226E-9,0.E0,-1.E0));
#3764=VECTOR('',#3763,1.49E1);
#3765=CARTESIAN_POINT('',(-2.730000003599E1,6.3775E1,1.49E1));
#3766=LINE('',#3765,#3764);
#3767=CARTESIAN_POINT('',(-2.73E1,6.3275E1,0.E0));
#3768=DIRECTION('',(0.E0,0.E0,1.E0));
#3769=DIRECTION('',(0.E0,1.E0,0.E0));
#3770=AXIS2_PLACEMENT_3D('',#3767,#3768,#3769);
#3772=DIRECTION('',(0.E0,0.E0,-1.E0));
#3773=VECTOR('',#3772,1.49E1);
#3774=CARTESIAN_POINT('',(-2.78E1,6.3275E1,1.49E1));
#3775=LINE('',#3774,#3773);
#3776=DIRECTION('',(0.E0,-1.E0,0.E0));
#3777=VECTOR('',#3776,1.15E1);
#3778=CARTESIAN_POINT('',(-2.78E1,6.3275E1,0.E0));
#3779=LINE('',#3778,#3777);
#3780=DIRECTION('',(0.E0,0.E0,1.E0));
#3781=VECTOR('',#3780,1.49E1);
#3782=CARTESIAN_POINT('',(-2.78E1,5.1775E1,0.E0));
#3783=LINE('',#3782,#3781);
#3784=DIRECTION('',(1.E0,0.E0,0.E0));
#3785=VECTOR('',#3784,2.064999999968E1);
#3786=CARTESIAN_POINT('',(-5.E1,2.422029801026E1,1.5E1));
#3787=LINE('',#3786,#3785);
#3788=DIRECTION('',(-1.E0,0.E0,2.062866007045E-13));
#3789=VECTOR('',#3788,2.015E1);
#3790=CARTESIAN_POINT('',(-2.935E1,2.372029801026E1,1.45E1));
#3791=LINE('',#3790,#3789);
#3792=DIRECTION('',(0.E0,0.E0,-1.E0));
#3793=VECTOR('',#3792,3.5E0);
#3794=CARTESIAN_POINT('',(-4.95E1,2.372029801026E1,1.45E1));
#3795=LINE('',#3794,#3793);
#3796=DIRECTION('',(0.E0,0.E0,1.E0));
#3797=VECTOR('',#3796,4.E0);
#3798=CARTESIAN_POINT('',(-5.E1,2.422029801026E1,1.1E1));
#3799=LINE('',#3798,#3797);
#3800=CARTESIAN_POINT('',(-5.E1,2.422029801026E1,1.5E1));
#3801=CARTESIAN_POINT('',(-5.E1,2.417077099733E1,1.5E1));
#3802=CARTESIAN_POINT('',(-4.998562134330E1,2.407017487519E1,1.498562590095E1));
#3803=CARTESIAN_POINT('',(-4.991355532165E1,2.392452308469E1,1.491354097959E1));
#3804=CARTESIAN_POINT('',(-4.980499682686E1,2.381491219970E1,1.480500655634E1));
#3805=CARTESIAN_POINT('',(-4.967252565293E1,2.374217939938E1,1.467249124479E1));
#3806=CARTESIAN_POINT('',(-4.956007028317E1,2.372029801026E1,1.456007028317E1));
#3807=CARTESIAN_POINT('',(-4.95E1,2.372029801026E1,1.45E1));
#3809=DIRECTION('',(-1.E0,0.E0,0.E0));
#3810=VECTOR('',#3809,2.09E1);
#3811=CARTESIAN_POINT('',(5.E1,2.372029801026E1,1.45E1));
#3812=LINE('',#3811,#3810);
#3813=DIRECTION('',(1.E0,0.E0,0.E0));
#3814=VECTOR('',#3813,2.14E1);
#3815=CARTESIAN_POINT('',(2.86E1,2.422029801026E1,1.5E1));
#3816=LINE('',#3815,#3814);
#3817=CARTESIAN_POINT('',(2.91E1,2.422029801026E1,1.1E1));
#3818=DIRECTION('',(0.E0,0.E0,1.E0));
#3819=DIRECTION('',(-1.E0,0.E0,0.E0));
#3820=AXIS2_PLACEMENT_3D('',#3817,#3818,#3819);
#3822=DIRECTION('',(1.E0,0.E0,0.E0));
#3823=VECTOR('',#3822,2.09E1);
#3824=CARTESIAN_POINT('',(2.91E1,2.372029801026E1,1.1E1));
#3825=LINE('',#3824,#3823);
#3826=DIRECTION('',(0.E0,-1.E0,0.E0));
#3827=VECTOR('',#3826,2.5E1);
#3828=CARTESIAN_POINT('',(5.E1,2.372029801026E1,1.1E1));
#3829=LINE('',#3828,#3827);
#3830=DIRECTION('',(-1.E0,0.E0,0.E0));
#3831=VECTOR('',#3830,2.09E1);
#3832=CARTESIAN_POINT('',(5.E1,-1.279701989743E0,1.1E1));
#3833=LINE('',#3832,#3831);
#3834=CARTESIAN_POINT('',(2.91E1,-1.779701989743E0,1.1E1));
#3835=DIRECTION('',(0.E0,0.E0,1.E0));
#3836=DIRECTION('',(-1.421085471520E-14,1.E0,0.E0));
#3837=AXIS2_PLACEMENT_3D('',#3834,#3835,#3836);
#3839=DIRECTION('',(0.E0,0.E0,-1.E0));
#3840=VECTOR('',#3839,3.5E0);
#3841=CARTESIAN_POINT('',(2.91E1,2.372029801026E1,1.45E1));
#3842=LINE('',#3841,#3840);
#3843=DIRECTION('',(0.E0,0.E0,1.E0));
#3844=VECTOR('',#3843,4.E0);
#3845=CARTESIAN_POINT('',(2.86E1,2.422029801026E1,1.1E1));
#3846=LINE('',#3845,#3844);
#3847=CARTESIAN_POINT('',(2.86E1,2.422029801026E1,1.5E1));
#3848=CARTESIAN_POINT('',(2.86E1,2.417077099733E1,1.5E1));
#3849=CARTESIAN_POINT('',(2.861437865670E1,2.407017487519E1,1.498562590095E1));
#3850=CARTESIAN_POINT('',(2.868644467835E1,2.392452308469E1,1.491354097959E1));
#3851=CARTESIAN_POINT('',(2.879500317314E1,2.381491219970E1,1.480500655634E1));
#3852=CARTESIAN_POINT('',(2.892747434707E1,2.374217939938E1,1.467249124479E1));
#3853=CARTESIAN_POINT('',(2.903992971683E1,2.372029801026E1,1.456007028317E1));
#3854=CARTESIAN_POINT('',(2.91E1,2.372029801026E1,1.45E1));
#3856=DIRECTION('',(0.E0,0.E0,1.E0));
#3857=VECTOR('',#3856,3.5E0);
#3858=CARTESIAN_POINT('',(5.E1,-1.279701989743E0,1.1E1));
#3859=LINE('',#3858,#3857);
#3860=DIRECTION('',(0.E0,-1.693883129E-14,1.E0));
#3861=VECTOR('',#3860,3.5E0);
#3862=CARTESIAN_POINT('',(2.91E1,-1.279701989743E0,1.1E1));
#3863=LINE('',#3862,#3861);
#3864=DIRECTION('',(-3.290921677605E-8,-1.287931584738E-10,-1.E0));
#3865=VECTOR('',#3864,3.900000000015E0);
#3866=CARTESIAN_POINT('',(2.860000012835E1,-1.779701989241E0,1.490000000002E1));
#3867=LINE('',#3866,#3865);
#3868=CARTESIAN_POINT('',(2.87E1,-1.779701989699E0,1.49E1));
#3869=DIRECTION('',(0.E0,-1.E0,0.E0));
#3870=DIRECTION('',(0.E0,0.E0,1.E0));
#3871=AXIS2_PLACEMENT_3D('',#3868,#3869,#3870);
#3873=CARTESIAN_POINT('',(2.860000012835E1,-1.779701989241E0,1.490000000002E1));
#3874=CARTESIAN_POINT('',(2.860000019317E1,-1.752288830887E0,1.489999988985E1));
#3875=CARTESIAN_POINT('',(2.860453609708E1,-1.696449266008E0,1.489637063605E1));
#3876=CARTESIAN_POINT('',(2.862603262001E1,-1.612507239744E0,1.487917332634E1));
#3877=CARTESIAN_POINT('',(2.866349951732E1,-1.530057417234E0,1.484920090705E1));
#3878=CARTESIAN_POINT('',(2.871798405390E1,-1.452266161858E0,1.480561245669E1));
#3879=CARTESIAN_POINT('',(2.879028540184E1,-1.382650341630E0,1.474777198704E1));
#3880=CARTESIAN_POINT('',(2.888101120927E1,-1.325765615286E0,1.467519195197E1));
#3881=CARTESIAN_POINT('',(2.898628624453E1,-1.288501636257E0,1.459096618069E1));
#3882=CARTESIAN_POINT('',(2.906148316315E1,-1.279706267110E0,1.453082281325E1));
#3883=CARTESIAN_POINT('',(2.91E1,-1.279701989743E0,1.45E1));
#3885=DIRECTION('',(1.E0,0.E0,0.E0));
#3886=VECTOR('',#3885,2.09E1);
#3887=CARTESIAN_POINT('',(2.91E1,-1.279701989743E0,1.45E1));
#3888=LINE('',#3887,#3886);
#3889=DIRECTION('',(-1.E0,-3.548128926817E-11,-3.829543880755E-9));
#3890=VECTOR('',#3889,2.13E1);
#3891=CARTESIAN_POINT('',(5.E1,-1.779701989743E0,1.5E1));
#3892=LINE('',#3891,#3890);
#3893=CARTESIAN_POINT('',(2.87E1,-1.779701990499E0,1.499999991843E1));
#3894=CARTESIAN_POINT('',(2.870000001610E1,-1.771845162660E0,1.499999989831E1));
#3895=CARTESIAN_POINT('',(2.870044383074E1,-1.748297596544E0,1.499944506028E1));
#3896=CARTESIAN_POINT('',(2.870349695666E1,-1.707957343314E0,1.499562869882E1));
#3897=CARTESIAN_POINT('',(2.871125037770E1,-1.658109137635E0,1.498593690482E1));
#3898=CARTESIAN_POINT('',(2.872400437095E1,-1.606036375595E0,1.496999441612E1));
#3899=CARTESIAN_POINT('',(2.874247704594E1,-1.552850176957E0,1.494690356795E1));
#3900=CARTESIAN_POINT('',(2.876709561133E1,-1.500182566454E0,1.491613035806E1));
#3901=CARTESIAN_POINT('',(2.879795469261E1,-1.449795405709E0,1.487755650236E1));
#3902=CARTESIAN_POINT('',(2.883497509539E1,-1.403226093124E0,1.483128099441E1));
#3903=CARTESIAN_POINT('',(2.887798622780E1,-1.361887698591E0,1.477751707599E1));
#3904=CARTESIAN_POINT('',(2.892667306679E1,-1.327212509776E0,1.471665851861E1));
#3905=CARTESIAN_POINT('',(2.898037571196E1,-1.300713147311E0,1.464953022934E1));
#3906=CARTESIAN_POINT('',(2.903872317846E1,-1.283646308983E0,1.457659581303E1));
#3907=CARTESIAN_POINT('',(2.907911625343E1,-1.279707783447E0,1.452610468322E1));
#3908=CARTESIAN_POINT('',(2.91E1,-1.279701989743E0,1.45E1));
#3910=DIRECTION('',(1.E0,0.E0,0.E0));
#3911=VECTOR('',#3910,2.155E1);
#3912=CARTESIAN_POINT('',(-1.065E1,-1.279701989743E0,1.45E1));
#3913=LINE('',#3912,#3911);
#3914=DIRECTION('',(-1.E0,-5.627889901553E-11,2.092915391080E-9));
#3915=VECTOR('',#3914,2.235000000001E1);
#3916=CARTESIAN_POINT('',(1.130000000002E1,-1.779701989241E0,1.499999987165E1));
#3917=LINE('',#3916,#3915);
#3918=CARTESIAN_POINT('',(-1.105E1,-1.779701990499E0,1.499999991843E1));
#3919=CARTESIAN_POINT('',(-1.104999998390E1,-1.771845162661E0,
1.499999989831E1));
#3920=CARTESIAN_POINT('',(-1.104955616926E1,-1.748297596544E0,
1.499944506028E1));
#3921=CARTESIAN_POINT('',(-1.104650304334E1,-1.707957343315E0,
1.499562869882E1));
#3922=CARTESIAN_POINT('',(-1.103874962230E1,-1.658109137635E0,
1.498593690482E1));
#3923=CARTESIAN_POINT('',(-1.102599562905E1,-1.606036375595E0,
1.496999441612E1));
#3924=CARTESIAN_POINT('',(-1.100752295406E1,-1.552850176957E0,
1.494690356795E1));
#3925=CARTESIAN_POINT('',(-1.098290438867E1,-1.500182566454E0,
1.491613035806E1));
#3926=CARTESIAN_POINT('',(-1.095204530739E1,-1.449795405710E0,
1.487755650236E1));
#3927=CARTESIAN_POINT('',(-1.091502490461E1,-1.403226093124E0,
1.483128099441E1));
#3928=CARTESIAN_POINT('',(-1.087201377220E1,-1.361887698591E0,
1.477751707599E1));
#3929=CARTESIAN_POINT('',(-1.082332693321E1,-1.327212509776E0,
1.471665851861E1));
#3930=CARTESIAN_POINT('',(-1.076962428804E1,-1.300713147311E0,
1.464953022934E1));
#3931=CARTESIAN_POINT('',(-1.071127682154E1,-1.283646308983E0,
1.457659581303E1));
#3932=CARTESIAN_POINT('',(-1.067088374657E1,-1.279707783447E0,
1.452610468322E1));
#3933=CARTESIAN_POINT('',(-1.065E1,-1.279701989743E0,1.45E1));
#3935=CARTESIAN_POINT('',(1.13E1,-1.779701989699E0,1.49E1));
#3936=DIRECTION('',(0.E0,-1.E0,0.E0));
#3937=DIRECTION('',(1.E0,0.E0,0.E0));
#3938=AXIS2_PLACEMENT_3D('',#3935,#3936,#3937);
#3940=CARTESIAN_POINT('',(1.130000000002E1,-1.779701989241E0,1.499999987165E1));
#3941=CARTESIAN_POINT('',(1.129999988985E1,-1.752288830880E0,1.499999980683E1));
#3942=CARTESIAN_POINT('',(1.129637063605E1,-1.696449265988E0,1.499546390292E1));
#3943=CARTESIAN_POINT('',(1.127917332633E1,-1.612507239713E0,1.497396737998E1));
#3944=CARTESIAN_POINT('',(1.124920090704E1,-1.530057417209E0,1.493650048267E1));
#3945=CARTESIAN_POINT('',(1.120561245668E1,-1.452266161865E0,1.488201594611E1));
#3946=CARTESIAN_POINT('',(1.114777198707E1,-1.382650341653E0,1.480971459819E1));
#3947=CARTESIAN_POINT('',(1.107519195200E1,-1.325765615297E0,1.471898879076E1));
#3948=CARTESIAN_POINT('',(1.099096618070E1,-1.288501636256E0,1.461371375547E1));
#3949=CARTESIAN_POINT('',(1.093082281325E1,-1.279706267110E0,1.453851683685E1));
#3950=CARTESIAN_POINT('',(1.09E1,-1.279701989743E0,1.45E1));
#3952=CARTESIAN_POINT('',(-5.E1,-5.409999999999E1,0.E0));
#3953=CARTESIAN_POINT('',(-4.5E1,-5.909999999999E1,0.E0));
#3954=VERTEX_POINT('',#3952);
#3955=VERTEX_POINT('',#3953);
#3956=CARTESIAN_POINT('',(4.5E1,-5.909999999999E1,0.E0));
#3957=VERTEX_POINT('',#3956);
#3958=CARTESIAN_POINT('',(5.E1,-5.409999999999E1,0.E0));
#3959=VERTEX_POINT('',#3958);
#3960=CARTESIAN_POINT('',(5.E1,7.E1,0.E0));
#3961=VERTEX_POINT('',#3960);
#3962=CARTESIAN_POINT('',(4.5E1,7.5E1,2.131628207280E-14));
#3963=VERTEX_POINT('',#3962);
#3964=CARTESIAN_POINT('',(-4.5E1,7.5E1,0.E0));
#3965=VERTEX_POINT('',#3964);
#3966=CARTESIAN_POINT('',(-5.E1,7.E1,2.131628207280E-14));
#3967=VERTEX_POINT('',#3966);
#3968=CARTESIAN_POINT('',(2.78E1,5.1625E1,0.E0));
#3969=CARTESIAN_POINT('',(2.81E1,5.1625E1,0.E0));
#3970=VERTEX_POINT('',#3968);
#3971=VERTEX_POINT('',#3969);
#3972=CARTESIAN_POINT('',(2.86E1,5.1125E1,0.E0));
#3973=VERTEX_POINT('',#3972);
#3974=CARTESIAN_POINT('',(1.14E1,5.1125E1,0.E0));
#3975=CARTESIAN_POINT('',(1.19E1,5.1625E1,0.E0));
#3976=VERTEX_POINT('',#3974);
#3977=VERTEX_POINT('',#3975);
#3978=CARTESIAN_POINT('',(1.22E1,5.1625E1,0.E0));
#3979=VERTEX_POINT('',#3978);
#3980=CARTESIAN_POINT('',(-1.22E1,5.1775E1,0.E0));
#3981=CARTESIAN_POINT('',(-1.164999999989E1,5.1775E1,0.E0));
#3982=VERTEX_POINT('',#3980);
#3983=VERTEX_POINT('',#3981);
#3984=CARTESIAN_POINT('',(-1.115E1,5.1275E1,0.E0));
#3985=VERTEX_POINT('',#3984);
#3986=CARTESIAN_POINT('',(-2.885E1,5.1275E1,0.E0));
#3987=CARTESIAN_POINT('',(-2.835E1,5.1775E1,0.E0));
#3988=VERTEX_POINT('',#3986);
#3989=VERTEX_POINT('',#3987);
#3990=CARTESIAN_POINT('',(-2.78E1,5.1775E1,0.E0));
#3991=VERTEX_POINT('',#3990);
#3992=CARTESIAN_POINT('',(-1.151602519635E1,5.1775E1,1.499999999563E1));
#3993=CARTESIAN_POINT('',(-1.164999981817E1,5.1775E1,1.449999792357E1));
#3994=VERTEX_POINT('',#3992);
#3995=VERTEX_POINT('',#3993);
#3996=CARTESIAN_POINT('',(-1.22E1,5.1775E1,1.49E1));
#3997=VERTEX_POINT('',#3996);
#3998=CARTESIAN_POINT('',(-1.21E1,5.1775E1,1.5E1));
#3999=VERTEX_POINT('',#3998);
#4000=CARTESIAN_POINT('',(-1.065E1,5.1275E1,1.499999981817E1));
#4001=CARTESIAN_POINT('',(-1.114999981817E1,5.1275E1,1.449999999958E1));
#4002=VERTEX_POINT('',#4000);
#4003=VERTEX_POINT('',#4001);
#4004=CARTESIAN_POINT('',(-1.115E1,2.422029801026E1,1.449999999958E1));
#4005=CARTESIAN_POINT('',(-1.065E1,2.422029801026E1,1.5E1));
#4006=VERTEX_POINT('',#4004);
#4007=VERTEX_POINT('',#4005);
#4008=CARTESIAN_POINT('',(-1.064999999998E1,2.372029801026E1,1.45E1));
#4009=VERTEX_POINT('',#4008);
#4010=CARTESIAN_POINT('',(1.09E1,2.372029801026E1,1.45E1));
#4011=VERTEX_POINT('',#4010);
#4012=CARTESIAN_POINT('',(1.090000000001E1,2.422029801026E1,1.5E1));
#4013=VERTEX_POINT('',#4012);
#4014=CARTESIAN_POINT('',(1.09E1,2.372029801026E1,1.1E1));
#4015=VERTEX_POINT('',#4014);
#4016=CARTESIAN_POINT('',(-1.065E1,2.372029801026E1,1.1E1));
#4017=VERTEX_POINT('',#4016);
#4018=CARTESIAN_POINT('',(1.14E1,2.422029801026E1,1.45E1));
#4019=VERTEX_POINT('',#4018);
#4020=CARTESIAN_POINT('',(1.14E1,2.422029801026E1,1.1E1));
#4021=VERTEX_POINT('',#4020);
#4022=CARTESIAN_POINT('',(1.090000000001E1,5.112500000001E1,1.499999992012E1));
#4023=VERTEX_POINT('',#4022);
#4024=CARTESIAN_POINT('',(1.139999976036E1,5.1125E1,1.450000000033E1));
#4025=VERTEX_POINT('',#4024);
#4026=CARTESIAN_POINT('',(-5.E1,2.422029801026E1,1.5E1));
#4027=CARTESIAN_POINT('',(-2.935000000032E1,2.422029801026E1,1.5E1));
#4028=VERTEX_POINT('',#4026);
#4029=VERTEX_POINT('',#4027);
#4030=CARTESIAN_POINT('',(-5.E1,7.E1,1.5E1));
#4031=VERTEX_POINT('',#4030);
#4032=CARTESIAN_POINT('',(-4.5E1,7.5E1,1.5E1));
#4033=VERTEX_POINT('',#4032);
#4034=CARTESIAN_POINT('',(4.5E1,7.5E1,1.5E1));
#4035=VERTEX_POINT('',#4034);
#4036=CARTESIAN_POINT('',(5.E1,7.E1,1.5E1));
#4037=VERTEX_POINT('',#4036);
#4038=CARTESIAN_POINT('',(5.E1,2.422029801026E1,1.5E1));
#4039=VERTEX_POINT('',#4038);
#4040=CARTESIAN_POINT('',(2.86E1,2.422029801026E1,1.5E1));
#4041=VERTEX_POINT('',#4040);
#4042=CARTESIAN_POINT('',(2.86E1,5.1125E1,1.5E1));
#4043=VERTEX_POINT('',#4042);
#4044=CARTESIAN_POINT('',(2.81E1,5.1625E1,1.5E1));
#4045=VERTEX_POINT('',#4044);
#4046=CARTESIAN_POINT('',(2.79E1,5.1625E1,1.5E1));
#4047=VERTEX_POINT('',#4046);
#4048=CARTESIAN_POINT('',(1.176602521561E1,5.1625E1,1.500000001408E1));
#4049=CARTESIAN_POINT('',(1.21E1,5.1625E1,1.5E1));
#4050=VERTEX_POINT('',#4048);
#4051=VERTEX_POINT('',#4049);
#4052=CARTESIAN_POINT('',(-2.848397473899E1,5.1775E1,1.500000001069E1));
#4053=CARTESIAN_POINT('',(-2.79E1,5.1775E1,1.5E1));
#4054=VERTEX_POINT('',#4052);
#4055=VERTEX_POINT('',#4053);
#4056=VERTEX_POINT('',#3261);
#4057=CARTESIAN_POINT('',(-2.935E1,2.372029801026E1,1.45E1));
#4058=VERTEX_POINT('',#4057);
#4059=CARTESIAN_POINT('',(-4.95E1,2.372029801026E1,1.45E1));
#4060=VERTEX_POINT('',#4059);
#4061=CARTESIAN_POINT('',(-2.885E1,2.422029801026E1,1.45E1));
#4062=VERTEX_POINT('',#4061);
#4063=CARTESIAN_POINT('',(-2.885000018183E1,5.1275E1,1.45E1));
#4064=VERTEX_POINT('',#4063);
#4065=CARTESIAN_POINT('',(-2.835000018183E1,5.1775E1,1.449999792303E1));
#4066=VERTEX_POINT('',#4065);
#4067=CARTESIAN_POINT('',(-2.78E1,5.1775E1,1.49E1));
#4068=VERTEX_POINT('',#4067);
#4069=CARTESIAN_POINT('',(-2.885E1,-1.779701989743E0,1.1E1));
#4070=CARTESIAN_POINT('',(-2.885000008157E1,-1.779701990499E0,1.49E1));
#4071=VERTEX_POINT('',#4069);
#4072=VERTEX_POINT('',#4070);
#4073=CARTESIAN_POINT('',(-2.885E1,2.422029801026E1,1.1E1));
#4074=VERTEX_POINT('',#4073);
#4075=CARTESIAN_POINT('',(-1.105E1,-1.779701989699E0,1.5E1));
#4076=CARTESIAN_POINT('',(-1.115E1,-1.779701989699E0,1.49E1));
#4077=VERTEX_POINT('',#4075);
#4078=VERTEX_POINT('',#4076);
#4079=CARTESIAN_POINT('',(1.130000000002E1,-1.779701989241E0,1.499999987165E1));
#4080=VERTEX_POINT('',#4079);
#4081=CARTESIAN_POINT('',(5.E1,-1.779701989743E0,1.5E1));
#4082=CARTESIAN_POINT('',(2.87E1,-1.779701990499E0,1.499999991843E1));
#4083=VERTEX_POINT('',#4081);
#4084=VERTEX_POINT('',#4082);
#4085=CARTESIAN_POINT('',(5.E1,-5.409999999999E1,1.5E1));
#4086=VERTEX_POINT('',#4085);
#4087=CARTESIAN_POINT('',(4.5E1,-5.909999999999E1,1.5E1));
#4088=VERTEX_POINT('',#4087);
#4089=CARTESIAN_POINT('',(-4.5E1,-5.909999999999E1,1.5E1));
#4090=VERTEX_POINT('',#4089);
#4091=CARTESIAN_POINT('',(-5.E1,-5.409999999999E1,1.5E1));
#4092=VERTEX_POINT('',#4091);
#4093=CARTESIAN_POINT('',(-5.E1,-1.779701989744E0,1.5E1));
#4094=VERTEX_POINT('',#4093);
#4095=CARTESIAN_POINT('',(-2.894999999998E1,-1.779701989242E0,
1.499999987165E1));
#4096=VERTEX_POINT('',#4095);
#4097=CARTESIAN_POINT('',(2.630833499908E1,-4.414145211510E1,1.5E1));
#4098=CARTESIAN_POINT('',(2.630833499908E1,-4.246911173274E1,1.5E1));
#4099=VERTEX_POINT('',#4097);
#4100=VERTEX_POINT('',#4098);
#4101=CARTESIAN_POINT('',(2.467083499908E1,-4.246911173274E1,1.5E1));
#4102=VERTEX_POINT('',#4101);
#4103=CARTESIAN_POINT('',(2.467083499908E1,-4.313804782321E1,1.5E1));
#4104=VERTEX_POINT('',#4103);
#4105=CARTESIAN_POINT('',(2.565333499908E1,-4.313804782321E1,1.5E1));
#4106=VERTEX_POINT('',#4105);
#4107=CARTESIAN_POINT('',(2.565333499908E1,-4.402996276666E1,1.5E1));
#4108=VERTEX_POINT('',#4107);
#4109=CARTESIAN_POINT('',(2.554416500091E1,-4.436443081191E1,1.5E1));
#4110=VERTEX_POINT('',#4109);
#4111=CARTESIAN_POINT('',(2.521666500093E1,-4.458740958680E1,1.5E1));
#4112=VERTEX_POINT('',#4111);
#4113=CARTESIAN_POINT('',(2.477999999998E1,-4.469889893522E1,1.5E1));
#4114=VERTEX_POINT('',#4113);
#4115=CARTESIAN_POINT('',(2.37975E1,-4.469889893522E1,1.5E1));
#4116=VERTEX_POINT('',#4115);
#4117=CARTESIAN_POINT('',(2.336083499910E1,-4.458740958681E1,1.5E1));
#4118=VERTEX_POINT('',#4117);
#4119=CARTESIAN_POINT('',(2.303333499907E1,-4.436443081189E1,1.5E1));
#4120=VERTEX_POINT('',#4119);
#4121=CARTESIAN_POINT('',(2.2815E1,-4.402996276668E1,1.5E1));
#4122=VERTEX_POINT('',#4121);
#4123=CARTESIAN_POINT('',(2.270583499908E1,-4.358400537301E1,1.5E1));
#4124=VERTEX_POINT('',#4123);
#4125=CARTESIAN_POINT('',(2.270583499908E1,-4.191166499068E1,1.5E1));
#4126=VERTEX_POINT('',#4125);
#4127=CARTESIAN_POINT('',(2.2815E1,-4.146570759703E1,1.5E1));
#4128=VERTEX_POINT('',#4127);
#4129=CARTESIAN_POINT('',(2.303333499908E1,-4.113123923947E1,1.5E1));
#4130=VERTEX_POINT('',#4129);
#4131=CARTESIAN_POINT('',(2.336083499908E1,-4.090826054265E1,1.5E1));
#4132=VERTEX_POINT('',#4131);
#4133=CARTESIAN_POINT('',(2.379749999999E1,-4.079677119424E1,1.5E1));
#4134=VERTEX_POINT('',#4133);
#4135=CARTESIAN_POINT('',(2.478E1,-4.079677119424E1,1.5E1));
#4136=VERTEX_POINT('',#4135);
#4137=CARTESIAN_POINT('',(2.521666500093E1,-4.090826054265E1,1.5E1));
#4138=VERTEX_POINT('',#4137);
#4139=CARTESIAN_POINT('',(2.554416500092E1,-4.113123923947E1,1.5E1));
#4140=VERTEX_POINT('',#4139);
#4141=CARTESIAN_POINT('',(2.565333499909E1,-4.146570759703E1,1.5E1));
#4142=VERTEX_POINT('',#4141);
#4143=CARTESIAN_POINT('',(2.630833499908E1,-4.146570759703E1,1.5E1));
#4144=VERTEX_POINT('',#4143);
#4145=CARTESIAN_POINT('',(2.619916500091E1,-4.090826054264E1,1.5E1));
#4146=VERTEX_POINT('',#4145);
#4147=CARTESIAN_POINT('',(2.57625E1,-4.046230314900E1,1.5E1));
#4148=VERTEX_POINT('',#4147);
#4149=CARTESIAN_POINT('',(2.532583499909E1,-4.023932445218E1,1.5E1));
#4150=VERTEX_POINT('',#4149);
#4151=CARTESIAN_POINT('',(2.478000000001E1,-4.012783510377E1,1.5E1));
#4152=VERTEX_POINT('',#4151);
#4153=CARTESIAN_POINT('',(2.37975E1,-4.012783510377E1,1.5E1));
#4154=VERTEX_POINT('',#4153);
#4155=CARTESIAN_POINT('',(2.325166500092E1,-4.023932445218E1,1.5E1));
#4156=VERTEX_POINT('',#4155);
#4157=CARTESIAN_POINT('',(2.281499999999E1,-4.046230314901E1,1.5E1));
#4158=VERTEX_POINT('',#4157);
#4159=CARTESIAN_POINT('',(2.237833499908E1,-4.090826054265E1,1.5E1));
#4160=VERTEX_POINT('',#4159);
#4161=CARTESIAN_POINT('',(2.216E1,-4.135421793629E1,1.5E1));
#4162=VERTEX_POINT('',#4161);
#4163=CARTESIAN_POINT('',(2.205083499908E1,-4.191166499069E1,1.5E1));
#4164=VERTEX_POINT('',#4163);
#4165=CARTESIAN_POINT('',(2.205083499908E1,-4.358400537302E1,1.5E1));
#4166=VERTEX_POINT('',#4165);
#4167=CARTESIAN_POINT('',(2.216E1,-4.414145211508E1,1.5E1));
#4168=VERTEX_POINT('',#4167);
#4169=CARTESIAN_POINT('',(2.237833499908E1,-4.458740958680E1,1.5E1));
#4170=VERTEX_POINT('',#4169);
#4171=CARTESIAN_POINT('',(2.2815E1,-4.503336701949E1,1.5E1));
#4172=VERTEX_POINT('',#4171);
#4173=CARTESIAN_POINT('',(2.325166500093E1,-4.525634574560E1,1.5E1));
#4174=VERTEX_POINT('',#4173);
#4175=CARTESIAN_POINT('',(2.37975E1,-4.536783510377E1,1.5E1));
#4176=VERTEX_POINT('',#4175);
#4177=CARTESIAN_POINT('',(2.478E1,-4.536783510377E1,1.5E1));
#4178=VERTEX_POINT('',#4177);
#4179=CARTESIAN_POINT('',(2.532583499908E1,-4.525634574560E1,1.5E1));
#4180=VERTEX_POINT('',#4179);
#4181=CARTESIAN_POINT('',(2.576249999999E1,-4.503336701950E1,1.5E1));
#4182=VERTEX_POINT('',#4181);
#4183=CARTESIAN_POINT('',(2.619916500092E1,-4.458740958680E1,1.5E1));
#4184=VERTEX_POINT('',#4183);
#4185=CARTESIAN_POINT('',(1.85575E1,-4.012783510377E1,1.5E1));
#4186=CARTESIAN_POINT('',(1.801166500092E1,-4.023932445218E1,1.5E1));
#4187=VERTEX_POINT('',#4185);
#4188=VERTEX_POINT('',#4186);
#4189=CARTESIAN_POINT('',(1.757499999999E1,-4.046230314901E1,1.5E1));
#4190=VERTEX_POINT('',#4189);
#4191=CARTESIAN_POINT('',(1.713833499908E1,-4.090826054265E1,1.5E1));
#4192=VERTEX_POINT('',#4191);
#4193=CARTESIAN_POINT('',(1.692E1,-4.135421793629E1,1.5E1));
#4194=VERTEX_POINT('',#4193);
#4195=CARTESIAN_POINT('',(1.681083250046E1,-4.191166499066E1,1.5E1));
#4196=VERTEX_POINT('',#4195);
#4197=CARTESIAN_POINT('',(1.681083250046E1,-4.358400537302E1,1.5E1));
#4198=VERTEX_POINT('',#4197);
#4199=CARTESIAN_POINT('',(1.692E1,-4.414145211509E1,1.5E1));
#4200=VERTEX_POINT('',#4199);
#4201=CARTESIAN_POINT('',(1.713833499908E1,-4.458740958680E1,1.5E1));
#4202=VERTEX_POINT('',#4201);
#4203=CARTESIAN_POINT('',(1.7575E1,-4.503336701949E1,1.5E1));
#4204=VERTEX_POINT('',#4203);
#4205=CARTESIAN_POINT('',(1.801166500093E1,-4.525634574560E1,1.5E1));
#4206=VERTEX_POINT('',#4205);
#4207=CARTESIAN_POINT('',(1.85575E1,-4.536783510377E1,1.5E1));
#4208=VERTEX_POINT('',#4207);
#4209=CARTESIAN_POINT('',(1.943083499908E1,-4.536783510377E1,1.5E1));
#4210=VERTEX_POINT('',#4209);
#4211=CARTESIAN_POINT('',(1.997666500092E1,-4.525634574560E1,1.5E1));
#4212=VERTEX_POINT('',#4211);
#4213=CARTESIAN_POINT('',(2.041333499907E1,-4.503336701950E1,1.5E1));
#4214=VERTEX_POINT('',#4213);
#4215=CARTESIAN_POINT('',(2.085E1,-4.458740958680E1,1.5E1));
#4216=VERTEX_POINT('',#4215);
#4217=CARTESIAN_POINT('',(2.106833499908E1,-4.414145211508E1,1.5E1));
#4218=VERTEX_POINT('',#4217);
#4219=CARTESIAN_POINT('',(2.11775E1,-4.358400537300E1,1.5E1));
#4220=VERTEX_POINT('',#4219);
#4221=CARTESIAN_POINT('',(2.11775E1,-4.191166499068E1,1.5E1));
#4222=VERTEX_POINT('',#4221);
#4223=CARTESIAN_POINT('',(2.106833499908E1,-4.135421793629E1,1.5E1));
#4224=VERTEX_POINT('',#4223);
#4225=CARTESIAN_POINT('',(2.085E1,-4.090826054265E1,1.5E1));
#4226=VERTEX_POINT('',#4225);
#4227=CARTESIAN_POINT('',(2.041333499908E1,-4.046230314900E1,1.5E1));
#4228=VERTEX_POINT('',#4227);
#4229=CARTESIAN_POINT('',(1.997666500092E1,-4.023932445218E1,1.5E1));
#4230=VERTEX_POINT('',#4229);
#4231=CARTESIAN_POINT('',(1.943083499909E1,-4.012783510377E1,1.5E1));
#4232=VERTEX_POINT('',#4231);
#4233=CARTESIAN_POINT('',(1.222583250046E1,-4.536783510377E1,1.5E1));
#4234=CARTESIAN_POINT('',(1.222583250046E1,-4.079677119424E1,1.5E1));
#4235=VERTEX_POINT('',#4233);
#4236=VERTEX_POINT('',#4234);
#4237=CARTESIAN_POINT('',(1.4955E1,-4.536783510377E1,1.5E1));
#4238=VERTEX_POINT('',#4237);
#4239=CARTESIAN_POINT('',(1.59375E1,-4.536783510377E1,1.5E1));
#4240=VERTEX_POINT('',#4239);
#4241=CARTESIAN_POINT('',(1.59375E1,-4.012783510377E1,1.5E1));
#4242=VERTEX_POINT('',#4241);
#4243=CARTESIAN_POINT('',(1.52825E1,-4.012783510377E1,1.5E1));
#4244=VERTEX_POINT('',#4243);
#4245=CARTESIAN_POINT('',(1.52825E1,-4.458740958680E1,1.5E1));
#4246=VERTEX_POINT('',#4245);
#4247=CARTESIAN_POINT('',(1.255333250046E1,-4.012783510377E1,1.5E1));
#4248=VERTEX_POINT('',#4247);
#4249=CARTESIAN_POINT('',(1.157083250046E1,-4.012783510377E1,1.5E1));
#4250=VERTEX_POINT('',#4249);
#4251=CARTESIAN_POINT('',(1.157083250046E1,-4.536783510377E1,1.5E1));
#4252=VERTEX_POINT('',#4251);
#4253=CARTESIAN_POINT('',(-1.81225E1,-4.012783510377E1,1.5E1));
#4254=CARTESIAN_POINT('',(-1.866833312511E1,-4.023932445218E1,1.5E1));
#4255=VERTEX_POINT('',#4253);
#4256=VERTEX_POINT('',#4254);
#4257=CARTESIAN_POINT('',(-1.910500000001E1,-4.046230314901E1,1.5E1));
#4258=VERTEX_POINT('',#4257);
#4259=CARTESIAN_POINT('',(-1.954166687489E1,-4.090826054265E1,1.5E1));
#4260=VERTEX_POINT('',#4259);
#4261=CARTESIAN_POINT('',(-1.976E1,-4.135421793629E1,1.5E1));
#4262=VERTEX_POINT('',#4261);
#4263=CARTESIAN_POINT('',(-1.986916656256E1,-4.191166499068E1,1.5E1));
#4264=VERTEX_POINT('',#4263);
#4265=CARTESIAN_POINT('',(-1.986916656256E1,-4.358400537302E1,1.5E1));
#4266=VERTEX_POINT('',#4265);
#4267=CARTESIAN_POINT('',(-1.976E1,-4.414145211507E1,1.5E1));
#4268=VERTEX_POINT('',#4267);
#4269=CARTESIAN_POINT('',(-1.954166687489E1,-4.458740958680E1,1.5E1));
#4270=VERTEX_POINT('',#4269);
#4271=CARTESIAN_POINT('',(-1.9105E1,-4.503336701949E1,1.5E1));
#4272=VERTEX_POINT('',#4271);
#4273=CARTESIAN_POINT('',(-1.866833312510E1,-4.525634574560E1,1.5E1));
#4274=VERTEX_POINT('',#4273);
#4275=CARTESIAN_POINT('',(-1.81225E1,-4.536783510377E1,1.5E1));
#4276=VERTEX_POINT('',#4275);
#4277=CARTESIAN_POINT('',(-1.724916687489E1,-4.536783510377E1,1.5E1));
#4278=VERTEX_POINT('',#4277);
#4279=CARTESIAN_POINT('',(-1.670333312511E1,-4.525634574560E1,1.5E1));
#4280=VERTEX_POINT('',#4279);
#4281=CARTESIAN_POINT('',(-1.626666687490E1,-4.503336701950E1,1.5E1));
#4282=VERTEX_POINT('',#4281);
#4283=CARTESIAN_POINT('',(-1.583E1,-4.458740958680E1,1.5E1));
#4284=VERTEX_POINT('',#4283);
#4285=CARTESIAN_POINT('',(-1.561166687489E1,-4.414145211508E1,1.5E1));
#4286=VERTEX_POINT('',#4285);
#4287=CARTESIAN_POINT('',(-1.55025E1,-4.358400537300E1,1.5E1));
#4288=VERTEX_POINT('',#4287);
#4289=CARTESIAN_POINT('',(-1.55025E1,-4.191166499068E1,1.5E1));
#4290=VERTEX_POINT('',#4289);
#4291=CARTESIAN_POINT('',(-1.561166687489E1,-4.135421793629E1,1.5E1));
#4292=VERTEX_POINT('',#4291);
#4293=CARTESIAN_POINT('',(-1.583E1,-4.090826054265E1,1.5E1));
#4294=VERTEX_POINT('',#4293);
#4295=CARTESIAN_POINT('',(-1.626666687489E1,-4.046230314900E1,1.5E1));
#4296=VERTEX_POINT('',#4295);
#4297=CARTESIAN_POINT('',(-1.670333312511E1,-4.023932445218E1,1.5E1));
#4298=VERTEX_POINT('',#4297);
#4299=CARTESIAN_POINT('',(-1.724916687488E1,-4.012783510377E1,1.5E1));
#4300=VERTEX_POINT('',#4299);
#4301=CARTESIAN_POINT('',(-2.07425E1,-4.414145211507E1,1.5E1));
#4302=CARTESIAN_POINT('',(-2.07425E1,-4.246911173274E1,1.5E1));
#4303=VERTEX_POINT('',#4301);
#4304=VERTEX_POINT('',#4302);
#4305=CARTESIAN_POINT('',(-2.238E1,-4.246911173274E1,1.5E1));
#4306=VERTEX_POINT('',#4305);
#4307=CARTESIAN_POINT('',(-2.238E1,-4.313804782321E1,1.5E1));
#4308=VERTEX_POINT('',#4307);
#4309=CARTESIAN_POINT('',(-2.13975E1,-4.313804782321E1,1.5E1));
#4310=VERTEX_POINT('',#4309);
#4311=CARTESIAN_POINT('',(-2.13975E1,-4.402996276666E1,1.5E1));
#4312=VERTEX_POINT('',#4311);
#4313=CARTESIAN_POINT('',(-2.150666656256E1,-4.436443081190E1,1.5E1));
#4314=VERTEX_POINT('',#4313);
#4315=CARTESIAN_POINT('',(-2.183416656256E1,-4.458740958680E1,1.5E1));
#4316=VERTEX_POINT('',#4315);
#4317=CARTESIAN_POINT('',(-2.227083343747E1,-4.469889893522E1,1.5E1));
#4318=VERTEX_POINT('',#4317);
#4319=CARTESIAN_POINT('',(-2.325333328128E1,-4.469889893522E1,1.5E1));
#4320=VERTEX_POINT('',#4319);
#4321=CARTESIAN_POINT('',(-2.368999999998E1,-4.458740958681E1,1.5E1));
#4322=VERTEX_POINT('',#4321);
#4323=CARTESIAN_POINT('',(-2.401750000001E1,-4.436443081189E1,1.5E1));
#4324=VERTEX_POINT('',#4323);
#4325=CARTESIAN_POINT('',(-2.423583335936E1,-4.402996276667E1,1.5E1));
#4326=VERTEX_POINT('',#4325);
#4327=CARTESIAN_POINT('',(-2.4345E1,-4.358400537302E1,1.5E1));
#4328=VERTEX_POINT('',#4327);
#4329=CARTESIAN_POINT('',(-2.4345E1,-4.191166499068E1,1.5E1));
#4330=VERTEX_POINT('',#4329);
#4331=CARTESIAN_POINT('',(-2.423583335936E1,-4.146570759703E1,1.5E1));
#4332=VERTEX_POINT('',#4331);
#4333=CARTESIAN_POINT('',(-2.40175E1,-4.113123923947E1,1.5E1));
#4334=VERTEX_POINT('',#4333);
#4335=CARTESIAN_POINT('',(-2.369E1,-4.090826054265E1,1.5E1));
#4336=VERTEX_POINT('',#4335);
#4337=CARTESIAN_POINT('',(-2.325333328129E1,-4.079677119424E1,1.5E1));
#4338=VERTEX_POINT('',#4337);
#4339=CARTESIAN_POINT('',(-2.227083343744E1,-4.079677119424E1,1.5E1));
#4340=VERTEX_POINT('',#4339);
#4341=CARTESIAN_POINT('',(-2.183416656256E1,-4.090826054265E1,1.5E1));
#4342=VERTEX_POINT('',#4341);
#4343=CARTESIAN_POINT('',(-2.150666656256E1,-4.113123923947E1,1.5E1));
#4344=VERTEX_POINT('',#4343);
#4345=CARTESIAN_POINT('',(-2.13975E1,-4.146570759703E1,1.5E1));
#4346=VERTEX_POINT('',#4345);
#4347=CARTESIAN_POINT('',(-2.07425E1,-4.146570759703E1,1.5E1));
#4348=VERTEX_POINT('',#4347);
#4349=CARTESIAN_POINT('',(-2.085166656256E1,-4.090826054265E1,1.5E1));
#4350=VERTEX_POINT('',#4349);
#4351=CARTESIAN_POINT('',(-2.128833343746E1,-4.046230314899E1,1.5E1));
#4352=VERTEX_POINT('',#4351);
#4353=CARTESIAN_POINT('',(-2.172499999999E1,-4.023932445218E1,1.5E1));
#4354=VERTEX_POINT('',#4353);
#4355=CARTESIAN_POINT('',(-2.227083343743E1,-4.012783510377E1,1.5E1));
#4356=VERTEX_POINT('',#4355);
#4357=CARTESIAN_POINT('',(-2.325333328128E1,-4.012783510377E1,1.5E1));
#4358=VERTEX_POINT('',#4357);
#4359=CARTESIAN_POINT('',(-2.379916664064E1,-4.023932445218E1,1.5E1));
#4360=VERTEX_POINT('',#4359);
#4361=CARTESIAN_POINT('',(-2.423583335936E1,-4.046230314900E1,1.5E1));
#4362=VERTEX_POINT('',#4361);
#4363=CARTESIAN_POINT('',(-2.46725E1,-4.090826054265E1,1.5E1));
#4364=VERTEX_POINT('',#4363);
#4365=CARTESIAN_POINT('',(-2.489083333008E1,-4.135421793629E1,1.5E1));
#4366=VERTEX_POINT('',#4365);
#4367=CARTESIAN_POINT('',(-2.5E1,-4.191166499068E1,1.5E1));
#4368=VERTEX_POINT('',#4367);
#4369=CARTESIAN_POINT('',(-2.5E1,-4.358400537302E1,1.5E1));
#4370=VERTEX_POINT('',#4369);
#4371=CARTESIAN_POINT('',(-2.489083333008E1,-4.414145211508E1,1.5E1));
#4372=VERTEX_POINT('',#4371);
#4373=CARTESIAN_POINT('',(-2.467250000001E1,-4.458740958679E1,1.5E1));
#4374=VERTEX_POINT('',#4373);
#4375=CARTESIAN_POINT('',(-2.423583335936E1,-4.503336701949E1,1.5E1));
#4376=VERTEX_POINT('',#4375);
#4377=CARTESIAN_POINT('',(-2.379916664063E1,-4.525634574560E1,1.5E1));
#4378=VERTEX_POINT('',#4377);
#4379=CARTESIAN_POINT('',(-2.325333328128E1,-4.536783510377E1,1.5E1));
#4380=VERTEX_POINT('',#4379);
#4381=CARTESIAN_POINT('',(-2.227083343744E1,-4.536783510377E1,1.5E1));
#4382=VERTEX_POINT('',#4381);
#4383=CARTESIAN_POINT('',(-2.1725E1,-4.525634574560E1,1.5E1));
#4384=VERTEX_POINT('',#4383);
#4385=CARTESIAN_POINT('',(-2.128833343744E1,-4.503336701950E1,1.5E1));
#4386=VERTEX_POINT('',#4385);
#4387=CARTESIAN_POINT('',(-2.085166656256E1,-4.458740958681E1,1.5E1));
#4388=VERTEX_POINT('',#4387);
#4389=CARTESIAN_POINT('',(2.892833499908E1,-4.012783510377E1,1.5E1));
#4390=CARTESIAN_POINT('',(2.83825E1,-4.023932445218E1,1.5E1));
#4391=VERTEX_POINT('',#4389);
#4392=VERTEX_POINT('',#4390);
#4393=CARTESIAN_POINT('',(2.794583499907E1,-4.046230314901E1,1.5E1));
#4394=VERTEX_POINT('',#4393);
#4395=CARTESIAN_POINT('',(2.750916500093E1,-4.090826054263E1,1.5E1));
#4396=VERTEX_POINT('',#4395);
#4397=CARTESIAN_POINT('',(2.729083499907E1,-4.135421793632E1,1.5E1));
#4398=VERTEX_POINT('',#4397);
#4399=CARTESIAN_POINT('',(2.718166500092E1,-4.191166499064E1,1.5E1));
#4400=VERTEX_POINT('',#4399);
#4401=CARTESIAN_POINT('',(2.718166500092E1,-4.358400537302E1,1.5E1));
#4402=VERTEX_POINT('',#4401);
#4403=CARTESIAN_POINT('',(2.729083499909E1,-4.414145211510E1,1.5E1));
#4404=VERTEX_POINT('',#4403);
#4405=CARTESIAN_POINT('',(2.750916500090E1,-4.458740958678E1,1.5E1));
#4406=VERTEX_POINT('',#4405);
#4407=CARTESIAN_POINT('',(2.794583499910E1,-4.503336701950E1,1.5E1));
#4408=VERTEX_POINT('',#4407);
#4409=CARTESIAN_POINT('',(2.838250000001E1,-4.525634574560E1,1.5E1));
#4410=VERTEX_POINT('',#4409);
#4411=CARTESIAN_POINT('',(2.892833499908E1,-4.536783510377E1,1.5E1));
#4412=VERTEX_POINT('',#4411);
#4413=CARTESIAN_POINT('',(2.980166500092E1,-4.536783510377E1,1.5E1));
#4414=VERTEX_POINT('',#4413);
#4415=CARTESIAN_POINT('',(3.03475E1,-4.525634574560E1,1.5E1));
#4416=VERTEX_POINT('',#4415);
#4417=CARTESIAN_POINT('',(3.078416500091E1,-4.503336701950E1,1.5E1));
#4418=VERTEX_POINT('',#4417);
#4419=CARTESIAN_POINT('',(3.122083499907E1,-4.458740958682E1,1.5E1));
#4420=VERTEX_POINT('',#4419);
#4421=CARTESIAN_POINT('',(3.143916500093E1,-4.414145211504E1,1.5E1));
#4422=VERTEX_POINT('',#4421);
#4423=CARTESIAN_POINT('',(3.154833499908E1,-4.358400537306E1,1.5E1));
#4424=VERTEX_POINT('',#4423);
#4425=CARTESIAN_POINT('',(3.154833499908E1,-4.191166499068E1,1.5E1));
#4426=VERTEX_POINT('',#4425);
#4427=CARTESIAN_POINT('',(3.143916500091E1,-4.135421793627E1,1.5E1));
#4428=VERTEX_POINT('',#4427);
#4429=CARTESIAN_POINT('',(3.122083499910E1,-4.090826054267E1,1.5E1));
#4430=VERTEX_POINT('',#4429);
#4431=CARTESIAN_POINT('',(3.078416500090E1,-4.046230314900E1,1.5E1));
#4432=VERTEX_POINT('',#4431);
#4433=CARTESIAN_POINT('',(3.03475E1,-4.023932445218E1,1.5E1));
#4434=VERTEX_POINT('',#4433);
#4435=CARTESIAN_POINT('',(2.980166500093E1,-4.012783510377E1,1.5E1));
#4436=VERTEX_POINT('',#4435);
#4437=CARTESIAN_POINT('',(2.892833499908E1,-4.012783510377E1,1.45E1));
#4438=VERTEX_POINT('',#4437);
#4439=CARTESIAN_POINT('',(2.83825E1,-4.023932445218E1,1.45E1));
#4440=VERTEX_POINT('',#4439);
#4441=CARTESIAN_POINT('',(2.980166500092E1,-4.012783510377E1,1.45E1));
#4442=VERTEX_POINT('',#4441);
#4443=CARTESIAN_POINT('',(3.034750000001E1,-4.023932445218E1,1.45E1));
#4444=VERTEX_POINT('',#4443);
#4445=CARTESIAN_POINT('',(3.078416500090E1,-4.046230314899E1,1.45E1));
#4446=VERTEX_POINT('',#4445);
#4447=CARTESIAN_POINT('',(3.122083499910E1,-4.090826054266E1,1.45E1));
#4448=VERTEX_POINT('',#4447);
#4449=CARTESIAN_POINT('',(3.143916500091E1,-4.135421793627E1,1.45E1));
#4450=VERTEX_POINT('',#4449);
#4451=CARTESIAN_POINT('',(3.154833499908E1,-4.191166499068E1,1.45E1));
#4452=VERTEX_POINT('',#4451);
#4453=CARTESIAN_POINT('',(3.154833499908E1,-4.358400537305E1,1.45E1));
#4454=VERTEX_POINT('',#4453);
#4455=CARTESIAN_POINT('',(3.143916500092E1,-4.414145211505E1,1.45E1));
#4456=VERTEX_POINT('',#4455);
#4457=CARTESIAN_POINT('',(3.122083499907E1,-4.458740958681E1,1.45E1));
#4458=VERTEX_POINT('',#4457);
#4459=CARTESIAN_POINT('',(3.078416500092E1,-4.503336701949E1,1.45E1));
#4460=VERTEX_POINT('',#4459);
#4461=CARTESIAN_POINT('',(3.03475E1,-4.525634574560E1,1.45E1));
#4462=VERTEX_POINT('',#4461);
#4463=CARTESIAN_POINT('',(2.980166500092E1,-4.536783510377E1,1.45E1));
#4464=VERTEX_POINT('',#4463);
#4465=CARTESIAN_POINT('',(2.892833499908E1,-4.536783510377E1,1.45E1));
#4466=VERTEX_POINT('',#4465);
#4467=CARTESIAN_POINT('',(2.83825E1,-4.525634574560E1,1.45E1));
#4468=VERTEX_POINT('',#4467);
#4469=CARTESIAN_POINT('',(2.794583499910E1,-4.503336701950E1,1.45E1));
#4470=VERTEX_POINT('',#4469);
#4471=CARTESIAN_POINT('',(2.750916500090E1,-4.458740958679E1,1.45E1));
#4472=VERTEX_POINT('',#4471);
#4473=CARTESIAN_POINT('',(2.729083499909E1,-4.414145211510E1,1.45E1));
#4474=VERTEX_POINT('',#4473);
#4475=CARTESIAN_POINT('',(2.718166500092E1,-4.358400537302E1,1.45E1));
#4476=VERTEX_POINT('',#4475);
#4477=CARTESIAN_POINT('',(2.718166500092E1,-4.191166499065E1,1.45E1));
#4478=VERTEX_POINT('',#4477);
#4479=CARTESIAN_POINT('',(2.729083499908E1,-4.135421793632E1,1.45E1));
#4480=VERTEX_POINT('',#4479);
#4481=CARTESIAN_POINT('',(2.750916500093E1,-4.090826054263E1,1.45E1));
#4482=VERTEX_POINT('',#4481);
#4483=CARTESIAN_POINT('',(2.794583499907E1,-4.046230314901E1,1.45E1));
#4484=VERTEX_POINT('',#4483);
#4485=CARTESIAN_POINT('',(2.892833499908E1,-4.079677119424E1,1.45E1));
#4486=CARTESIAN_POINT('',(2.980166500092E1,-4.079677119424E1,1.45E1));
#4487=VERTEX_POINT('',#4485);
#4488=VERTEX_POINT('',#4486);
#4489=CARTESIAN_POINT('',(2.849166500092E1,-4.090826054265E1,1.45E1));
#4490=VERTEX_POINT('',#4489);
#4491=CARTESIAN_POINT('',(2.816416500091E1,-4.113123923947E1,1.45E1));
#4492=VERTEX_POINT('',#4491);
#4493=CARTESIAN_POINT('',(2.794583499909E1,-4.146570759702E1,1.45E1));
#4494=VERTEX_POINT('',#4493);
#4495=CARTESIAN_POINT('',(2.783666500092E1,-4.191166499068E1,1.45E1));
#4496=VERTEX_POINT('',#4495);
#4497=CARTESIAN_POINT('',(2.783666500092E1,-4.358400537303E1,1.45E1));
#4498=VERTEX_POINT('',#4497);
#4499=CARTESIAN_POINT('',(2.794583499908E1,-4.402996276665E1,1.45E1));
#4500=VERTEX_POINT('',#4499);
#4501=CARTESIAN_POINT('',(2.816416500092E1,-4.436443081190E1,1.45E1));
#4502=VERTEX_POINT('',#4501);
#4503=CARTESIAN_POINT('',(2.849166500093E1,-4.458740958681E1,1.45E1));
#4504=VERTEX_POINT('',#4503);
#4505=CARTESIAN_POINT('',(2.892833499908E1,-4.469889893522E1,1.45E1));
#4506=VERTEX_POINT('',#4505);
#4507=CARTESIAN_POINT('',(2.980166500090E1,-4.469889893522E1,1.45E1));
#4508=VERTEX_POINT('',#4507);
#4509=CARTESIAN_POINT('',(3.023833499907E1,-4.458740958681E1,1.45E1));
#4510=VERTEX_POINT('',#4509);
#4511=CARTESIAN_POINT('',(3.056583499908E1,-4.436443081190E1,1.45E1));
#4512=VERTEX_POINT('',#4511);
#4513=CARTESIAN_POINT('',(3.078416500091E1,-4.402996276667E1,1.45E1));
#4514=VERTEX_POINT('',#4513);
#4515=CARTESIAN_POINT('',(3.089333499908E1,-4.358400537302E1,1.45E1));
#4516=VERTEX_POINT('',#4515);
#4517=CARTESIAN_POINT('',(3.089333499908E1,-4.191166499067E1,1.45E1));
#4518=VERTEX_POINT('',#4517);
#4519=CARTESIAN_POINT('',(3.078416500091E1,-4.146570759703E1,1.45E1));
#4520=VERTEX_POINT('',#4519);
#4521=CARTESIAN_POINT('',(3.056583499908E1,-4.113123923947E1,1.45E1));
#4522=VERTEX_POINT('',#4521);
#4523=CARTESIAN_POINT('',(3.023833499908E1,-4.090826054265E1,1.45E1));
#4524=VERTEX_POINT('',#4523);
#4525=CARTESIAN_POINT('',(2.892833499908E1,-4.079677119424E1,1.5E1));
#4526=CARTESIAN_POINT('',(2.980166500092E1,-4.079677119424E1,1.5E1));
#4527=VERTEX_POINT('',#4525);
#4528=VERTEX_POINT('',#4526);
#4529=CARTESIAN_POINT('',(3.023833499908E1,-4.090826054265E1,1.5E1));
#4530=VERTEX_POINT('',#4529);
#4531=CARTESIAN_POINT('',(3.056583499908E1,-4.113123923947E1,1.5E1));
#4532=VERTEX_POINT('',#4531);
#4533=CARTESIAN_POINT('',(3.078416500092E1,-4.146570759704E1,1.5E1));
#4534=VERTEX_POINT('',#4533);
#4535=CARTESIAN_POINT('',(3.089333499908E1,-4.191166499066E1,1.5E1));
#4536=VERTEX_POINT('',#4535);
#4537=CARTESIAN_POINT('',(3.089333499908E1,-4.358400537302E1,1.5E1));
#4538=VERTEX_POINT('',#4537);
#4539=CARTESIAN_POINT('',(3.078416500091E1,-4.402996276667E1,1.5E1));
#4540=VERTEX_POINT('',#4539);
#4541=CARTESIAN_POINT('',(3.056583499908E1,-4.436443081190E1,1.5E1));
#4542=VERTEX_POINT('',#4541);
#4543=CARTESIAN_POINT('',(3.023833499908E1,-4.458740958680E1,1.5E1));
#4544=VERTEX_POINT('',#4543);
#4545=CARTESIAN_POINT('',(2.980166500089E1,-4.469889893522E1,1.5E1));
#4546=VERTEX_POINT('',#4545);
#4547=CARTESIAN_POINT('',(2.892833499908E1,-4.469889893522E1,1.5E1));
#4548=VERTEX_POINT('',#4547);
#4549=CARTESIAN_POINT('',(2.849166500093E1,-4.458740958681E1,1.5E1));
#4550=VERTEX_POINT('',#4549);
#4551=CARTESIAN_POINT('',(2.816416500092E1,-4.436443081190E1,1.5E1));
#4552=VERTEX_POINT('',#4551);
#4553=CARTESIAN_POINT('',(2.794583499908E1,-4.402996276665E1,1.5E1));
#4554=VERTEX_POINT('',#4553);
#4555=CARTESIAN_POINT('',(2.783666500092E1,-4.358400537303E1,1.5E1));
#4556=VERTEX_POINT('',#4555);
#4557=CARTESIAN_POINT('',(2.783666500092E1,-4.191166499068E1,1.5E1));
#4558=VERTEX_POINT('',#4557);
#4559=CARTESIAN_POINT('',(2.794583499909E1,-4.146570759702E1,1.5E1));
#4560=VERTEX_POINT('',#4559);
#4561=CARTESIAN_POINT('',(2.816416500091E1,-4.113123923947E1,1.5E1));
#4562=VERTEX_POINT('',#4561);
#4563=CARTESIAN_POINT('',(2.849166500091E1,-4.090826054265E1,1.5E1));
#4564=VERTEX_POINT('',#4563);
#4565=CARTESIAN_POINT('',(2.630833499908E1,-4.414145211510E1,1.45E1));
#4566=VERTEX_POINT('',#4565);
#4567=CARTESIAN_POINT('',(2.630833499908E1,-4.246911173274E1,1.45E1));
#4568=VERTEX_POINT('',#4567);
#4569=CARTESIAN_POINT('',(2.619916500092E1,-4.458740958680E1,1.45E1));
#4570=VERTEX_POINT('',#4569);
#4571=CARTESIAN_POINT('',(2.57625E1,-4.503336701949E1,1.45E1));
#4572=VERTEX_POINT('',#4571);
#4573=CARTESIAN_POINT('',(2.532583499908E1,-4.525634574560E1,1.45E1));
#4574=VERTEX_POINT('',#4573);
#4575=CARTESIAN_POINT('',(2.478E1,-4.536783510377E1,1.45E1));
#4576=VERTEX_POINT('',#4575);
#4577=CARTESIAN_POINT('',(2.37975E1,-4.536783510377E1,1.45E1));
#4578=VERTEX_POINT('',#4577);
#4579=CARTESIAN_POINT('',(2.325166500092E1,-4.525634574560E1,1.45E1));
#4580=VERTEX_POINT('',#4579);
#4581=CARTESIAN_POINT('',(2.2815E1,-4.503336701949E1,1.45E1));
#4582=VERTEX_POINT('',#4581);
#4583=CARTESIAN_POINT('',(2.237833499908E1,-4.458740958680E1,1.45E1));
#4584=VERTEX_POINT('',#4583);
#4585=CARTESIAN_POINT('',(2.216E1,-4.414145211508E1,1.45E1));
#4586=VERTEX_POINT('',#4585);
#4587=CARTESIAN_POINT('',(2.205083499908E1,-4.358400537301E1,1.45E1));
#4588=VERTEX_POINT('',#4587);
#4589=CARTESIAN_POINT('',(2.205083499908E1,-4.191166499069E1,1.45E1));
#4590=VERTEX_POINT('',#4589);
#4591=CARTESIAN_POINT('',(2.216E1,-4.135421793629E1,1.45E1));
#4592=VERTEX_POINT('',#4591);
#4593=CARTESIAN_POINT('',(2.237833499908E1,-4.090826054265E1,1.45E1));
#4594=VERTEX_POINT('',#4593);
#4595=CARTESIAN_POINT('',(2.281499999999E1,-4.046230314901E1,1.45E1));
#4596=VERTEX_POINT('',#4595);
#4597=CARTESIAN_POINT('',(2.325166500093E1,-4.023932445218E1,1.45E1));
#4598=VERTEX_POINT('',#4597);
#4599=CARTESIAN_POINT('',(2.37975E1,-4.012783510377E1,1.45E1));
#4600=VERTEX_POINT('',#4599);
#4601=CARTESIAN_POINT('',(2.478E1,-4.012783510377E1,1.45E1));
#4602=VERTEX_POINT('',#4601);
#4603=CARTESIAN_POINT('',(2.532583499909E1,-4.023932445218E1,1.45E1));
#4604=VERTEX_POINT('',#4603);
#4605=CARTESIAN_POINT('',(2.57625E1,-4.046230314900E1,1.45E1));
#4606=VERTEX_POINT('',#4605);
#4607=CARTESIAN_POINT('',(2.619916500091E1,-4.090826054264E1,1.45E1));
#4608=VERTEX_POINT('',#4607);
#4609=CARTESIAN_POINT('',(2.630833499908E1,-4.146570759703E1,1.45E1));
#4610=VERTEX_POINT('',#4609);
#4611=CARTESIAN_POINT('',(2.565333499909E1,-4.146570759703E1,1.45E1));
#4612=VERTEX_POINT('',#4611);
#4613=CARTESIAN_POINT('',(2.554416500092E1,-4.113123923947E1,1.45E1));
#4614=VERTEX_POINT('',#4613);
#4615=CARTESIAN_POINT('',(2.521666500092E1,-4.090826054265E1,1.45E1));
#4616=VERTEX_POINT('',#4615);
#4617=CARTESIAN_POINT('',(2.478E1,-4.079677119424E1,1.45E1));
#4618=VERTEX_POINT('',#4617);
#4619=CARTESIAN_POINT('',(2.37975E1,-4.079677119424E1,1.45E1));
#4620=VERTEX_POINT('',#4619);
#4621=CARTESIAN_POINT('',(2.336083499908E1,-4.090826054265E1,1.45E1));
#4622=VERTEX_POINT('',#4621);
#4623=CARTESIAN_POINT('',(2.303333499908E1,-4.113123923947E1,1.45E1));
#4624=VERTEX_POINT('',#4623);
#4625=CARTESIAN_POINT('',(2.2815E1,-4.146570759703E1,1.45E1));
#4626=VERTEX_POINT('',#4625);
#4627=CARTESIAN_POINT('',(2.270583499908E1,-4.191166499068E1,1.45E1));
#4628=VERTEX_POINT('',#4627);
#4629=CARTESIAN_POINT('',(2.270583499908E1,-4.358400537301E1,1.45E1));
#4630=VERTEX_POINT('',#4629);
#4631=CARTESIAN_POINT('',(2.2815E1,-4.402996276667E1,1.45E1));
#4632=VERTEX_POINT('',#4631);
#4633=CARTESIAN_POINT('',(2.303333499908E1,-4.436443081190E1,1.45E1));
#4634=VERTEX_POINT('',#4633);
#4635=CARTESIAN_POINT('',(2.336083499909E1,-4.458740958681E1,1.45E1));
#4636=VERTEX_POINT('',#4635);
#4637=CARTESIAN_POINT('',(2.37975E1,-4.469889893522E1,1.45E1));
#4638=VERTEX_POINT('',#4637);
#4639=CARTESIAN_POINT('',(2.477999999998E1,-4.469889893522E1,1.45E1));
#4640=VERTEX_POINT('',#4639);
#4641=CARTESIAN_POINT('',(2.521666500092E1,-4.458740958680E1,1.45E1));
#4642=VERTEX_POINT('',#4641);
#4643=CARTESIAN_POINT('',(2.554416500091E1,-4.436443081190E1,1.45E1));
#4644=VERTEX_POINT('',#4643);
#4645=CARTESIAN_POINT('',(2.565333499908E1,-4.402996276666E1,1.45E1));
#4646=VERTEX_POINT('',#4645);
#4647=CARTESIAN_POINT('',(2.565333499908E1,-4.313804782321E1,1.45E1));
#4648=VERTEX_POINT('',#4647);
#4649=CARTESIAN_POINT('',(2.467083499908E1,-4.313804782321E1,1.45E1));
#4650=VERTEX_POINT('',#4649);
#4651=CARTESIAN_POINT('',(2.467083499908E1,-4.246911173274E1,1.45E1));
#4652=VERTEX_POINT('',#4651);
#4653=CARTESIAN_POINT('',(1.85575E1,-4.012783510377E1,1.45E1));
#4654=VERTEX_POINT('',#4653);
#4655=CARTESIAN_POINT('',(1.801166500093E1,-4.023932445218E1,1.45E1));
#4656=VERTEX_POINT('',#4655);
#4657=CARTESIAN_POINT('',(1.943083499909E1,-4.012783510377E1,1.45E1));
#4658=VERTEX_POINT('',#4657);
#4659=CARTESIAN_POINT('',(1.997666500092E1,-4.023932445218E1,1.45E1));
#4660=VERTEX_POINT('',#4659);
#4661=CARTESIAN_POINT('',(2.041333499908E1,-4.046230314900E1,1.45E1));
#4662=VERTEX_POINT('',#4661);
#4663=CARTESIAN_POINT('',(2.085E1,-4.090826054265E1,1.45E1));
#4664=VERTEX_POINT('',#4663);
#4665=CARTESIAN_POINT('',(2.106833499908E1,-4.135421793629E1,1.45E1));
#4666=VERTEX_POINT('',#4665);
#4667=CARTESIAN_POINT('',(2.11775E1,-4.191166499068E1,1.45E1));
#4668=VERTEX_POINT('',#4667);
#4669=CARTESIAN_POINT('',(2.11775E1,-4.358400537301E1,1.45E1));
#4670=VERTEX_POINT('',#4669);
#4671=CARTESIAN_POINT('',(2.106833499908E1,-4.414145211508E1,1.45E1));
#4672=VERTEX_POINT('',#4671);
#4673=CARTESIAN_POINT('',(2.085E1,-4.458740958680E1,1.45E1));
#4674=VERTEX_POINT('',#4673);
#4675=CARTESIAN_POINT('',(2.041333499907E1,-4.503336701950E1,1.45E1));
#4676=VERTEX_POINT('',#4675);
#4677=CARTESIAN_POINT('',(1.997666500092E1,-4.525634574560E1,1.45E1));
#4678=VERTEX_POINT('',#4677);
#4679=CARTESIAN_POINT('',(1.943083499908E1,-4.536783510377E1,1.45E1));
#4680=VERTEX_POINT('',#4679);
#4681=CARTESIAN_POINT('',(1.85575E1,-4.536783510377E1,1.45E1));
#4682=VERTEX_POINT('',#4681);
#4683=CARTESIAN_POINT('',(1.801166500092E1,-4.525634574560E1,1.45E1));
#4684=VERTEX_POINT('',#4683);
#4685=CARTESIAN_POINT('',(1.7575E1,-4.503336701949E1,1.45E1));
#4686=VERTEX_POINT('',#4685);
#4687=CARTESIAN_POINT('',(1.713833499908E1,-4.458740958680E1,1.45E1));
#4688=VERTEX_POINT('',#4687);
#4689=CARTESIAN_POINT('',(1.692E1,-4.414145211508E1,1.45E1));
#4690=VERTEX_POINT('',#4689);
#4691=CARTESIAN_POINT('',(1.681083250046E1,-4.358400537302E1,1.45E1));
#4692=VERTEX_POINT('',#4691);
#4693=CARTESIAN_POINT('',(1.681083250046E1,-4.191166499067E1,1.45E1));
#4694=VERTEX_POINT('',#4693);
#4695=CARTESIAN_POINT('',(1.692E1,-4.135421793629E1,1.45E1));
#4696=VERTEX_POINT('',#4695);
#4697=CARTESIAN_POINT('',(1.713833499908E1,-4.090826054265E1,1.45E1));
#4698=VERTEX_POINT('',#4697);
#4699=CARTESIAN_POINT('',(1.757499999999E1,-4.046230314901E1,1.45E1));
#4700=VERTEX_POINT('',#4699);
#4701=CARTESIAN_POINT('',(1.85575E1,-4.079677119424E1,1.45E1));
#4702=CARTESIAN_POINT('',(1.943083499908E1,-4.079677119424E1,1.45E1));
#4703=VERTEX_POINT('',#4701);
#4704=VERTEX_POINT('',#4702);
#4705=CARTESIAN_POINT('',(1.812083499908E1,-4.090826054265E1,1.45E1));
#4706=VERTEX_POINT('',#4705);
#4707=CARTESIAN_POINT('',(1.779333499908E1,-4.113123923947E1,1.45E1));
#4708=VERTEX_POINT('',#4707);
#4709=CARTESIAN_POINT('',(1.7575E1,-4.146570759703E1,1.45E1));
#4710=VERTEX_POINT('',#4709);
#4711=CARTESIAN_POINT('',(1.746583499908E1,-4.191166499068E1,1.45E1));
#4712=VERTEX_POINT('',#4711);
#4713=CARTESIAN_POINT('',(1.746583499908E1,-4.358400537301E1,1.45E1));
#4714=VERTEX_POINT('',#4713);
#4715=CARTESIAN_POINT('',(1.7575E1,-4.402996276667E1,1.45E1));
#4716=VERTEX_POINT('',#4715);
#4717=CARTESIAN_POINT('',(1.779333499908E1,-4.436443081190E1,1.45E1));
#4718=VERTEX_POINT('',#4717);
#4719=CARTESIAN_POINT('',(1.812083499909E1,-4.458740958681E1,1.45E1));
#4720=VERTEX_POINT('',#4719);
#4721=CARTESIAN_POINT('',(1.85575E1,-4.469889893522E1,1.45E1));
#4722=VERTEX_POINT('',#4721);
#4723=CARTESIAN_POINT('',(1.943083499907E1,-4.469889893522E1,1.45E1));
#4724=VERTEX_POINT('',#4723);
#4725=CARTESIAN_POINT('',(1.98675E1,-4.458740958680E1,1.45E1));
#4726=VERTEX_POINT('',#4725);
#4727=CARTESIAN_POINT('',(2.019499999999E1,-4.436443081190E1,1.45E1));
#4728=VERTEX_POINT('',#4727);
#4729=CARTESIAN_POINT('',(2.041333499909E1,-4.402996276665E1,1.45E1));
#4730=VERTEX_POINT('',#4729);
#4731=CARTESIAN_POINT('',(2.05225E1,-4.358400537303E1,1.45E1));
#4732=VERTEX_POINT('',#4731);
#4733=CARTESIAN_POINT('',(2.05225E1,-4.191166499069E1,1.45E1));
#4734=VERTEX_POINT('',#4733);
#4735=CARTESIAN_POINT('',(2.041333499908E1,-4.146570759703E1,1.45E1));
#4736=VERTEX_POINT('',#4735);
#4737=CARTESIAN_POINT('',(2.0195E1,-4.113123923947E1,1.45E1));
#4738=VERTEX_POINT('',#4737);
#4739=CARTESIAN_POINT('',(1.98675E1,-4.090826054265E1,1.45E1));
#4740=VERTEX_POINT('',#4739);
#4741=CARTESIAN_POINT('',(1.85575E1,-4.079677119424E1,1.5E1));
#4742=CARTESIAN_POINT('',(1.943083499908E1,-4.079677119424E1,1.5E1));
#4743=VERTEX_POINT('',#4741);
#4744=VERTEX_POINT('',#4742);
#4745=CARTESIAN_POINT('',(1.98675E1,-4.090826054265E1,1.5E1));
#4746=VERTEX_POINT('',#4745);
#4747=CARTESIAN_POINT('',(2.0195E1,-4.113123923947E1,1.5E1));
#4748=VERTEX_POINT('',#4747);
#4749=CARTESIAN_POINT('',(2.041333499908E1,-4.146570759703E1,1.5E1));
#4750=VERTEX_POINT('',#4749);
#4751=CARTESIAN_POINT('',(2.05225E1,-4.191166499069E1,1.5E1));
#4752=VERTEX_POINT('',#4751);
#4753=CARTESIAN_POINT('',(2.05225E1,-4.358400537302E1,1.5E1));
#4754=VERTEX_POINT('',#4753);
#4755=CARTESIAN_POINT('',(2.041333499909E1,-4.402996276665E1,1.5E1));
#4756=VERTEX_POINT('',#4755);
#4757=CARTESIAN_POINT('',(2.019499999999E1,-4.436443081190E1,1.5E1));
#4758=VERTEX_POINT('',#4757);
#4759=CARTESIAN_POINT('',(1.98675E1,-4.458740958680E1,1.5E1));
#4760=VERTEX_POINT('',#4759);
#4761=CARTESIAN_POINT('',(1.943083499906E1,-4.469889893522E1,1.5E1));
#4762=VERTEX_POINT('',#4761);
#4763=CARTESIAN_POINT('',(1.85575E1,-4.469889893522E1,1.5E1));
#4764=VERTEX_POINT('',#4763);
#4765=CARTESIAN_POINT('',(1.812083499909E1,-4.458740958681E1,1.5E1));
#4766=VERTEX_POINT('',#4765);
#4767=CARTESIAN_POINT('',(1.779333499908E1,-4.436443081190E1,1.5E1));
#4768=VERTEX_POINT('',#4767);
#4769=CARTESIAN_POINT('',(1.7575E1,-4.402996276667E1,1.5E1));
#4770=VERTEX_POINT('',#4769);
#4771=CARTESIAN_POINT('',(1.746583499908E1,-4.358400537301E1,1.5E1));
#4772=VERTEX_POINT('',#4771);
#4773=CARTESIAN_POINT('',(1.746583499908E1,-4.191166499068E1,1.5E1));
#4774=VERTEX_POINT('',#4773);
#4775=CARTESIAN_POINT('',(1.7575E1,-4.146570759703E1,1.5E1));
#4776=VERTEX_POINT('',#4775);
#4777=CARTESIAN_POINT('',(1.779333499908E1,-4.113123923947E1,1.5E1));
#4778=VERTEX_POINT('',#4777);
#4779=CARTESIAN_POINT('',(1.812083499908E1,-4.090826054265E1,1.5E1));
#4780=VERTEX_POINT('',#4779);
#4781=CARTESIAN_POINT('',(1.222583250046E1,-4.536783510377E1,1.45E1));
#4782=VERTEX_POINT('',#4781);
#4783=CARTESIAN_POINT('',(1.222583250046E1,-4.079677119424E1,1.45E1));
#4784=VERTEX_POINT('',#4783);
#4785=CARTESIAN_POINT('',(1.157083250046E1,-4.536783510377E1,1.45E1));
#4786=VERTEX_POINT('',#4785);
#4787=CARTESIAN_POINT('',(1.157083250046E1,-4.012783510377E1,1.45E1));
#4788=VERTEX_POINT('',#4787);
#4789=CARTESIAN_POINT('',(1.255333250046E1,-4.012783510377E1,1.45E1));
#4790=VERTEX_POINT('',#4789);
#4791=CARTESIAN_POINT('',(1.52825E1,-4.458740958680E1,1.45E1));
#4792=VERTEX_POINT('',#4791);
#4793=CARTESIAN_POINT('',(1.52825E1,-4.012783510377E1,1.45E1));
#4794=VERTEX_POINT('',#4793);
#4795=CARTESIAN_POINT('',(1.59375E1,-4.012783510377E1,1.45E1));
#4796=VERTEX_POINT('',#4795);
#4797=CARTESIAN_POINT('',(1.59375E1,-4.536783510377E1,1.45E1));
#4798=VERTEX_POINT('',#4797);
#4799=CARTESIAN_POINT('',(1.4955E1,-4.536783510377E1,1.45E1));
#4800=VERTEX_POINT('',#4799);
#4801=CARTESIAN_POINT('',(-1.81225E1,-4.012783510377E1,1.45E1));
#4802=VERTEX_POINT('',#4801);
#4803=CARTESIAN_POINT('',(-1.866833312510E1,-4.023932445218E1,1.45E1));
#4804=VERTEX_POINT('',#4803);
#4805=CARTESIAN_POINT('',(-1.724916687488E1,-4.012783510377E1,1.45E1));
#4806=VERTEX_POINT('',#4805);
#4807=CARTESIAN_POINT('',(-1.670333312511E1,-4.023932445218E1,1.45E1));
#4808=VERTEX_POINT('',#4807);
#4809=CARTESIAN_POINT('',(-1.626666687489E1,-4.046230314900E1,1.45E1));
#4810=VERTEX_POINT('',#4809);
#4811=CARTESIAN_POINT('',(-1.583E1,-4.090826054265E1,1.45E1));
#4812=VERTEX_POINT('',#4811);
#4813=CARTESIAN_POINT('',(-1.561166687489E1,-4.135421793629E1,1.45E1));
#4814=VERTEX_POINT('',#4813);
#4815=CARTESIAN_POINT('',(-1.55025E1,-4.191166499068E1,1.45E1));
#4816=VERTEX_POINT('',#4815);
#4817=CARTESIAN_POINT('',(-1.55025E1,-4.358400537301E1,1.45E1));
#4818=VERTEX_POINT('',#4817);
#4819=CARTESIAN_POINT('',(-1.561166687489E1,-4.414145211508E1,1.45E1));
#4820=VERTEX_POINT('',#4819);
#4821=CARTESIAN_POINT('',(-1.583E1,-4.458740958680E1,1.45E1));
#4822=VERTEX_POINT('',#4821);
#4823=CARTESIAN_POINT('',(-1.626666687490E1,-4.503336701950E1,1.45E1));
#4824=VERTEX_POINT('',#4823);
#4825=CARTESIAN_POINT('',(-1.670333312511E1,-4.525634574560E1,1.45E1));
#4826=VERTEX_POINT('',#4825);
#4827=CARTESIAN_POINT('',(-1.724916687489E1,-4.536783510377E1,1.45E1));
#4828=VERTEX_POINT('',#4827);
#4829=CARTESIAN_POINT('',(-1.81225E1,-4.536783510377E1,1.45E1));
#4830=VERTEX_POINT('',#4829);
#4831=CARTESIAN_POINT('',(-1.866833312511E1,-4.525634574560E1,1.45E1));
#4832=VERTEX_POINT('',#4831);
#4833=CARTESIAN_POINT('',(-1.9105E1,-4.503336701949E1,1.45E1));
#4834=VERTEX_POINT('',#4833);
#4835=CARTESIAN_POINT('',(-1.954166687489E1,-4.458740958680E1,1.45E1));
#4836=VERTEX_POINT('',#4835);
#4837=CARTESIAN_POINT('',(-1.976E1,-4.414145211508E1,1.45E1));
#4838=VERTEX_POINT('',#4837);
#4839=CARTESIAN_POINT('',(-1.986916656256E1,-4.358400537302E1,1.45E1));
#4840=VERTEX_POINT('',#4839);
#4841=CARTESIAN_POINT('',(-1.986916656256E1,-4.191166499068E1,1.45E1));
#4842=VERTEX_POINT('',#4841);
#4843=CARTESIAN_POINT('',(-1.976E1,-4.135421793629E1,1.45E1));
#4844=VERTEX_POINT('',#4843);
#4845=CARTESIAN_POINT('',(-1.954166687489E1,-4.090826054265E1,1.45E1));
#4846=VERTEX_POINT('',#4845);
#4847=CARTESIAN_POINT('',(-1.910500000001E1,-4.046230314901E1,1.45E1));
#4848=VERTEX_POINT('',#4847);
#4849=CARTESIAN_POINT('',(-1.81225E1,-4.079677119424E1,1.45E1));
#4850=CARTESIAN_POINT('',(-1.724916687489E1,-4.079677119424E1,1.45E1));
#4851=VERTEX_POINT('',#4849);
#4852=VERTEX_POINT('',#4850);
#4853=CARTESIAN_POINT('',(-1.855916687489E1,-4.090826054265E1,1.45E1));
#4854=VERTEX_POINT('',#4853);
#4855=CARTESIAN_POINT('',(-1.888666687489E1,-4.113123923947E1,1.45E1));
#4856=VERTEX_POINT('',#4855);
#4857=CARTESIAN_POINT('',(-1.9105E1,-4.146570759703E1,1.45E1));
#4858=VERTEX_POINT('',#4857);
#4859=CARTESIAN_POINT('',(-1.921416687489E1,-4.191166499068E1,1.45E1));
#4860=VERTEX_POINT('',#4859);
#4861=CARTESIAN_POINT('',(-1.921416687489E1,-4.358400537301E1,1.45E1));
#4862=VERTEX_POINT('',#4861);
#4863=CARTESIAN_POINT('',(-1.9105E1,-4.402996276667E1,1.45E1));
#4864=VERTEX_POINT('',#4863);
#4865=CARTESIAN_POINT('',(-1.888666687489E1,-4.436443081190E1,1.45E1));
#4866=VERTEX_POINT('',#4865);
#4867=CARTESIAN_POINT('',(-1.855916687488E1,-4.458740958681E1,1.45E1));
#4868=VERTEX_POINT('',#4867);
#4869=CARTESIAN_POINT('',(-1.81225E1,-4.469889893522E1,1.45E1));
#4870=VERTEX_POINT('',#4869);
#4871=CARTESIAN_POINT('',(-1.724916687490E1,-4.469889893522E1,1.45E1));
#4872=VERTEX_POINT('',#4871);
#4873=CARTESIAN_POINT('',(-1.68125E1,-4.458740958680E1,1.45E1));
#4874=VERTEX_POINT('',#4873);
#4875=CARTESIAN_POINT('',(-1.648500000001E1,-4.436443081190E1,1.45E1));
#4876=VERTEX_POINT('',#4875);
#4877=CARTESIAN_POINT('',(-1.626666687488E1,-4.402996276665E1,1.45E1));
#4878=VERTEX_POINT('',#4877);
#4879=CARTESIAN_POINT('',(-1.61575E1,-4.358400537303E1,1.45E1));
#4880=VERTEX_POINT('',#4879);
#4881=CARTESIAN_POINT('',(-1.61575E1,-4.191166499069E1,1.45E1));
#4882=VERTEX_POINT('',#4881);
#4883=CARTESIAN_POINT('',(-1.626666687489E1,-4.146570759703E1,1.45E1));
#4884=VERTEX_POINT('',#4883);
#4885=CARTESIAN_POINT('',(-1.6485E1,-4.113123923947E1,1.45E1));
#4886=VERTEX_POINT('',#4885);
#4887=CARTESIAN_POINT('',(-1.68125E1,-4.090826054265E1,1.45E1));
#4888=VERTEX_POINT('',#4887);
#4889=CARTESIAN_POINT('',(-1.81225E1,-4.079677119424E1,1.5E1));
#4890=CARTESIAN_POINT('',(-1.724916687489E1,-4.079677119424E1,1.5E1));
#4891=VERTEX_POINT('',#4889);
#4892=VERTEX_POINT('',#4890);
#4893=CARTESIAN_POINT('',(-1.68125E1,-4.090826054265E1,1.5E1));
#4894=VERTEX_POINT('',#4893);
#4895=CARTESIAN_POINT('',(-1.6485E1,-4.113123923947E1,1.5E1));
#4896=VERTEX_POINT('',#4895);
#4897=CARTESIAN_POINT('',(-1.626666687489E1,-4.146570759703E1,1.5E1));
#4898=VERTEX_POINT('',#4897);
#4899=CARTESIAN_POINT('',(-1.61575E1,-4.191166499069E1,1.5E1));
#4900=VERTEX_POINT('',#4899);
#4901=CARTESIAN_POINT('',(-1.61575E1,-4.358400537302E1,1.5E1));
#4902=VERTEX_POINT('',#4901);
#4903=CARTESIAN_POINT('',(-1.626666687488E1,-4.402996276665E1,1.5E1));
#4904=VERTEX_POINT('',#4903);
#4905=CARTESIAN_POINT('',(-1.648500000001E1,-4.436443081190E1,1.5E1));
#4906=VERTEX_POINT('',#4905);
#4907=CARTESIAN_POINT('',(-1.68125E1,-4.458740958680E1,1.5E1));
#4908=VERTEX_POINT('',#4907);
#4909=CARTESIAN_POINT('',(-1.724916687491E1,-4.469889893522E1,1.5E1));
#4910=VERTEX_POINT('',#4909);
#4911=CARTESIAN_POINT('',(-1.81225E1,-4.469889893522E1,1.5E1));
#4912=VERTEX_POINT('',#4911);
#4913=CARTESIAN_POINT('',(-1.855916687488E1,-4.458740958681E1,1.5E1));
#4914=VERTEX_POINT('',#4913);
#4915=CARTESIAN_POINT('',(-1.888666687489E1,-4.436443081190E1,1.5E1));
#4916=VERTEX_POINT('',#4915);
#4917=CARTESIAN_POINT('',(-1.9105E1,-4.402996276667E1,1.5E1));
#4918=VERTEX_POINT('',#4917);
#4919=CARTESIAN_POINT('',(-1.921416687489E1,-4.358400537301E1,1.5E1));
#4920=VERTEX_POINT('',#4919);
#4921=CARTESIAN_POINT('',(-1.921416687489E1,-4.191166499068E1,1.5E1));
#4922=VERTEX_POINT('',#4921);
#4923=CARTESIAN_POINT('',(-1.9105E1,-4.146570759703E1,1.5E1));
#4924=VERTEX_POINT('',#4923);
#4925=CARTESIAN_POINT('',(-1.888666687489E1,-4.113123923947E1,1.5E1));
#4926=VERTEX_POINT('',#4925);
#4927=CARTESIAN_POINT('',(-1.855916687489E1,-4.090826054265E1,1.5E1));
#4928=VERTEX_POINT('',#4927);
#4929=CARTESIAN_POINT('',(-2.07425E1,-4.414145211507E1,1.45E1));
#4930=VERTEX_POINT('',#4929);
#4931=CARTESIAN_POINT('',(-2.07425E1,-4.246911173274E1,1.45E1));
#4932=VERTEX_POINT('',#4931);
#4933=CARTESIAN_POINT('',(-2.085166656256E1,-4.458740958681E1,1.45E1));
#4934=VERTEX_POINT('',#4933);
#4935=CARTESIAN_POINT('',(-2.128833343744E1,-4.503336701949E1,1.45E1));
#4936=VERTEX_POINT('',#4935);
#4937=CARTESIAN_POINT('',(-2.1725E1,-4.525634574560E1,1.45E1));
#4938=VERTEX_POINT('',#4937);
#4939=CARTESIAN_POINT('',(-2.227083343744E1,-4.536783510377E1,1.45E1));
#4940=VERTEX_POINT('',#4939);
#4941=CARTESIAN_POINT('',(-2.325333328128E1,-4.536783510377E1,1.45E1));
#4942=VERTEX_POINT('',#4941);
#4943=CARTESIAN_POINT('',(-2.379916664063E1,-4.525634574560E1,1.45E1));
#4944=VERTEX_POINT('',#4943);
#4945=CARTESIAN_POINT('',(-2.423583335936E1,-4.503336701949E1,1.45E1));
#4946=VERTEX_POINT('',#4945);
#4947=CARTESIAN_POINT('',(-2.46725E1,-4.458740958680E1,1.45E1));
#4948=VERTEX_POINT('',#4947);
#4949=CARTESIAN_POINT('',(-2.489083333008E1,-4.414145211508E1,1.45E1));
#4950=VERTEX_POINT('',#4949);
#4951=CARTESIAN_POINT('',(-2.5E1,-4.358400537302E1,1.45E1));
#4952=VERTEX_POINT('',#4951);
#4953=CARTESIAN_POINT('',(-2.5E1,-4.191166499068E1,1.45E1));
#4954=VERTEX_POINT('',#4953);
#4955=CARTESIAN_POINT('',(-2.489083333008E1,-4.135421793629E1,1.45E1));
#4956=VERTEX_POINT('',#4955);
#4957=CARTESIAN_POINT('',(-2.46725E1,-4.090826054265E1,1.45E1));
#4958=VERTEX_POINT('',#4957);
#4959=CARTESIAN_POINT('',(-2.423583335936E1,-4.046230314900E1,1.45E1));
#4960=VERTEX_POINT('',#4959);
#4961=CARTESIAN_POINT('',(-2.379916664064E1,-4.023932445218E1,1.45E1));
#4962=VERTEX_POINT('',#4961);
#4963=CARTESIAN_POINT('',(-2.325333328128E1,-4.012783510377E1,1.45E1));
#4964=VERTEX_POINT('',#4963);
#4965=CARTESIAN_POINT('',(-2.227083343744E1,-4.012783510377E1,1.45E1));
#4966=VERTEX_POINT('',#4965);
#4967=CARTESIAN_POINT('',(-2.172499999999E1,-4.023932445218E1,1.45E1));
#4968=VERTEX_POINT('',#4967);
#4969=CARTESIAN_POINT('',(-2.128833343745E1,-4.046230314899E1,1.45E1));
#4970=VERTEX_POINT('',#4969);
#4971=CARTESIAN_POINT('',(-2.085166656256E1,-4.090826054265E1,1.45E1));
#4972=VERTEX_POINT('',#4971);
#4973=CARTESIAN_POINT('',(-2.07425E1,-4.146570759703E1,1.45E1));
#4974=VERTEX_POINT('',#4973);
#4975=CARTESIAN_POINT('',(-2.13975E1,-4.146570759703E1,1.45E1));
#4976=VERTEX_POINT('',#4975);
#4977=CARTESIAN_POINT('',(-2.150666656256E1,-4.113123923947E1,1.45E1));
#4978=VERTEX_POINT('',#4977);
#4979=CARTESIAN_POINT('',(-2.183416656256E1,-4.090826054265E1,1.45E1));
#4980=VERTEX_POINT('',#4979);
#4981=CARTESIAN_POINT('',(-2.227083343744E1,-4.079677119424E1,1.45E1));
#4982=VERTEX_POINT('',#4981);
#4983=CARTESIAN_POINT('',(-2.325333328128E1,-4.079677119424E1,1.45E1));
#4984=VERTEX_POINT('',#4983);
#4985=CARTESIAN_POINT('',(-2.369E1,-4.090826054265E1,1.45E1));
#4986=VERTEX_POINT('',#4985);
#4987=CARTESIAN_POINT('',(-2.40175E1,-4.113123923947E1,1.45E1));
#4988=VERTEX_POINT('',#4987);
#4989=CARTESIAN_POINT('',(-2.423583335936E1,-4.146570759703E1,1.45E1));
#4990=VERTEX_POINT('',#4989);
#4991=CARTESIAN_POINT('',(-2.4345E1,-4.191166499068E1,1.45E1));
#4992=VERTEX_POINT('',#4991);
#4993=CARTESIAN_POINT('',(-2.4345E1,-4.358400537302E1,1.45E1));
#4994=VERTEX_POINT('',#4993);
#4995=CARTESIAN_POINT('',(-2.423583335936E1,-4.402996276666E1,1.45E1));
#4996=VERTEX_POINT('',#4995);
#4997=CARTESIAN_POINT('',(-2.40175E1,-4.436443081190E1,1.45E1));
#4998=VERTEX_POINT('',#4997);
#4999=CARTESIAN_POINT('',(-2.368999999999E1,-4.458740958681E1,1.45E1));
#5000=VERTEX_POINT('',#4999);
#5001=CARTESIAN_POINT('',(-2.325333328128E1,-4.469889893522E1,1.45E1));
#5002=VERTEX_POINT('',#5001);
#5003=CARTESIAN_POINT('',(-2.227083343747E1,-4.469889893522E1,1.45E1));
#5004=VERTEX_POINT('',#5003);
#5005=CARTESIAN_POINT('',(-2.183416656257E1,-4.458740958680E1,1.45E1));
#5006=VERTEX_POINT('',#5005);
#5007=CARTESIAN_POINT('',(-2.150666656256E1,-4.436443081190E1,1.45E1));
#5008=VERTEX_POINT('',#5007);
#5009=CARTESIAN_POINT('',(-2.13975E1,-4.402996276666E1,1.45E1));
#5010=VERTEX_POINT('',#5009);
#5011=CARTESIAN_POINT('',(-2.13975E1,-4.313804782321E1,1.45E1));
#5012=VERTEX_POINT('',#5011);
#5013=CARTESIAN_POINT('',(-2.238E1,-4.313804782321E1,1.45E1));
#5014=VERTEX_POINT('',#5013);
#5015=CARTESIAN_POINT('',(-2.238E1,-4.246911173274E1,1.45E1));
#5016=VERTEX_POINT('',#5015);
#5017=CARTESIAN_POINT('',(-1.065E1,-1.279701989743E0,1.45E1));
#5018=CARTESIAN_POINT('',(1.09E1,-1.279701989743E0,1.45E1));
#5019=VERTEX_POINT('',#5017);
#5020=VERTEX_POINT('',#5018);
#5021=CARTESIAN_POINT('',(-1.065E1,-1.279701989743E0,1.1E1));
#5022=VERTEX_POINT('',#5021);
#5023=CARTESIAN_POINT('',(1.09E1,-1.279701989743E0,1.1E1));
#5024=VERTEX_POINT('',#5023);
#5025=CARTESIAN_POINT('',(-1.115E1,-1.779701989744E0,1.1E1));
#5026=VERTEX_POINT('',#5025);
#5027=CARTESIAN_POINT('',(-1.115E1,2.422029801026E1,1.1E1));
#5028=VERTEX_POINT('',#5027);
#5029=CARTESIAN_POINT('',(1.14E1,-1.779701989743E0,1.1E1));
#5030=VERTEX_POINT('',#5029);
#5031=CARTESIAN_POINT('',(1.139999991843E1,-1.779701990499E0,1.49E1));
#5032=VERTEX_POINT('',#5031);
#5033=CARTESIAN_POINT('',(2.86E1,-1.779701989699E0,1.49E1));
#5034=VERTEX_POINT('',#5033);
#5035=CARTESIAN_POINT('',(2.86E1,2.422029801026E1,1.1E1));
#5036=VERTEX_POINT('',#5035);
#5037=CARTESIAN_POINT('',(2.86E1,-1.779701989744E0,1.1E1));
#5038=VERTEX_POINT('',#5037);
#5039=CARTESIAN_POINT('',(2.78E1,5.1625E1,1.49E1));
#5040=VERTEX_POINT('',#5039);
#5041=CARTESIAN_POINT('',(1.22E1,5.1625E1,1.49E1));
#5042=VERTEX_POINT('',#5041);
#5043=CARTESIAN_POINT('',(1.189999976035E1,5.1625E1,1.449999726131E1));
#5044=VERTEX_POINT('',#5043);
#5045=CARTESIAN_POINT('',(2.91E1,2.372029801026E1,1.45E1));
#5046=CARTESIAN_POINT('',(2.91E1,2.372029801026E1,1.1E1));
#5047=VERTEX_POINT('',#5045);
#5048=VERTEX_POINT('',#5046);
#5049=CARTESIAN_POINT('',(5.E1,2.372029801026E1,1.45E1));
#5050=VERTEX_POINT('',#5049);
#5051=CARTESIAN_POINT('',(5.E1,2.372029801026E1,1.1E1));
#5052=VERTEX_POINT('',#5051);
#5053=CARTESIAN_POINT('',(5.E1,-1.279701989743E0,1.45E1));
#5054=VERTEX_POINT('',#5053);
#5055=CARTESIAN_POINT('',(5.E1,-1.279701989743E0,1.1E1));
#5056=VERTEX_POINT('',#5055);
#5057=CARTESIAN_POINT('',(-5.E1,2.422029801026E1,1.1E1));
#5058=VERTEX_POINT('',#5057);
#5059=CARTESIAN_POINT('',(-5.E1,-1.779701989743E0,1.1E1));
#5060=VERTEX_POINT('',#5059);
#5061=CARTESIAN_POINT('',(-4.95E1,2.372029801026E1,1.1E1));
#5062=VERTEX_POINT('',#5061);
#5063=CARTESIAN_POINT('',(-2.935E1,2.372029801026E1,1.1E1));
#5064=VERTEX_POINT('',#5063);
#5065=CARTESIAN_POINT('',(-2.935E1,-1.279701989743E0,1.1E1));
#5066=VERTEX_POINT('',#5065);
#5067=CARTESIAN_POINT('',(-4.95E1,-1.279701989743E0,1.1E1));
#5068=VERTEX_POINT('',#5067);
#5069=CARTESIAN_POINT('',(-2.935E1,-1.279701989743E0,1.45E1));
#5070=VERTEX_POINT('',#5069);
#5071=CARTESIAN_POINT('',(-4.95E1,-1.279701989743E0,1.45E1));
#5072=VERTEX_POINT('',#5071);
#5073=CARTESIAN_POINT('',(2.91E1,-1.279701989743E0,1.45E1));
#5074=VERTEX_POINT('',#5073);
#5075=CARTESIAN_POINT('',(2.91E1,-1.279701989743E0,1.1E1));
#5076=VERTEX_POINT('',#5075);
#5077=CARTESIAN_POINT('',(1.22E1,6.3125E1,1.49E1));
#5078=CARTESIAN_POINT('',(1.22E1,6.3125E1,0.E0));
#5079=VERTEX_POINT('',#5077);
#5080=VERTEX_POINT('',#5078);
#5081=CARTESIAN_POINT('',(1.269999996401E1,6.3625E1,1.49E1));
#5082=CARTESIAN_POINT('',(1.27E1,6.3625E1,0.E0));
#5083=VERTEX_POINT('',#5081);
#5084=VERTEX_POINT('',#5082);
#5085=CARTESIAN_POINT('',(1.21E1,6.3125E1,1.5E1));
#5086=VERTEX_POINT('',#5085);
#5087=CARTESIAN_POINT('',(1.27E1,6.3725E1,1.5E1));
#5088=VERTEX_POINT('',#5087);
#5089=CARTESIAN_POINT('',(2.73E1,6.3625E1,1.49E1));
#5090=CARTESIAN_POINT('',(2.73E1,6.3625E1,0.E0));
#5091=VERTEX_POINT('',#5089);
#5092=VERTEX_POINT('',#5090);
#5093=CARTESIAN_POINT('',(2.78E1,6.312500003599E1,1.49E1));
#5094=CARTESIAN_POINT('',(2.78E1,6.3125E1,0.E0));
#5095=VERTEX_POINT('',#5093);
#5096=VERTEX_POINT('',#5094);
#5097=CARTESIAN_POINT('',(2.73E1,6.3725E1,1.5E1));
#5098=VERTEX_POINT('',#5097);
#5099=CARTESIAN_POINT('',(2.79E1,6.3125E1,1.5E1));
#5100=VERTEX_POINT('',#5099);
#5101=CARTESIAN_POINT('',(-1.27E1,6.3775E1,1.49E1));
#5102=CARTESIAN_POINT('',(-1.27E1,6.3775E1,0.E0));
#5103=VERTEX_POINT('',#5101);
#5104=VERTEX_POINT('',#5102);
#5105=CARTESIAN_POINT('',(-1.22E1,6.327500003599E1,1.49E1));
#5106=CARTESIAN_POINT('',(-1.22E1,6.3275E1,0.E0));
#5107=VERTEX_POINT('',#5105);
#5108=VERTEX_POINT('',#5106);
#5109=CARTESIAN_POINT('',(-1.27E1,6.3875E1,1.5E1));
#5110=VERTEX_POINT('',#5109);
#5111=CARTESIAN_POINT('',(-1.21E1,6.3275E1,1.5E1));
#5112=VERTEX_POINT('',#5111);
#5113=CARTESIAN_POINT('',(-2.78E1,6.3275E1,1.49E1));
#5114=CARTESIAN_POINT('',(-2.78E1,6.3275E1,0.E0));
#5115=VERTEX_POINT('',#5113);
#5116=VERTEX_POINT('',#5114);
#5117=CARTESIAN_POINT('',(-2.730000003599E1,6.3775E1,1.49E1));
#5118=CARTESIAN_POINT('',(-2.73E1,6.3775E1,0.E0));
#5119=VERTEX_POINT('',#5117);
#5120=VERTEX_POINT('',#5118);
#5121=CARTESIAN_POINT('',(-2.79E1,6.3275E1,1.5E1));
#5122=VERTEX_POINT('',#5121);
#5123=CARTESIAN_POINT('',(-2.73E1,6.3875E1,1.5E1));
#5124=VERTEX_POINT('',#5123);
#5125=CARTESIAN_POINT('',(2.86E1,-3.522499999999E1,1.49E1));
#5126=CARTESIAN_POINT('',(2.86E1,-3.522499999999E1,0.E0));
#5127=VERTEX_POINT('',#5125);
#5128=VERTEX_POINT('',#5126);
#5129=CARTESIAN_POINT('',(2.810000002263E1,-3.572499999999E1,1.49E1));
#5130=CARTESIAN_POINT('',(2.81E1,-3.572499999999E1,0.E0));
#5131=VERTEX_POINT('',#5129);
#5132=VERTEX_POINT('',#5130);
#5133=CARTESIAN_POINT('',(2.87E1,-3.522499999999E1,1.5E1));
#5134=VERTEX_POINT('',#5133);
#5135=CARTESIAN_POINT('',(2.81E1,-3.582499999999E1,1.5E1));
#5136=VERTEX_POINT('',#5135);
#5137=CARTESIAN_POINT('',(1.19E1,-3.572499999999E1,1.49E1));
#5138=CARTESIAN_POINT('',(1.19E1,-3.572499999999E1,0.E0));
#5139=VERTEX_POINT('',#5137);
#5140=VERTEX_POINT('',#5138);
#5141=CARTESIAN_POINT('',(1.14E1,-3.522500002262E1,1.49E1));
#5142=CARTESIAN_POINT('',(1.14E1,-3.522499999999E1,0.E0));
#5143=VERTEX_POINT('',#5141);
#5144=VERTEX_POINT('',#5142);
#5145=CARTESIAN_POINT('',(1.19E1,-3.582499999999E1,1.5E1));
#5146=VERTEX_POINT('',#5145);
#5147=CARTESIAN_POINT('',(1.13E1,-3.522499999999E1,1.5E1));
#5148=VERTEX_POINT('',#5147);
#5149=CARTESIAN_POINT('',(-1.115E1,-3.537499999999E1,1.49E1));
#5150=CARTESIAN_POINT('',(-1.115E1,-3.537499999999E1,0.E0));
#5151=VERTEX_POINT('',#5149);
#5152=VERTEX_POINT('',#5150);
#5153=CARTESIAN_POINT('',(-1.164999995599E1,-3.587499999999E1,1.49E1));
#5154=CARTESIAN_POINT('',(-1.165E1,-3.587499999999E1,0.E0));
#5155=VERTEX_POINT('',#5153);
#5156=VERTEX_POINT('',#5154);
#5157=CARTESIAN_POINT('',(-1.105E1,-3.537499999999E1,1.5E1));
#5158=VERTEX_POINT('',#5157);
#5159=CARTESIAN_POINT('',(-1.165E1,-3.597499999999E1,1.5E1));
#5160=VERTEX_POINT('',#5159);
#5161=CARTESIAN_POINT('',(-2.835E1,-3.587499999999E1,1.49E1));
#5162=CARTESIAN_POINT('',(-2.835E1,-3.587499999999E1,0.E0));
#5163=VERTEX_POINT('',#5161);
#5164=VERTEX_POINT('',#5162);
#5165=CARTESIAN_POINT('',(-2.885E1,-3.537500002262E1,1.49E1));
#5166=CARTESIAN_POINT('',(-2.885E1,-3.537499999999E1,0.E0));
#5167=VERTEX_POINT('',#5165);
#5168=VERTEX_POINT('',#5166);
#5169=CARTESIAN_POINT('',(-2.835E1,-3.597499999999E1,1.5E1));
#5170=VERTEX_POINT('',#5169);
#5171=CARTESIAN_POINT('',(-2.895E1,-3.537499999999E1,1.5E1));
#5172=VERTEX_POINT('',#5171);
#5173=CARTESIAN_POINT('',(0.E0,0.E0,0.E0));
#5174=DIRECTION('',(0.E0,0.E0,1.E0));
#5175=DIRECTION('',(1.E0,0.E0,0.E0));
#5176=AXIS2_PLACEMENT_3D('',#5173,#5174,#5175);
#5177=PLANE('',#5176);
#5179=ORIENTED_EDGE('',*,*,#5178,.T.);
#5181=ORIENTED_EDGE('',*,*,#5180,.T.);
#5183=ORIENTED_EDGE('',*,*,#5182,.T.);
#5185=ORIENTED_EDGE('',*,*,#5184,.T.);
#5187=ORIENTED_EDGE('',*,*,#5186,.T.);
#5189=ORIENTED_EDGE('',*,*,#5188,.T.);
#5191=ORIENTED_EDGE('',*,*,#5190,.T.);
#5193=ORIENTED_EDGE('',*,*,#5192,.T.);
#5194=EDGE_LOOP('',(#5179,#5181,#5183,#5185,#5187,#5189,#5191,#5193));
#5195=FACE_OUTER_BOUND('',#5194,.F.);
#5197=ORIENTED_EDGE('',*,*,#5196,.F.);
#5199=ORIENTED_EDGE('',*,*,#5198,.F.);
#5201=ORIENTED_EDGE('',*,*,#5200,.T.);
#5203=ORIENTED_EDGE('',*,*,#5202,.T.);
#5205=ORIENTED_EDGE('',*,*,#5204,.T.);
#5207=ORIENTED_EDGE('',*,*,#5206,.F.);
#5209=ORIENTED_EDGE('',*,*,#5208,.F.);
#5211=ORIENTED_EDGE('',*,*,#5210,.F.);
#5213=ORIENTED_EDGE('',*,*,#5212,.F.);
#5215=ORIENTED_EDGE('',*,*,#5214,.F.);
#5217=ORIENTED_EDGE('',*,*,#5216,.T.);
#5219=ORIENTED_EDGE('',*,*,#5218,.T.);
#5221=ORIENTED_EDGE('',*,*,#5220,.F.);
#5223=ORIENTED_EDGE('',*,*,#5222,.F.);
#5224=EDGE_LOOP('',(#5197,#5199,#5201,#5203,#5205,#5207,#5209,#5211,#5213,#5215,
#5217,#5219,#5221,#5223));
#5225=FACE_BOUND('',#5224,.F.);
#5227=ORIENTED_EDGE('',*,*,#5226,.T.);
#5229=ORIENTED_EDGE('',*,*,#5228,.F.);
#5231=ORIENTED_EDGE('',*,*,#5230,.F.);
#5233=ORIENTED_EDGE('',*,*,#5232,.F.);
#5235=ORIENTED_EDGE('',*,*,#5234,.T.);
#5237=ORIENTED_EDGE('',*,*,#5236,.T.);
#5239=ORIENTED_EDGE('',*,*,#5238,.T.);
#5241=ORIENTED_EDGE('',*,*,#5240,.F.);
#5243=ORIENTED_EDGE('',*,*,#5242,.F.);
#5245=ORIENTED_EDGE('',*,*,#5244,.F.);
#5247=ORIENTED_EDGE('',*,*,#5246,.F.);
#5249=ORIENTED_EDGE('',*,*,#5248,.F.);
#5251=ORIENTED_EDGE('',*,*,#5250,.T.);
#5253=ORIENTED_EDGE('',*,*,#5252,.T.);
#5254=EDGE_LOOP('',(#5227,#5229,#5231,#5233,#5235,#5237,#5239,#5241,#5243,#5245,
#5247,#5249,#5251,#5253));
#5255=FACE_BOUND('',#5254,.F.);
#5256=ADVANCED_FACE('',(#5195,#5225,#5255),#5177,.F.);
#5257=CARTESIAN_POINT('',(-4.5E1,-5.409999999999E1,3.57058E1));
#5258=DIRECTION('',(0.E0,0.E0,-1.E0));
#5259=DIRECTION('',(0.E0,-1.E0,0.E0));
#5260=AXIS2_PLACEMENT_3D('',#5257,#5258,#5259);
#5261=CYLINDRICAL_SURFACE('',#5260,5.E0);
#5262=ORIENTED_EDGE('',*,*,#5178,.F.);
#5264=ORIENTED_EDGE('',*,*,#5263,.T.);
#5266=ORIENTED_EDGE('',*,*,#5265,.F.);
#5268=ORIENTED_EDGE('',*,*,#5267,.T.);
#5269=EDGE_LOOP('',(#5262,#5264,#5266,#5268));
#5270=FACE_OUTER_BOUND('',#5269,.F.);
#5271=ADVANCED_FACE('',(#5270),#5261,.T.);
#5272=CARTESIAN_POINT('',(-5.E1,7.5E1,0.E0));
#5273=DIRECTION('',(-1.E0,0.E0,0.E0));
#5274=DIRECTION('',(0.E0,-1.E0,0.E0));
#5275=AXIS2_PLACEMENT_3D('',#5272,#5273,#5274);
#5276=PLANE('',#5275);
#5277=ORIENTED_EDGE('',*,*,#5263,.F.);
#5278=ORIENTED_EDGE('',*,*,#5192,.F.);
#5280=ORIENTED_EDGE('',*,*,#5279,.F.);
#5282=ORIENTED_EDGE('',*,*,#5281,.F.);
#5284=ORIENTED_EDGE('',*,*,#5283,.F.);
#5286=ORIENTED_EDGE('',*,*,#5285,.T.);
#5288=ORIENTED_EDGE('',*,*,#5287,.F.);
#5290=ORIENTED_EDGE('',*,*,#5289,.T.);
#5291=EDGE_LOOP('',(#5277,#5278,#5280,#5282,#5284,#5286,#5288,#5290));
#5292=FACE_OUTER_BOUND('',#5291,.F.);
#5293=ADVANCED_FACE('',(#5292),#5276,.T.);
#5294=CARTESIAN_POINT('',(-4.5E1,7.E1,3.4554E1));
#5295=DIRECTION('',(0.E0,0.E0,-1.E0));
#5296=DIRECTION('',(-1.E0,0.E0,0.E0));
#5297=AXIS2_PLACEMENT_3D('',#5294,#5295,#5296);
#5298=CYLINDRICAL_SURFACE('',#5297,5.E0);
#5299=ORIENTED_EDGE('',*,*,#5190,.F.);
#5301=ORIENTED_EDGE('',*,*,#5300,.T.);
#5303=ORIENTED_EDGE('',*,*,#5302,.F.);
#5304=ORIENTED_EDGE('',*,*,#5279,.T.);
#5305=EDGE_LOOP('',(#5299,#5301,#5303,#5304));
#5306=FACE_OUTER_BOUND('',#5305,.F.);
#5307=ADVANCED_FACE('',(#5306),#5298,.T.);
#5308=CARTESIAN_POINT('',(5.E1,7.5E1,0.E0));
#5309=DIRECTION('',(0.E0,1.E0,0.E0));
#5310=DIRECTION('',(-1.E0,0.E0,0.E0));
#5311=AXIS2_PLACEMENT_3D('',#5308,#5309,#5310);
#5312=PLANE('',#5311);
#5314=ORIENTED_EDGE('',*,*,#5313,.F.);
#5316=ORIENTED_EDGE('',*,*,#5315,.T.);
#5317=ORIENTED_EDGE('',*,*,#5300,.F.);
#5318=ORIENTED_EDGE('',*,*,#5188,.F.);
#5319=EDGE_LOOP('',(#5314,#5316,#5317,#5318));
#5320=FACE_OUTER_BOUND('',#5319,.F.);
#5321=ADVANCED_FACE('',(#5320),#5312,.T.);
#5322=CARTESIAN_POINT('',(4.5E1,7.E1,3.4554E1));
#5323=DIRECTION('',(0.E0,0.E0,-1.E0));
#5324=DIRECTION('',(0.E0,1.E0,0.E0));
#5325=AXIS2_PLACEMENT_3D('',#5322,#5323,#5324);
#5326=CYLINDRICAL_SURFACE('',#5325,5.E0);
#5327=ORIENTED_EDGE('',*,*,#5186,.F.);
#5329=ORIENTED_EDGE('',*,*,#5328,.T.);
#5331=ORIENTED_EDGE('',*,*,#5330,.F.);
#5332=ORIENTED_EDGE('',*,*,#5313,.T.);
#5333=EDGE_LOOP('',(#5327,#5329,#5331,#5332));
#5334=FACE_OUTER_BOUND('',#5333,.F.);
#5335=ADVANCED_FACE('',(#5334),#5326,.T.);
#5336=CARTESIAN_POINT('',(5.E1,-7.5E1,0.E0));
#5337=DIRECTION('',(1.E0,0.E0,0.E0));
#5338=DIRECTION('',(0.E0,1.E0,0.E0));
#5339=AXIS2_PLACEMENT_3D('',#5336,#5337,#5338);
#5340=PLANE('',#5339);
#5342=ORIENTED_EDGE('',*,*,#5341,.F.);
#5344=ORIENTED_EDGE('',*,*,#5343,.F.);
#5346=ORIENTED_EDGE('',*,*,#5345,.T.);
#5348=ORIENTED_EDGE('',*,*,#5347,.F.);
#5350=ORIENTED_EDGE('',*,*,#5349,.F.);
#5352=ORIENTED_EDGE('',*,*,#5351,.T.);
#5354=ORIENTED_EDGE('',*,*,#5353,.T.);
#5356=ORIENTED_EDGE('',*,*,#5355,.F.);
#5357=ORIENTED_EDGE('',*,*,#5328,.F.);
#5358=ORIENTED_EDGE('',*,*,#5184,.F.);
#5359=EDGE_LOOP('',(#5342,#5344,#5346,#5348,#5350,#5352,#5354,#5356,#5357,
#5358));
#5360=FACE_OUTER_BOUND('',#5359,.F.);
#5361=ADVANCED_FACE('',(#5360),#5340,.T.);
#5362=CARTESIAN_POINT('',(4.5E1,-5.409999999999E1,3.57058E1));
#5363=DIRECTION('',(0.E0,0.E0,-1.E0));
#5364=DIRECTION('',(1.E0,0.E0,0.E0));
#5365=AXIS2_PLACEMENT_3D('',#5362,#5363,#5364);
#5366=CYLINDRICAL_SURFACE('',#5365,5.E0);
#5367=ORIENTED_EDGE('',*,*,#5182,.F.);
#5369=ORIENTED_EDGE('',*,*,#5368,.T.);
#5371=ORIENTED_EDGE('',*,*,#5370,.F.);
#5372=ORIENTED_EDGE('',*,*,#5341,.T.);
#5373=EDGE_LOOP('',(#5367,#5369,#5371,#5372));
#5374=FACE_OUTER_BOUND('',#5373,.F.);
#5375=ADVANCED_FACE('',(#5374),#5366,.T.);
#5376=CARTESIAN_POINT('',(-5.E1,-5.909999999999E1,-1.064249167762E-14));
#5377=DIRECTION('',(0.E0,-1.E0,0.E0));
#5378=DIRECTION('',(1.E0,0.E0,0.E0));
#5379=AXIS2_PLACEMENT_3D('',#5376,#5377,#5378);
#5380=PLANE('',#5379);
#5381=ORIENTED_EDGE('',*,*,#5267,.F.);
#5383=ORIENTED_EDGE('',*,*,#5382,.F.);
#5384=ORIENTED_EDGE('',*,*,#5368,.F.);
#5385=ORIENTED_EDGE('',*,*,#5180,.F.);
#5386=EDGE_LOOP('',(#5381,#5383,#5384,#5385));
#5387=FACE_OUTER_BOUND('',#5386,.F.);
#5388=ADVANCED_FACE('',(#5387),#5380,.T.);
#5389=CARTESIAN_POINT('',(0.E0,0.E0,1.5E1));
#5390=DIRECTION('',(0.E0,0.E0,1.E0));
#5391=DIRECTION('',(1.E0,0.E0,0.E0));
#5392=AXIS2_PLACEMENT_3D('',#5389,#5390,#5391);
#5393=PLANE('',#5392);
#5395=ORIENTED_EDGE('',*,*,#5394,.F.);
#5397=ORIENTED_EDGE('',*,*,#5396,.F.);
#5399=ORIENTED_EDGE('',*,*,#5398,.F.);
#5401=ORIENTED_EDGE('',*,*,#5400,.F.);
#5403=ORIENTED_EDGE('',*,*,#5402,.F.);
#5405=ORIENTED_EDGE('',*,*,#5404,.F.);
#5406=ORIENTED_EDGE('',*,*,#5343,.T.);
#5407=ORIENTED_EDGE('',*,*,#5370,.T.);
#5408=ORIENTED_EDGE('',*,*,#5382,.T.);
#5409=ORIENTED_EDGE('',*,*,#5265,.T.);
#5410=ORIENTED_EDGE('',*,*,#5289,.F.);
#5412=ORIENTED_EDGE('',*,*,#5411,.F.);
#5414=ORIENTED_EDGE('',*,*,#5413,.F.);
#5416=ORIENTED_EDGE('',*,*,#5415,.F.);
#5418=ORIENTED_EDGE('',*,*,#5417,.F.);
#5420=ORIENTED_EDGE('',*,*,#5419,.F.);
#5422=ORIENTED_EDGE('',*,*,#5421,.F.);
#5424=ORIENTED_EDGE('',*,*,#5423,.F.);
#5425=EDGE_LOOP('',(#5395,#5397,#5399,#5401,#5403,#5405,#5406,#5407,#5408,#5409,
#5410,#5412,#5414,#5416,#5418,#5420,#5422,#5424));
#5426=FACE_OUTER_BOUND('',#5425,.F.);
#5428=ORIENTED_EDGE('',*,*,#5427,.T.);
#5430=ORIENTED_EDGE('',*,*,#5429,.T.);
#5432=ORIENTED_EDGE('',*,*,#5431,.T.);
#5434=ORIENTED_EDGE('',*,*,#5433,.T.);
#5436=ORIENTED_EDGE('',*,*,#5435,.T.);
#5438=ORIENTED_EDGE('',*,*,#5437,.T.);
#5440=ORIENTED_EDGE('',*,*,#5439,.T.);
#5442=ORIENTED_EDGE('',*,*,#5441,.T.);
#5444=ORIENTED_EDGE('',*,*,#5443,.T.);
#5446=ORIENTED_EDGE('',*,*,#5445,.T.);
#5448=ORIENTED_EDGE('',*,*,#5447,.T.);
#5450=ORIENTED_EDGE('',*,*,#5449,.T.);
#5452=ORIENTED_EDGE('',*,*,#5451,.T.);
#5454=ORIENTED_EDGE('',*,*,#5453,.T.);
#5456=ORIENTED_EDGE('',*,*,#5455,.T.);
#5458=ORIENTED_EDGE('',*,*,#5457,.T.);
#5460=ORIENTED_EDGE('',*,*,#5459,.T.);
#5462=ORIENTED_EDGE('',*,*,#5461,.T.);
#5464=ORIENTED_EDGE('',*,*,#5463,.T.);
#5466=ORIENTED_EDGE('',*,*,#5465,.T.);
#5468=ORIENTED_EDGE('',*,*,#5467,.T.);
#5470=ORIENTED_EDGE('',*,*,#5469,.T.);
#5472=ORIENTED_EDGE('',*,*,#5471,.T.);
#5474=ORIENTED_EDGE('',*,*,#5473,.T.);
#5475=EDGE_LOOP('',(#5428,#5430,#5432,#5434,#5436,#5438,#5440,#5442,#5444,#5446,
#5448,#5450,#5452,#5454,#5456,#5458,#5460,#5462,#5464,#5466,#5468,#5470,#5472,
#5474));
#5476=FACE_BOUND('',#5475,.F.);
#5478=ORIENTED_EDGE('',*,*,#5477,.T.);
#5480=ORIENTED_EDGE('',*,*,#5479,.T.);
#5482=ORIENTED_EDGE('',*,*,#5481,.T.);
#5484=ORIENTED_EDGE('',*,*,#5483,.T.);
#5486=ORIENTED_EDGE('',*,*,#5485,.T.);
#5488=ORIENTED_EDGE('',*,*,#5487,.T.);
#5490=ORIENTED_EDGE('',*,*,#5489,.T.);
#5492=ORIENTED_EDGE('',*,*,#5491,.T.);
#5494=ORIENTED_EDGE('',*,*,#5493,.T.);
#5496=ORIENTED_EDGE('',*,*,#5495,.T.);
#5497=EDGE_LOOP('',(#5478,#5480,#5482,#5484,#5486,#5488,#5490,#5492,#5494,
#5496));
#5498=FACE_BOUND('',#5497,.F.);
#5500=ORIENTED_EDGE('',*,*,#5499,.T.);
#5502=ORIENTED_EDGE('',*,*,#5501,.T.);
#5504=ORIENTED_EDGE('',*,*,#5503,.T.);
#5506=ORIENTED_EDGE('',*,*,#5505,.T.);
#5508=ORIENTED_EDGE('',*,*,#5507,.T.);
#5510=ORIENTED_EDGE('',*,*,#5509,.T.);
#5512=ORIENTED_EDGE('',*,*,#5511,.T.);
#5514=ORIENTED_EDGE('',*,*,#5513,.T.);
#5516=ORIENTED_EDGE('',*,*,#5515,.T.);
#5518=ORIENTED_EDGE('',*,*,#5517,.T.);
#5520=ORIENTED_EDGE('',*,*,#5519,.T.);
#5522=ORIENTED_EDGE('',*,*,#5521,.T.);
#5524=ORIENTED_EDGE('',*,*,#5523,.T.);
#5526=ORIENTED_EDGE('',*,*,#5525,.T.);
#5528=ORIENTED_EDGE('',*,*,#5527,.T.);
#5530=ORIENTED_EDGE('',*,*,#5529,.T.);
#5532=ORIENTED_EDGE('',*,*,#5531,.T.);
#5534=ORIENTED_EDGE('',*,*,#5533,.T.);
#5536=ORIENTED_EDGE('',*,*,#5535,.T.);
#5538=ORIENTED_EDGE('',*,*,#5537,.T.);
#5540=ORIENTED_EDGE('',*,*,#5539,.T.);
#5542=ORIENTED_EDGE('',*,*,#5541,.T.);
#5544=ORIENTED_EDGE('',*,*,#5543,.T.);
#5546=ORIENTED_EDGE('',*,*,#5545,.T.);
#5547=EDGE_LOOP('',(#5500,#5502,#5504,#5506,#5508,#5510,#5512,#5514,#5516,#5518,
#5520,#5522,#5524,#5526,#5528,#5530,#5532,#5534,#5536,#5538,#5540,#5542,#5544,
#5546));
#5548=FACE_BOUND('',#5547,.F.);
#5550=ORIENTED_EDGE('',*,*,#5549,.T.);
#5552=ORIENTED_EDGE('',*,*,#5551,.T.);
#5554=ORIENTED_EDGE('',*,*,#5553,.T.);
#5556=ORIENTED_EDGE('',*,*,#5555,.T.);
#5558=ORIENTED_EDGE('',*,*,#5557,.T.);
#5560=ORIENTED_EDGE('',*,*,#5559,.T.);
#5562=ORIENTED_EDGE('',*,*,#5561,.T.);
#5564=ORIENTED_EDGE('',*,*,#5563,.T.);
#5566=ORIENTED_EDGE('',*,*,#5565,.T.);
#5568=ORIENTED_EDGE('',*,*,#5567,.T.);
#5570=ORIENTED_EDGE('',*,*,#5569,.T.);
#5572=ORIENTED_EDGE('',*,*,#5571,.T.);
#5574=ORIENTED_EDGE('',*,*,#5573,.T.);
#5576=ORIENTED_EDGE('',*,*,#5575,.T.);
#5578=ORIENTED_EDGE('',*,*,#5577,.T.);
#5580=ORIENTED_EDGE('',*,*,#5579,.T.);
#5582=ORIENTED_EDGE('',*,*,#5581,.T.);
#5584=ORIENTED_EDGE('',*,*,#5583,.T.);
#5586=ORIENTED_EDGE('',*,*,#5585,.T.);
#5588=ORIENTED_EDGE('',*,*,#5587,.T.);
#5590=ORIENTED_EDGE('',*,*,#5589,.T.);
#5592=ORIENTED_EDGE('',*,*,#5591,.T.);
#5594=ORIENTED_EDGE('',*,*,#5593,.T.);
#5596=ORIENTED_EDGE('',*,*,#5595,.T.);
#5598=ORIENTED_EDGE('',*,*,#5597,.T.);
#5600=ORIENTED_EDGE('',*,*,#5599,.T.);
#5602=ORIENTED_EDGE('',*,*,#5601,.T.);
#5604=ORIENTED_EDGE('',*,*,#5603,.T.);
#5606=ORIENTED_EDGE('',*,*,#5605,.T.);
#5608=ORIENTED_EDGE('',*,*,#5607,.T.);
#5610=ORIENTED_EDGE('',*,*,#5609,.T.);
#5612=ORIENTED_EDGE('',*,*,#5611,.T.);
#5614=ORIENTED_EDGE('',*,*,#5613,.T.);
#5616=ORIENTED_EDGE('',*,*,#5615,.T.);
#5618=ORIENTED_EDGE('',*,*,#5617,.T.);
#5620=ORIENTED_EDGE('',*,*,#5619,.T.);
#5622=ORIENTED_EDGE('',*,*,#5621,.T.);
#5624=ORIENTED_EDGE('',*,*,#5623,.T.);
#5626=ORIENTED_EDGE('',*,*,#5625,.T.);
#5628=ORIENTED_EDGE('',*,*,#5627,.T.);
#5630=ORIENTED_EDGE('',*,*,#5629,.T.);
#5632=ORIENTED_EDGE('',*,*,#5631,.T.);
#5634=ORIENTED_EDGE('',*,*,#5633,.T.);
#5636=ORIENTED_EDGE('',*,*,#5635,.T.);
#5637=EDGE_LOOP('',(#5550,#5552,#5554,#5556,#5558,#5560,#5562,#5564,#5566,#5568,
#5570,#5572,#5574,#5576,#5578,#5580,#5582,#5584,#5586,#5588,#5590,#5592,#5594,
#5596,#5598,#5600,#5602,#5604,#5606,#5608,#5610,#5612,#5614,#5616,#5618,#5620,
#5622,#5624,#5626,#5628,#5630,#5632,#5634,#5636));
#5638=FACE_BOUND('',#5637,.F.);
#5640=ORIENTED_EDGE('',*,*,#5639,.T.);
#5642=ORIENTED_EDGE('',*,*,#5641,.T.);
#5644=ORIENTED_EDGE('',*,*,#5643,.T.);
#5646=ORIENTED_EDGE('',*,*,#5645,.T.);
#5648=ORIENTED_EDGE('',*,*,#5647,.T.);
#5650=ORIENTED_EDGE('',*,*,#5649,.T.);
#5652=ORIENTED_EDGE('',*,*,#5651,.T.);
#5654=ORIENTED_EDGE('',*,*,#5653,.T.);
#5656=ORIENTED_EDGE('',*,*,#5655,.T.);
#5658=ORIENTED_EDGE('',*,*,#5657,.T.);
#5660=ORIENTED_EDGE('',*,*,#5659,.T.);
#5662=ORIENTED_EDGE('',*,*,#5661,.T.);
#5664=ORIENTED_EDGE('',*,*,#5663,.T.);
#5666=ORIENTED_EDGE('',*,*,#5665,.T.);
#5668=ORIENTED_EDGE('',*,*,#5667,.T.);
#5670=ORIENTED_EDGE('',*,*,#5669,.T.);
#5672=ORIENTED_EDGE('',*,*,#5671,.T.);
#5674=ORIENTED_EDGE('',*,*,#5673,.T.);
#5676=ORIENTED_EDGE('',*,*,#5675,.T.);
#5678=ORIENTED_EDGE('',*,*,#5677,.T.);
#5680=ORIENTED_EDGE('',*,*,#5679,.T.);
#5682=ORIENTED_EDGE('',*,*,#5681,.T.);
#5684=ORIENTED_EDGE('',*,*,#5683,.T.);
#5686=ORIENTED_EDGE('',*,*,#5685,.T.);
#5687=EDGE_LOOP('',(#5640,#5642,#5644,#5646,#5648,#5650,#5652,#5654,#5656,#5658,
#5660,#5662,#5664,#5666,#5668,#5670,#5672,#5674,#5676,#5678,#5680,#5682,#5684,
#5686));
#5688=FACE_BOUND('',#5687,.F.);
#5690=ORIENTED_EDGE('',*,*,#5689,.T.);
#5692=ORIENTED_EDGE('',*,*,#5691,.T.);
#5694=ORIENTED_EDGE('',*,*,#5693,.T.);
#5696=ORIENTED_EDGE('',*,*,#5695,.T.);
#5698=ORIENTED_EDGE('',*,*,#5697,.T.);
#5700=ORIENTED_EDGE('',*,*,#5699,.T.);
#5702=ORIENTED_EDGE('',*,*,#5701,.T.);
#5704=ORIENTED_EDGE('',*,*,#5703,.T.);
#5706=ORIENTED_EDGE('',*,*,#5705,.T.);
#5708=ORIENTED_EDGE('',*,*,#5707,.T.);
#5710=ORIENTED_EDGE('',*,*,#5709,.T.);
#5712=ORIENTED_EDGE('',*,*,#5711,.T.);
#5714=ORIENTED_EDGE('',*,*,#5713,.T.);
#5716=ORIENTED_EDGE('',*,*,#5715,.T.);
#5718=ORIENTED_EDGE('',*,*,#5717,.T.);
#5720=ORIENTED_EDGE('',*,*,#5719,.T.);
#5722=ORIENTED_EDGE('',*,*,#5721,.T.);
#5724=ORIENTED_EDGE('',*,*,#5723,.T.);
#5726=ORIENTED_EDGE('',*,*,#5725,.T.);
#5728=ORIENTED_EDGE('',*,*,#5727,.T.);
#5730=ORIENTED_EDGE('',*,*,#5729,.T.);
#5732=ORIENTED_EDGE('',*,*,#5731,.T.);
#5734=ORIENTED_EDGE('',*,*,#5733,.T.);
#5736=ORIENTED_EDGE('',*,*,#5735,.T.);
#5738=ORIENTED_EDGE('',*,*,#5737,.T.);
#5740=ORIENTED_EDGE('',*,*,#5739,.T.);
#5742=ORIENTED_EDGE('',*,*,#5741,.T.);
#5744=ORIENTED_EDGE('',*,*,#5743,.T.);
#5746=ORIENTED_EDGE('',*,*,#5745,.T.);
#5748=ORIENTED_EDGE('',*,*,#5747,.T.);
#5750=ORIENTED_EDGE('',*,*,#5749,.T.);
#5752=ORIENTED_EDGE('',*,*,#5751,.T.);
#5754=ORIENTED_EDGE('',*,*,#5753,.T.);
#5756=ORIENTED_EDGE('',*,*,#5755,.T.);
#5758=ORIENTED_EDGE('',*,*,#5757,.T.);
#5760=ORIENTED_EDGE('',*,*,#5759,.T.);
#5762=ORIENTED_EDGE('',*,*,#5761,.T.);
#5764=ORIENTED_EDGE('',*,*,#5763,.T.);
#5766=ORIENTED_EDGE('',*,*,#5765,.T.);
#5768=ORIENTED_EDGE('',*,*,#5767,.T.);
#5770=ORIENTED_EDGE('',*,*,#5769,.T.);
#5772=ORIENTED_EDGE('',*,*,#5771,.T.);
#5774=ORIENTED_EDGE('',*,*,#5773,.T.);
#5776=ORIENTED_EDGE('',*,*,#5775,.T.);
#5777=EDGE_LOOP('',(#5690,#5692,#5694,#5696,#5698,#5700,#5702,#5704,#5706,#5708,
#5710,#5712,#5714,#5716,#5718,#5720,#5722,#5724,#5726,#5728,#5730,#5732,#5734,
#5736,#5738,#5740,#5742,#5744,#5746,#5748,#5750,#5752,#5754,#5756,#5758,#5760,
#5762,#5764,#5766,#5768,#5770,#5772,#5774,#5776));
#5778=FACE_BOUND('',#5777,.F.);
#5779=ADVANCED_FACE('',(#5426,#5476,#5498,#5548,#5638,#5688,#5778),#5393,.T.);
#5780=CARTESIAN_POINT('',(2.630833499908E1,-4.414145211508E1,1.5E1));
#5781=DIRECTION('',(1.E0,0.E0,0.E0));
#5782=DIRECTION('',(0.E0,1.E0,0.E0));
#5783=AXIS2_PLACEMENT_3D('',#5780,#5781,#5782);
#5784=PLANE('',#5783);
#5785=ORIENTED_EDGE('',*,*,#5689,.F.);
#5787=ORIENTED_EDGE('',*,*,#5786,.T.);
#5789=ORIENTED_EDGE('',*,*,#5788,.T.);
#5791=ORIENTED_EDGE('',*,*,#5790,.F.);
#5792=EDGE_LOOP('',(#5785,#5787,#5789,#5791));
#5793=FACE_OUTER_BOUND('',#5792,.F.);
#5794=ADVANCED_FACE('',(#5793),#5784,.F.);
#5795=CARTESIAN_POINT('',(2.619916500092E1,-4.458740958680E1,1.5E1));
#5796=DIRECTION('',(9.713194876214E-1,-2.377781591463E-1,0.E0));
#5797=DIRECTION('',(2.377781591463E-1,9.713194876214E-1,0.E0));
#5798=AXIS2_PLACEMENT_3D('',#5795,#5796,#5797);
#5799=PLANE('',#5798);
#5800=ORIENTED_EDGE('',*,*,#5775,.F.);
#5802=ORIENTED_EDGE('',*,*,#5801,.T.);
#5804=ORIENTED_EDGE('',*,*,#5803,.F.);
#5805=ORIENTED_EDGE('',*,*,#5786,.F.);
#5806=EDGE_LOOP('',(#5800,#5802,#5804,#5805));
#5807=FACE_OUTER_BOUND('',#5806,.F.);
#5808=ADVANCED_FACE('',(#5807),#5799,.F.);
#5809=CARTESIAN_POINT('',(2.57625E1,-4.503336701949E1,1.5E1));
#5810=DIRECTION('',(7.145117495531E-1,-6.996234413959E-1,0.E0));
#5811=DIRECTION('',(6.996234413959E-1,7.145117495531E-1,0.E0));
#5812=AXIS2_PLACEMENT_3D('',#5809,#5810,#5811);
#5813=PLANE('',#5812);
#5814=ORIENTED_EDGE('',*,*,#5773,.F.);
#5816=ORIENTED_EDGE('',*,*,#5815,.T.);
#5818=ORIENTED_EDGE('',*,*,#5817,.F.);
#5819=ORIENTED_EDGE('',*,*,#5801,.F.);
#5820=EDGE_LOOP('',(#5814,#5816,#5818,#5819));
#5821=FACE_OUTER_BOUND('',#5820,.F.);
#5822=ADVANCED_FACE('',(#5821),#5813,.F.);
#5823=CARTESIAN_POINT('',(2.532583499908E1,-4.525634574560E1,1.5E1));
#5824=DIRECTION('',(4.547785369538E-1,-8.906045600187E-1,0.E0));
#5825=DIRECTION('',(8.906045600187E-1,4.547785369538E-1,0.E0));
#5826=AXIS2_PLACEMENT_3D('',#5823,#5824,#5825);
#5827=PLANE('',#5826);
#5828=ORIENTED_EDGE('',*,*,#5771,.F.);
#5830=ORIENTED_EDGE('',*,*,#5829,.T.);
#5832=ORIENTED_EDGE('',*,*,#5831,.F.);
#5833=ORIENTED_EDGE('',*,*,#5815,.F.);
#5834=EDGE_LOOP('',(#5828,#5830,#5832,#5833));
#5835=FACE_OUTER_BOUND('',#5834,.F.);
#5836=ADVANCED_FACE('',(#5835),#5827,.F.);
#5837=CARTESIAN_POINT('',(2.478E1,-4.536783510377E1,1.5E1));
#5838=DIRECTION('',(2.001227856107E-1,-9.797708255911E-1,0.E0));
#5839=DIRECTION('',(9.797708255911E-1,2.001227856107E-1,0.E0));
#5840=AXIS2_PLACEMENT_3D('',#5837,#5838,#5839);
#5841=PLANE('',#5840);
#5842=ORIENTED_EDGE('',*,*,#5769,.F.);
#5844=ORIENTED_EDGE('',*,*,#5843,.T.);
#5846=ORIENTED_EDGE('',*,*,#5845,.F.);
#5847=ORIENTED_EDGE('',*,*,#5829,.F.);
#5848=EDGE_LOOP('',(#5842,#5844,#5846,#5847));
#5849=FACE_OUTER_BOUND('',#5848,.F.);
#5850=ADVANCED_FACE('',(#5849),#5841,.F.);
#5851=CARTESIAN_POINT('',(2.37975E1,-4.536783510377E1,1.5E1));
#5852=DIRECTION('',(0.E0,-1.E0,0.E0));
#5853=DIRECTION('',(1.E0,0.E0,0.E0));
#5854=AXIS2_PLACEMENT_3D('',#5851,#5852,#5853);
#5855=PLANE('',#5854);
#5856=ORIENTED_EDGE('',*,*,#5767,.F.);
#5858=ORIENTED_EDGE('',*,*,#5857,.T.);
#5860=ORIENTED_EDGE('',*,*,#5859,.T.);
#5861=ORIENTED_EDGE('',*,*,#5843,.F.);
#5862=EDGE_LOOP('',(#5856,#5858,#5860,#5861));
#5863=FACE_OUTER_BOUND('',#5862,.F.);
#5864=ADVANCED_FACE('',(#5863),#5855,.F.);
#5865=CARTESIAN_POINT('',(2.325166500092E1,-4.525634574560E1,1.5E1));
#5866=DIRECTION('',(-2.001227856107E-1,-9.797708255911E-1,0.E0));
#5867=DIRECTION('',(9.797708255911E-1,-2.001227856107E-1,0.E0));
#5868=AXIS2_PLACEMENT_3D('',#5865,#5866,#5867);
#5869=PLANE('',#5868);
#5870=ORIENTED_EDGE('',*,*,#5765,.F.);
#5872=ORIENTED_EDGE('',*,*,#5871,.T.);
#5874=ORIENTED_EDGE('',*,*,#5873,.F.);
#5875=ORIENTED_EDGE('',*,*,#5857,.F.);
#5876=EDGE_LOOP('',(#5870,#5872,#5874,#5875));
#5877=FACE_OUTER_BOUND('',#5876,.F.);
#5878=ADVANCED_FACE('',(#5877),#5869,.F.);
#5879=CARTESIAN_POINT('',(2.2815E1,-4.503336701949E1,1.5E1));
#5880=DIRECTION('',(-4.547785369538E-1,-8.906045600187E-1,0.E0));
#5881=DIRECTION('',(8.906045600187E-1,-4.547785369538E-1,0.E0));
#5882=AXIS2_PLACEMENT_3D('',#5879,#5880,#5881);
#5883=PLANE('',#5882);
#5884=ORIENTED_EDGE('',*,*,#5763,.F.);
#5886=ORIENTED_EDGE('',*,*,#5885,.T.);
#5888=ORIENTED_EDGE('',*,*,#5887,.F.);
#5889=ORIENTED_EDGE('',*,*,#5871,.F.);
#5890=EDGE_LOOP('',(#5884,#5886,#5888,#5889));
#5891=FACE_OUTER_BOUND('',#5890,.F.);
#5892=ADVANCED_FACE('',(#5891),#5883,.F.);
#5893=CARTESIAN_POINT('',(2.237833499908E1,-4.458740958680E1,1.5E1));
#5894=DIRECTION('',(-7.145117495531E-1,-6.996234413959E-1,0.E0));
#5895=DIRECTION('',(6.996234413959E-1,-7.145117495531E-1,0.E0));
#5896=AXIS2_PLACEMENT_3D('',#5893,#5894,#5895);
#5897=PLANE('',#5896);
#5898=ORIENTED_EDGE('',*,*,#5761,.F.);
#5900=ORIENTED_EDGE('',*,*,#5899,.T.);
#5902=ORIENTED_EDGE('',*,*,#5901,.F.);
#5903=ORIENTED_EDGE('',*,*,#5885,.F.);
#5904=EDGE_LOOP('',(#5898,#5900,#5902,#5903));
#5905=FACE_OUTER_BOUND('',#5904,.F.);
#5906=ADVANCED_FACE('',(#5905),#5897,.F.);
#5907=CARTESIAN_POINT('',(2.216E1,-4.414145211508E1,1.5E1));
#5908=DIRECTION('',(-8.981368027053E-1,-4.397161398293E-1,0.E0));
#5909=DIRECTION('',(4.397161398293E-1,-8.981368027053E-1,0.E0));
#5910=AXIS2_PLACEMENT_3D('',#5907,#5908,#5909);
#5911=PLANE('',#5910);
#5912=ORIENTED_EDGE('',*,*,#5759,.F.);
#5914=ORIENTED_EDGE('',*,*,#5913,.T.);
#5916=ORIENTED_EDGE('',*,*,#5915,.F.);
#5917=ORIENTED_EDGE('',*,*,#5899,.F.);
#5918=EDGE_LOOP('',(#5912,#5914,#5916,#5917));
#5919=FACE_OUTER_BOUND('',#5918,.F.);
#5920=ADVANCED_FACE('',(#5919),#5911,.F.);
#5921=CARTESIAN_POINT('',(2.205083499908E1,-4.358400537302E1,1.5E1));
#5922=DIRECTION('',(-9.813596875559E-1,-1.921800292437E-1,0.E0));
#5923=DIRECTION('',(1.921800292437E-1,-9.813596875559E-1,0.E0));
#5924=AXIS2_PLACEMENT_3D('',#5921,#5922,#5923);
#5925=PLANE('',#5924);
#5926=ORIENTED_EDGE('',*,*,#5757,.F.);
#5928=ORIENTED_EDGE('',*,*,#5927,.T.);
#5930=ORIENTED_EDGE('',*,*,#5929,.F.);
#5931=ORIENTED_EDGE('',*,*,#5913,.F.);
#5932=EDGE_LOOP('',(#5926,#5928,#5930,#5931));
#5933=FACE_OUTER_BOUND('',#5932,.F.);
#5934=ADVANCED_FACE('',(#5933),#5925,.F.);
#5935=CARTESIAN_POINT('',(2.205083499908E1,-4.191166499068E1,1.5E1));
#5936=DIRECTION('',(-1.E0,0.E0,0.E0));
#5937=DIRECTION('',(0.E0,-1.E0,0.E0));
#5938=AXIS2_PLACEMENT_3D('',#5935,#5936,#5937);
#5939=PLANE('',#5938);
#5940=ORIENTED_EDGE('',*,*,#5755,.F.);
#5942=ORIENTED_EDGE('',*,*,#5941,.T.);
#5944=ORIENTED_EDGE('',*,*,#5943,.T.);
#5945=ORIENTED_EDGE('',*,*,#5927,.F.);
#5946=EDGE_LOOP('',(#5940,#5942,#5944,#5945));
#5947=FACE_OUTER_BOUND('',#5946,.F.);
#5948=ADVANCED_FACE('',(#5947),#5939,.F.);
#5949=CARTESIAN_POINT('',(2.216E1,-4.135421793629E1,1.5E1));
#5950=DIRECTION('',(-9.813597078632E-1,1.921799255453E-1,0.E0));
#5951=DIRECTION('',(-1.921799255453E-1,-9.813597078632E-1,0.E0));
#5952=AXIS2_PLACEMENT_3D('',#5949,#5950,#5951);
#5953=PLANE('',#5952);
#5954=ORIENTED_EDGE('',*,*,#5753,.F.);
#5956=ORIENTED_EDGE('',*,*,#5955,.T.);
#5958=ORIENTED_EDGE('',*,*,#5957,.F.);
#5959=ORIENTED_EDGE('',*,*,#5941,.F.);
#5960=EDGE_LOOP('',(#5954,#5956,#5958,#5959));
#5961=FACE_OUTER_BOUND('',#5960,.F.);
#5962=ADVANCED_FACE('',(#5961),#5953,.F.);
#5963=CARTESIAN_POINT('',(2.237833499908E1,-4.090826054265E1,1.5E1));
#5964=DIRECTION('',(-8.981367723002E-1,4.397162019327E-1,0.E0));
#5965=DIRECTION('',(-4.397162019327E-1,-8.981367723002E-1,0.E0));
#5966=AXIS2_PLACEMENT_3D('',#5963,#5964,#5965);
#5967=PLANE('',#5966);
#5968=ORIENTED_EDGE('',*,*,#5751,.F.);
#5970=ORIENTED_EDGE('',*,*,#5969,.T.);
#5972=ORIENTED_EDGE('',*,*,#5971,.F.);
#5973=ORIENTED_EDGE('',*,*,#5955,.F.);
#5974=EDGE_LOOP('',(#5968,#5970,#5972,#5973));
#5975=FACE_OUTER_BOUND('',#5974,.F.);
#5976=ADVANCED_FACE('',(#5975),#5967,.F.);
#5977=CARTESIAN_POINT('',(2.2815E1,-4.046230314900E1,1.5E1));
#5978=DIRECTION('',(-7.145117189358E-1,6.996234726647E-1,0.E0));
#5979=DIRECTION('',(-6.996234726647E-1,-7.145117189358E-1,0.E0));
#5980=AXIS2_PLACEMENT_3D('',#5977,#5978,#5979);
#5981=PLANE('',#5980);
#5982=ORIENTED_EDGE('',*,*,#5749,.F.);
#5984=ORIENTED_EDGE('',*,*,#5983,.T.);
#5986=ORIENTED_EDGE('',*,*,#5985,.F.);
#5987=ORIENTED_EDGE('',*,*,#5969,.F.);
#5988=EDGE_LOOP('',(#5982,#5984,#5986,#5987));
#5989=FACE_OUTER_BOUND('',#5988,.F.);
#5990=ADVANCED_FACE('',(#5989),#5981,.F.);
#5991=CARTESIAN_POINT('',(2.325166500092E1,-4.023932445218E1,1.5E1));
#5992=DIRECTION('',(-4.547784895854E-1,8.906045842070E-1,0.E0));
#5993=DIRECTION('',(-8.906045842070E-1,-4.547784895854E-1,0.E0));
#5994=AXIS2_PLACEMENT_3D('',#5991,#5992,#5993);
#5995=PLANE('',#5994);
#5996=ORIENTED_EDGE('',*,*,#5747,.F.);
#5998=ORIENTED_EDGE('',*,*,#5997,.T.);
#6000=ORIENTED_EDGE('',*,*,#5999,.F.);
#6001=ORIENTED_EDGE('',*,*,#5983,.F.);
#6002=EDGE_LOOP('',(#5996,#5998,#6000,#6001));
#6003=FACE_OUTER_BOUND('',#6002,.F.);
#6004=ADVANCED_FACE('',(#6003),#5995,.F.);
#6005=CARTESIAN_POINT('',(2.37975E1,-4.012783510377E1,1.5E1));
#6006=DIRECTION('',(-2.001227687928E-1,9.797708290262E-1,0.E0));
#6007=DIRECTION('',(-9.797708290262E-1,-2.001227687928E-1,0.E0));
#6008=AXIS2_PLACEMENT_3D('',#6005,#6006,#6007);
#6009=PLANE('',#6008);
#6010=ORIENTED_EDGE('',*,*,#5745,.F.);
#6012=ORIENTED_EDGE('',*,*,#6011,.T.);
#6014=ORIENTED_EDGE('',*,*,#6013,.F.);
#6015=ORIENTED_EDGE('',*,*,#5997,.F.);
#6016=EDGE_LOOP('',(#6010,#6012,#6014,#6015));
#6017=FACE_OUTER_BOUND('',#6016,.F.);
#6018=ADVANCED_FACE('',(#6017),#6009,.F.);
#6019=CARTESIAN_POINT('',(2.478E1,-4.012783510377E1,1.5E1));
#6020=DIRECTION('',(0.E0,1.E0,0.E0));
#6021=DIRECTION('',(-1.E0,0.E0,0.E0));
#6022=AXIS2_PLACEMENT_3D('',#6019,#6020,#6021);
#6023=PLANE('',#6022);
#6024=ORIENTED_EDGE('',*,*,#5743,.F.);
#6026=ORIENTED_EDGE('',*,*,#6025,.T.);
#6028=ORIENTED_EDGE('',*,*,#6027,.T.);
#6029=ORIENTED_EDGE('',*,*,#6011,.F.);
#6030=EDGE_LOOP('',(#6024,#6026,#6028,#6029));
#6031=FACE_OUTER_BOUND('',#6030,.F.);
#6032=ADVANCED_FACE('',(#6031),#6023,.F.);
#6033=CARTESIAN_POINT('',(2.532583499908E1,-4.023932445218E1,1.5E1));
#6034=DIRECTION('',(2.001227687928E-1,9.797708290262E-1,0.E0));
#6035=DIRECTION('',(-9.797708290262E-1,2.001227687928E-1,0.E0));
#6036=AXIS2_PLACEMENT_3D('',#6033,#6034,#6035);
#6037=PLANE('',#6036);
#6038=ORIENTED_EDGE('',*,*,#5741,.F.);
#6040=ORIENTED_EDGE('',*,*,#6039,.T.);
#6042=ORIENTED_EDGE('',*,*,#6041,.F.);
#6043=ORIENTED_EDGE('',*,*,#6025,.F.);
#6044=EDGE_LOOP('',(#6038,#6040,#6042,#6043));
#6045=FACE_OUTER_BOUND('',#6044,.F.);
#6046=ADVANCED_FACE('',(#6045),#6037,.F.);
#6047=CARTESIAN_POINT('',(2.57625E1,-4.046230314900E1,1.5E1));
#6048=DIRECTION('',(4.547784895854E-1,8.906045842070E-1,0.E0));
#6049=DIRECTION('',(-8.906045842070E-1,4.547784895854E-1,0.E0));
#6050=AXIS2_PLACEMENT_3D('',#6047,#6048,#6049);
#6051=PLANE('',#6050);
#6052=ORIENTED_EDGE('',*,*,#5739,.F.);
#6054=ORIENTED_EDGE('',*,*,#6053,.T.);
#6056=ORIENTED_EDGE('',*,*,#6055,.F.);
#6057=ORIENTED_EDGE('',*,*,#6039,.F.);
#6058=EDGE_LOOP('',(#6052,#6054,#6056,#6057));
#6059=FACE_OUTER_BOUND('',#6058,.F.);
#6060=ADVANCED_FACE('',(#6059),#6051,.F.);
#6061=CARTESIAN_POINT('',(2.619916500092E1,-4.090826054265E1,1.5E1));
#6062=DIRECTION('',(7.145117189358E-1,6.996234726647E-1,0.E0));
#6063=DIRECTION('',(-6.996234726647E-1,7.145117189358E-1,0.E0));
#6064=AXIS2_PLACEMENT_3D('',#6061,#6062,#6063);
#6065=PLANE('',#6064);
#6066=ORIENTED_EDGE('',*,*,#5737,.F.);
#6068=ORIENTED_EDGE('',*,*,#6067,.T.);
#6070=ORIENTED_EDGE('',*,*,#6069,.F.);
#6071=ORIENTED_EDGE('',*,*,#6053,.F.);
#6072=EDGE_LOOP('',(#6066,#6068,#6070,#6071));
#6073=FACE_OUTER_BOUND('',#6072,.F.);
#6074=ADVANCED_FACE('',(#6073),#6065,.F.);
#6075=CARTESIAN_POINT('',(2.630833499908E1,-4.146570759703E1,1.5E1));
#6076=DIRECTION('',(9.813580486544E-1,1.921883980402E-1,0.E0));
#6077=DIRECTION('',(-1.921883980402E-1,9.813580486544E-1,0.E0));
#6078=AXIS2_PLACEMENT_3D('',#6075,#6076,#6077);
#6079=PLANE('',#6078);
#6080=ORIENTED_EDGE('',*,*,#5735,.F.);
#6082=ORIENTED_EDGE('',*,*,#6081,.T.);
#6084=ORIENTED_EDGE('',*,*,#6083,.F.);
#6085=ORIENTED_EDGE('',*,*,#6067,.F.);
#6086=EDGE_LOOP('',(#6080,#6082,#6084,#6085));
#6087=FACE_OUTER_BOUND('',#6086,.F.);
#6088=ADVANCED_FACE('',(#6087),#6079,.F.);
#6089=CARTESIAN_POINT('',(2.565333499908E1,-4.146570759703E1,1.5E1));
#6090=DIRECTION('',(0.E0,-1.E0,0.E0));
#6091=DIRECTION('',(1.E0,0.E0,0.E0));
#6092=AXIS2_PLACEMENT_3D('',#6089,#6090,#6091);
#6093=PLANE('',#6092);
#6094=ORIENTED_EDGE('',*,*,#5733,.F.);
#6096=ORIENTED_EDGE('',*,*,#6095,.T.);
#6098=ORIENTED_EDGE('',*,*,#6097,.T.);
#6099=ORIENTED_EDGE('',*,*,#6081,.F.);
#6100=EDGE_LOOP('',(#6094,#6096,#6098,#6099));
#6101=FACE_OUTER_BOUND('',#6100,.F.);
#6102=ADVANCED_FACE('',(#6101),#6093,.F.);
#6103=CARTESIAN_POINT('',(2.554416500092E1,-4.113123923947E1,1.5E1));
#6104=DIRECTION('',(-9.506424845143E-1,-3.102883604593E-1,0.E0));
#6105=DIRECTION('',(3.102883604593E-1,-9.506424845143E-1,0.E0));
#6106=AXIS2_PLACEMENT_3D('',#6103,#6104,#6105);
#6107=PLANE('',#6106);
#6108=ORIENTED_EDGE('',*,*,#5731,.F.);
#6110=ORIENTED_EDGE('',*,*,#6109,.T.);
#6112=ORIENTED_EDGE('',*,*,#6111,.F.);
#6113=ORIENTED_EDGE('',*,*,#6095,.F.);
#6114=EDGE_LOOP('',(#6108,#6110,#6112,#6113));
#6115=FACE_OUTER_BOUND('',#6114,.F.);
#6116=ADVANCED_FACE('',(#6115),#6107,.F.);
#6117=CARTESIAN_POINT('',(2.521666500092E1,-4.090826054265E1,1.5E1));
#6118=DIRECTION('',(-5.627909312417E-1,-8.265992787996E-1,0.E0));
#6119=DIRECTION('',(8.265992787996E-1,-5.627909312417E-1,0.E0));
#6120=AXIS2_PLACEMENT_3D('',#6117,#6118,#6119);
#6121=PLANE('',#6120);
#6122=ORIENTED_EDGE('',*,*,#5729,.F.);
#6124=ORIENTED_EDGE('',*,*,#6123,.T.);
#6126=ORIENTED_EDGE('',*,*,#6125,.F.);
#6127=ORIENTED_EDGE('',*,*,#6109,.F.);
#6128=EDGE_LOOP('',(#6122,#6124,#6126,#6127));
#6129=FACE_OUTER_BOUND('',#6128,.F.);
#6130=ADVANCED_FACE('',(#6129),#6121,.F.);
#6131=CARTESIAN_POINT('',(2.478E1,-4.079677119424E1,1.5E1));
#6132=DIRECTION('',(-2.473841035229E-1,-9.689174914946E-1,0.E0));
#6133=DIRECTION('',(9.689174914946E-1,-2.473841035229E-1,0.E0));
#6134=AXIS2_PLACEMENT_3D('',#6131,#6132,#6133);
#6135=PLANE('',#6134);
#6136=ORIENTED_EDGE('',*,*,#5727,.F.);
#6138=ORIENTED_EDGE('',*,*,#6137,.T.);
#6140=ORIENTED_EDGE('',*,*,#6139,.F.);
#6141=ORIENTED_EDGE('',*,*,#6123,.F.);
#6142=EDGE_LOOP('',(#6136,#6138,#6140,#6141));
#6143=FACE_OUTER_BOUND('',#6142,.F.);
#6144=ADVANCED_FACE('',(#6143),#6135,.F.);
#6145=CARTESIAN_POINT('',(2.37975E1,-4.079677119424E1,1.5E1));
#6146=DIRECTION('',(0.E0,-1.E0,0.E0));
#6147=DIRECTION('',(1.E0,0.E0,0.E0));
#6148=AXIS2_PLACEMENT_3D('',#6145,#6146,#6147);
#6149=PLANE('',#6148);
#6150=ORIENTED_EDGE('',*,*,#5725,.F.);
#6152=ORIENTED_EDGE('',*,*,#6151,.T.);
#6154=ORIENTED_EDGE('',*,*,#6153,.T.);
#6155=ORIENTED_EDGE('',*,*,#6137,.F.);
#6156=EDGE_LOOP('',(#6150,#6152,#6154,#6155));
#6157=FACE_OUTER_BOUND('',#6156,.F.);
#6158=ADVANCED_FACE('',(#6157),#6149,.F.);
#6159=CARTESIAN_POINT('',(2.336083499908E1,-4.090826054265E1,1.5E1));
#6160=DIRECTION('',(2.473841035229E-1,-9.689174914946E-1,0.E0));
#6161=DIRECTION('',(9.689174914946E-1,2.473841035229E-1,0.E0));
#6162=AXIS2_PLACEMENT_3D('',#6159,#6160,#6161);
#6163=PLANE('',#6162);
#6164=ORIENTED_EDGE('',*,*,#5723,.F.);
#6166=ORIENTED_EDGE('',*,*,#6165,.T.);
#6168=ORIENTED_EDGE('',*,*,#6167,.F.);
#6169=ORIENTED_EDGE('',*,*,#6151,.F.);
#6170=EDGE_LOOP('',(#6164,#6166,#6168,#6169));
#6171=FACE_OUTER_BOUND('',#6170,.F.);
#6172=ADVANCED_FACE('',(#6171),#6163,.F.);
#6173=CARTESIAN_POINT('',(2.303333499908E1,-4.113123923947E1,1.5E1));
#6174=DIRECTION('',(5.627909312417E-1,-8.265992787996E-1,0.E0));
#6175=DIRECTION('',(8.265992787996E-1,5.627909312417E-1,0.E0));
#6176=AXIS2_PLACEMENT_3D('',#6173,#6174,#6175);
#6177=PLANE('',#6176);
#6178=ORIENTED_EDGE('',*,*,#5721,.F.);
#6180=ORIENTED_EDGE('',*,*,#6179,.T.);
#6182=ORIENTED_EDGE('',*,*,#6181,.F.);
#6183=ORIENTED_EDGE('',*,*,#6165,.F.);
#6184=EDGE_LOOP('',(#6178,#6180,#6182,#6183));
#6185=FACE_OUTER_BOUND('',#6184,.F.);
#6186=ADVANCED_FACE('',(#6185),#6177,.F.);
#6187=CARTESIAN_POINT('',(2.2815E1,-4.146570759703E1,1.5E1));
#6188=DIRECTION('',(8.373774452681E-1,-5.466251129945E-1,0.E0));
#6189=DIRECTION('',(5.466251129945E-1,8.373774452681E-1,0.E0));
#6190=AXIS2_PLACEMENT_3D('',#6187,#6188,#6189);
#6191=PLANE('',#6190);
#6192=ORIENTED_EDGE('',*,*,#5719,.F.);
#6194=ORIENTED_EDGE('',*,*,#6193,.T.);
#6196=ORIENTED_EDGE('',*,*,#6195,.F.);
#6197=ORIENTED_EDGE('',*,*,#6179,.F.);
#6198=EDGE_LOOP('',(#6192,#6194,#6196,#6197));
#6199=FACE_OUTER_BOUND('',#6198,.F.);
#6200=ADVANCED_FACE('',(#6199),#6191,.F.);
#6201=CARTESIAN_POINT('',(2.270583499908E1,-4.191166499068E1,1.5E1));
#6202=DIRECTION('',(9.713219917786E-1,-2.377679294760E-1,0.E0));
#6203=DIRECTION('',(2.377679294760E-1,9.713219917786E-1,0.E0));
#6204=AXIS2_PLACEMENT_3D('',#6201,#6202,#6203);
#6205=PLANE('',#6204);
#6206=ORIENTED_EDGE('',*,*,#5717,.F.);
#6208=ORIENTED_EDGE('',*,*,#6207,.T.);
#6210=ORIENTED_EDGE('',*,*,#6209,.F.);
#6211=ORIENTED_EDGE('',*,*,#6193,.F.);
#6212=EDGE_LOOP('',(#6206,#6208,#6210,#6211));
#6213=FACE_OUTER_BOUND('',#6212,.F.);
#6214=ADVANCED_FACE('',(#6213),#6205,.F.);
#6215=CARTESIAN_POINT('',(2.270583499908E1,-4.358400537302E1,1.5E1));
#6216=DIRECTION('',(1.E0,0.E0,0.E0));
#6217=DIRECTION('',(0.E0,1.E0,0.E0));
#6218=AXIS2_PLACEMENT_3D('',#6215,#6216,#6217);
#6219=PLANE('',#6218);
#6220=ORIENTED_EDGE('',*,*,#5715,.F.);
#6222=ORIENTED_EDGE('',*,*,#6221,.T.);
#6224=ORIENTED_EDGE('',*,*,#6223,.T.);
#6225=ORIENTED_EDGE('',*,*,#6207,.F.);
#6226=EDGE_LOOP('',(#6220,#6222,#6224,#6225));
#6227=FACE_OUTER_BOUND('',#6226,.F.);
#6228=ADVANCED_FACE('',(#6227),#6219,.F.);
#6229=CARTESIAN_POINT('',(2.2815E1,-4.402996276666E1,1.5E1));
#6230=DIRECTION('',(9.713219917786E-1,2.377679294760E-1,0.E0));
#6231=DIRECTION('',(-2.377679294760E-1,9.713219917786E-1,0.E0));
#6232=AXIS2_PLACEMENT_3D('',#6229,#6230,#6231);
#6233=PLANE('',#6232);
#6234=ORIENTED_EDGE('',*,*,#5713,.F.);
#6236=ORIENTED_EDGE('',*,*,#6235,.T.);
#6238=ORIENTED_EDGE('',*,*,#6237,.F.);
#6239=ORIENTED_EDGE('',*,*,#6221,.F.);
#6240=EDGE_LOOP('',(#6234,#6236,#6238,#6239));
#6241=FACE_OUTER_BOUND('',#6240,.F.);
#6242=ADVANCED_FACE('',(#6241),#6233,.F.);
#6243=CARTESIAN_POINT('',(2.303333499908E1,-4.436443081190E1,1.5E1));
#6244=DIRECTION('',(8.373772116227E-1,5.466254709167E-1,0.E0));
#6245=DIRECTION('',(-5.466254709167E-1,8.373772116227E-1,0.E0));
#6246=AXIS2_PLACEMENT_3D('',#6243,#6244,#6245);
#6247=PLANE('',#6246);
#6248=ORIENTED_EDGE('',*,*,#5711,.F.);
#6250=ORIENTED_EDGE('',*,*,#6249,.T.);
#6252=ORIENTED_EDGE('',*,*,#6251,.F.);
#6253=ORIENTED_EDGE('',*,*,#6235,.F.);
#6254=EDGE_LOOP('',(#6248,#6250,#6252,#6253));
#6255=FACE_OUTER_BOUND('',#6254,.F.);
#6256=ADVANCED_FACE('',(#6255),#6247,.F.);
#6257=CARTESIAN_POINT('',(2.336083499908E1,-4.458740958680E1,1.5E1));
#6258=DIRECTION('',(5.627910658975E-1,8.265991871191E-1,0.E0));
#6259=DIRECTION('',(-8.265991871191E-1,5.627910658975E-1,0.E0));
#6260=AXIS2_PLACEMENT_3D('',#6257,#6258,#6259);
#6261=PLANE('',#6260);
#6262=ORIENTED_EDGE('',*,*,#5709,.F.);
#6264=ORIENTED_EDGE('',*,*,#6263,.T.);
#6266=ORIENTED_EDGE('',*,*,#6265,.F.);
#6267=ORIENTED_EDGE('',*,*,#6249,.F.);
#6268=EDGE_LOOP('',(#6262,#6264,#6266,#6267));
#6269=FACE_OUTER_BOUND('',#6268,.F.);
#6270=ADVANCED_FACE('',(#6269),#6261,.F.);
#6271=CARTESIAN_POINT('',(2.37975E1,-4.469889893522E1,1.5E1));
#6272=DIRECTION('',(2.473841035229E-1,9.689174914946E-1,0.E0));
#6273=DIRECTION('',(-9.689174914946E-1,2.473841035229E-1,0.E0));
#6274=AXIS2_PLACEMENT_3D('',#6271,#6272,#6273);
#6275=PLANE('',#6274);
#6276=ORIENTED_EDGE('',*,*,#5707,.F.);
#6278=ORIENTED_EDGE('',*,*,#6277,.T.);
#6280=ORIENTED_EDGE('',*,*,#6279,.F.);
#6281=ORIENTED_EDGE('',*,*,#6263,.F.);
#6282=EDGE_LOOP('',(#6276,#6278,#6280,#6281));
#6283=FACE_OUTER_BOUND('',#6282,.F.);
#6284=ADVANCED_FACE('',(#6283),#6275,.F.);
#6285=CARTESIAN_POINT('',(2.478E1,-4.469889893522E1,1.5E1));
#6286=DIRECTION('',(0.E0,1.E0,0.E0));
#6287=DIRECTION('',(-1.E0,0.E0,0.E0));
#6288=AXIS2_PLACEMENT_3D('',#6285,#6286,#6287);
#6289=PLANE('',#6288);
#6290=ORIENTED_EDGE('',*,*,#5705,.F.);
#6292=ORIENTED_EDGE('',*,*,#6291,.T.);
#6294=ORIENTED_EDGE('',*,*,#6293,.T.);
#6295=ORIENTED_EDGE('',*,*,#6277,.F.);
#6296=EDGE_LOOP('',(#6290,#6292,#6294,#6295));
#6297=FACE_OUTER_BOUND('',#6296,.F.);
#6298=ADVANCED_FACE('',(#6297),#6289,.F.);
#6299=CARTESIAN_POINT('',(2.521666500092E1,-4.458740958680E1,1.5E1));
#6300=DIRECTION('',(-2.473841035229E-1,9.689174914946E-1,0.E0));
#6301=DIRECTION('',(-9.689174914946E-1,-2.473841035229E-1,0.E0));
#6302=AXIS2_PLACEMENT_3D('',#6299,#6300,#6301);
#6303=PLANE('',#6302);
#6304=ORIENTED_EDGE('',*,*,#5703,.F.);
#6306=ORIENTED_EDGE('',*,*,#6305,.T.);
#6308=ORIENTED_EDGE('',*,*,#6307,.F.);
#6309=ORIENTED_EDGE('',*,*,#6291,.F.);
#6310=EDGE_LOOP('',(#6304,#6306,#6308,#6309));
#6311=FACE_OUTER_BOUND('',#6310,.F.);
#6312=ADVANCED_FACE('',(#6311),#6303,.F.);
#6313=CARTESIAN_POINT('',(2.554416500092E1,-4.436443081190E1,1.5E1));
#6314=DIRECTION('',(-5.627910658975E-1,8.265991871191E-1,0.E0));
#6315=DIRECTION('',(-8.265991871191E-1,-5.627910658975E-1,0.E0));
#6316=AXIS2_PLACEMENT_3D('',#6313,#6314,#6315);
#6317=PLANE('',#6316);
#6318=ORIENTED_EDGE('',*,*,#5701,.F.);
#6320=ORIENTED_EDGE('',*,*,#6319,.T.);
#6322=ORIENTED_EDGE('',*,*,#6321,.F.);
#6323=ORIENTED_EDGE('',*,*,#6305,.F.);
#6324=EDGE_LOOP('',(#6318,#6320,#6322,#6323));
#6325=FACE_OUTER_BOUND('',#6324,.F.);
#6326=ADVANCED_FACE('',(#6325),#6317,.F.);
#6327=CARTESIAN_POINT('',(2.565333499908E1,-4.402996276666E1,1.5E1));
#6328=DIRECTION('',(-9.506423990460E-1,3.102886223117E-1,0.E0));
#6329=DIRECTION('',(-3.102886223117E-1,-9.506423990460E-1,0.E0));
#6330=AXIS2_PLACEMENT_3D('',#6327,#6328,#6329);
#6331=PLANE('',#6330);
#6332=ORIENTED_EDGE('',*,*,#5699,.F.);
#6334=ORIENTED_EDGE('',*,*,#6333,.T.);
#6336=ORIENTED_EDGE('',*,*,#6335,.F.);
#6337=ORIENTED_EDGE('',*,*,#6319,.F.);
#6338=EDGE_LOOP('',(#6332,#6334,#6336,#6337));
#6339=FACE_OUTER_BOUND('',#6338,.F.);
#6340=ADVANCED_FACE('',(#6339),#6331,.F.);
#6341=CARTESIAN_POINT('',(2.565333499908E1,-4.313804782321E1,1.5E1));
#6342=DIRECTION('',(-1.E0,0.E0,0.E0));
#6343=DIRECTION('',(0.E0,-1.E0,0.E0));
#6344=AXIS2_PLACEMENT_3D('',#6341,#6342,#6343);
#6345=PLANE('',#6344);
#6346=ORIENTED_EDGE('',*,*,#5697,.F.);
#6348=ORIENTED_EDGE('',*,*,#6347,.T.);
#6350=ORIENTED_EDGE('',*,*,#6349,.T.);
#6351=ORIENTED_EDGE('',*,*,#6333,.F.);
#6352=EDGE_LOOP('',(#6346,#6348,#6350,#6351));
#6353=FACE_OUTER_BOUND('',#6352,.F.);
#6354=ADVANCED_FACE('',(#6353),#6345,.F.);
#6355=CARTESIAN_POINT('',(2.467083499908E1,-4.313804782321E1,1.5E1));
#6356=DIRECTION('',(0.E0,-1.E0,0.E0));
#6357=DIRECTION('',(1.E0,0.E0,0.E0));
#6358=AXIS2_PLACEMENT_3D('',#6355,#6356,#6357);
#6359=PLANE('',#6358);
#6360=ORIENTED_EDGE('',*,*,#5695,.F.);
#6362=ORIENTED_EDGE('',*,*,#6361,.T.);
#6364=ORIENTED_EDGE('',*,*,#6363,.T.);
#6365=ORIENTED_EDGE('',*,*,#6347,.F.);
#6366=EDGE_LOOP('',(#6360,#6362,#6364,#6365));
#6367=FACE_OUTER_BOUND('',#6366,.F.);
#6368=ADVANCED_FACE('',(#6367),#6359,.F.);
#6369=CARTESIAN_POINT('',(2.467083499908E1,-4.246911173274E1,1.5E1));
#6370=DIRECTION('',(-1.E0,0.E0,0.E0));
#6371=DIRECTION('',(0.E0,-1.E0,0.E0));
#6372=AXIS2_PLACEMENT_3D('',#6369,#6370,#6371);
#6373=PLANE('',#6372);
#6374=ORIENTED_EDGE('',*,*,#5693,.F.);
#6376=ORIENTED_EDGE('',*,*,#6375,.T.);
#6378=ORIENTED_EDGE('',*,*,#6377,.T.);
#6379=ORIENTED_EDGE('',*,*,#6361,.F.);
#6380=EDGE_LOOP('',(#6374,#6376,#6378,#6379));
#6381=FACE_OUTER_BOUND('',#6380,.F.);
#6382=ADVANCED_FACE('',(#6381),#6373,.F.);
#6383=CARTESIAN_POINT('',(2.630833499908E1,-4.246911173274E1,1.5E1));
#6384=DIRECTION('',(0.E0,1.E0,0.E0));
#6385=DIRECTION('',(-1.E0,0.E0,0.E0));
#6386=AXIS2_PLACEMENT_3D('',#6383,#6384,#6385);
#6387=PLANE('',#6386);
#6388=ORIENTED_EDGE('',*,*,#5691,.F.);
#6389=ORIENTED_EDGE('',*,*,#5790,.T.);
#6391=ORIENTED_EDGE('',*,*,#6390,.T.);
#6392=ORIENTED_EDGE('',*,*,#6375,.F.);
#6393=EDGE_LOOP('',(#6388,#6389,#6391,#6392));
#6394=FACE_OUTER_BOUND('',#6393,.F.);
#6395=ADVANCED_FACE('',(#6394),#6387,.F.);
#6396=CARTESIAN_POINT('',(0.E0,1.590000000001E1,1.45E1));
#6397=DIRECTION('',(0.E0,0.E0,1.E0));
#6398=DIRECTION('',(1.E0,0.E0,0.E0));
#6399=AXIS2_PLACEMENT_3D('',#6396,#6397,#6398);
#6400=PLANE('',#6399);
#6401=ORIENTED_EDGE('',*,*,#5788,.F.);
#6402=ORIENTED_EDGE('',*,*,#5803,.T.);
#6403=ORIENTED_EDGE('',*,*,#5817,.T.);
#6404=ORIENTED_EDGE('',*,*,#5831,.T.);
#6405=ORIENTED_EDGE('',*,*,#5845,.T.);
#6406=ORIENTED_EDGE('',*,*,#5859,.F.);
#6407=ORIENTED_EDGE('',*,*,#5873,.T.);
#6408=ORIENTED_EDGE('',*,*,#5887,.T.);
#6409=ORIENTED_EDGE('',*,*,#5901,.T.);
#6410=ORIENTED_EDGE('',*,*,#5915,.T.);
#6411=ORIENTED_EDGE('',*,*,#5929,.T.);
#6412=ORIENTED_EDGE('',*,*,#5943,.F.);
#6413=ORIENTED_EDGE('',*,*,#5957,.T.);
#6414=ORIENTED_EDGE('',*,*,#5971,.T.);
#6415=ORIENTED_EDGE('',*,*,#5985,.T.);
#6416=ORIENTED_EDGE('',*,*,#5999,.T.);
#6417=ORIENTED_EDGE('',*,*,#6013,.T.);
#6418=ORIENTED_EDGE('',*,*,#6027,.F.);
#6419=ORIENTED_EDGE('',*,*,#6041,.T.);
#6420=ORIENTED_EDGE('',*,*,#6055,.T.);
#6421=ORIENTED_EDGE('',*,*,#6069,.T.);
#6422=ORIENTED_EDGE('',*,*,#6083,.T.);
#6423=ORIENTED_EDGE('',*,*,#6097,.F.);
#6424=ORIENTED_EDGE('',*,*,#6111,.T.);
#6425=ORIENTED_EDGE('',*,*,#6125,.T.);
#6426=ORIENTED_EDGE('',*,*,#6139,.T.);
#6427=ORIENTED_EDGE('',*,*,#6153,.F.);
#6428=ORIENTED_EDGE('',*,*,#6167,.T.);
#6429=ORIENTED_EDGE('',*,*,#6181,.T.);
#6430=ORIENTED_EDGE('',*,*,#6195,.T.);
#6431=ORIENTED_EDGE('',*,*,#6209,.T.);
#6432=ORIENTED_EDGE('',*,*,#6223,.F.);
#6433=ORIENTED_EDGE('',*,*,#6237,.T.);
#6434=ORIENTED_EDGE('',*,*,#6251,.T.);
#6435=ORIENTED_EDGE('',*,*,#6265,.T.);
#6436=ORIENTED_EDGE('',*,*,#6279,.T.);
#6437=ORIENTED_EDGE('',*,*,#6293,.F.);
#6438=ORIENTED_EDGE('',*,*,#6307,.T.);
#6439=ORIENTED_EDGE('',*,*,#6321,.T.);
#6440=ORIENTED_EDGE('',*,*,#6335,.T.);
#6441=ORIENTED_EDGE('',*,*,#6349,.F.);
#6442=ORIENTED_EDGE('',*,*,#6363,.F.);
#6443=ORIENTED_EDGE('',*,*,#6377,.F.);
#6444=ORIENTED_EDGE('',*,*,#6390,.F.);
#6445=EDGE_LOOP('',(#6401,#6402,#6403,#6404,#6405,#6406,#6407,#6408,#6409,#6410,
#6411,#6412,#6413,#6414,#6415,#6416,#6417,#6418,#6419,#6420,#6421,#6422,#6423,
#6424,#6425,#6426,#6427,#6428,#6429,#6430,#6431,#6432,#6433,#6434,#6435,#6436,
#6437,#6438,#6439,#6440,#6441,#6442,#6443,#6444));
#6446=FACE_OUTER_BOUND('',#6445,.F.);
#6447=ADVANCED_FACE('',(#6446),#6400,.T.);
#6448=CARTESIAN_POINT('',(1.85575E1,-4.012783510377E1,1.5E1));
#6449=DIRECTION('',(-2.001227687928E-1,9.797708290262E-1,0.E0));
#6450=DIRECTION('',(-9.797708290262E-1,-2.001227687928E-1,0.E0));
#6451=AXIS2_PLACEMENT_3D('',#6448,#6449,#6450);
#6452=PLANE('',#6451);
#6453=ORIENTED_EDGE('',*,*,#5427,.F.);
#6455=ORIENTED_EDGE('',*,*,#6454,.T.);
#6457=ORIENTED_EDGE('',*,*,#6456,.F.);
#6459=ORIENTED_EDGE('',*,*,#6458,.F.);
#6460=EDGE_LOOP('',(#6453,#6455,#6457,#6459));
#6461=FACE_OUTER_BOUND('',#6460,.F.);
#6462=ADVANCED_FACE('',(#6461),#6452,.F.);
#6463=CARTESIAN_POINT('',(1.943083499908E1,-4.012783510377E1,1.5E1));
#6464=DIRECTION('',(0.E0,1.E0,0.E0));
#6465=DIRECTION('',(-1.E0,0.E0,0.E0));
#6466=AXIS2_PLACEMENT_3D('',#6463,#6464,#6465);
#6467=PLANE('',#6466);
#6468=ORIENTED_EDGE('',*,*,#5473,.F.);
#6470=ORIENTED_EDGE('',*,*,#6469,.T.);
#6472=ORIENTED_EDGE('',*,*,#6471,.T.);
#6473=ORIENTED_EDGE('',*,*,#6454,.F.);
#6474=EDGE_LOOP('',(#6468,#6470,#6472,#6473));
#6475=FACE_OUTER_BOUND('',#6474,.F.);
#6476=ADVANCED_FACE('',(#6475),#6467,.F.);
#6477=CARTESIAN_POINT('',(1.997666500092E1,-4.023932445218E1,1.5E1));
#6478=DIRECTION('',(2.001245276041E-1,9.797704697791E-1,0.E0));
#6479=DIRECTION('',(-9.797704697791E-1,2.001245276041E-1,0.E0));
#6480=AXIS2_PLACEMENT_3D('',#6477,#6478,#6479);
#6481=PLANE('',#6480);
#6482=ORIENTED_EDGE('',*,*,#5471,.F.);
#6484=ORIENTED_EDGE('',*,*,#6483,.T.);
#6486=ORIENTED_EDGE('',*,*,#6485,.F.);
#6487=ORIENTED_EDGE('',*,*,#6469,.F.);
#6488=EDGE_LOOP('',(#6482,#6484,#6486,#6487));
#6489=FACE_OUTER_BOUND('',#6488,.F.);
#6490=ADVANCED_FACE('',(#6489),#6481,.F.);
#6491=CARTESIAN_POINT('',(2.041333499908E1,-4.046230314900E1,1.5E1));
#6492=DIRECTION('',(4.547743614938E-1,8.906066921644E-1,0.E0));
#6493=DIRECTION('',(-8.906066921644E-1,4.547743614938E-1,0.E0));
#6494=AXIS2_PLACEMENT_3D('',#6491,#6492,#6493);
#6495=PLANE('',#6494);
#6496=ORIENTED_EDGE('',*,*,#5469,.F.);
#6498=ORIENTED_EDGE('',*,*,#6497,.T.);
#6500=ORIENTED_EDGE('',*,*,#6499,.F.);
#6501=ORIENTED_EDGE('',*,*,#6483,.F.);
#6502=EDGE_LOOP('',(#6496,#6498,#6500,#6501));
#6503=FACE_OUTER_BOUND('',#6502,.F.);
#6504=ADVANCED_FACE('',(#6503),#6495,.F.);
#6505=CARTESIAN_POINT('',(2.085E1,-4.090826054265E1,1.5E1));
#6506=DIRECTION('',(7.145117189358E-1,6.996234726647E-1,0.E0));
#6507=DIRECTION('',(-6.996234726647E-1,7.145117189358E-1,0.E0));
#6508=AXIS2_PLACEMENT_3D('',#6505,#6506,#6507);
#6509=PLANE('',#6508);
#6510=ORIENTED_EDGE('',*,*,#5467,.F.);
#6512=ORIENTED_EDGE('',*,*,#6511,.T.);
#6514=ORIENTED_EDGE('',*,*,#6513,.F.);
#6515=ORIENTED_EDGE('',*,*,#6497,.F.);
#6516=EDGE_LOOP('',(#6510,#6512,#6514,#6515));
#6517=FACE_OUTER_BOUND('',#6516,.F.);
#6518=ADVANCED_FACE('',(#6517),#6509,.F.);
#6519=CARTESIAN_POINT('',(2.106833499908E1,-4.135421793629E1,1.5E1));
#6520=DIRECTION('',(8.981367723002E-1,4.397162019327E-1,0.E0));
#6521=DIRECTION('',(-4.397162019327E-1,8.981367723002E-1,0.E0));
#6522=AXIS2_PLACEMENT_3D('',#6519,#6520,#6521);
#6523=PLANE('',#6522);
#6524=ORIENTED_EDGE('',*,*,#5465,.F.);
#6526=ORIENTED_EDGE('',*,*,#6525,.T.);
#6528=ORIENTED_EDGE('',*,*,#6527,.F.);
#6529=ORIENTED_EDGE('',*,*,#6511,.F.);
#6530=EDGE_LOOP('',(#6524,#6526,#6528,#6529));
#6531=FACE_OUTER_BOUND('',#6530,.F.);
#6532=ADVANCED_FACE('',(#6531),#6523,.F.);
#6533=CARTESIAN_POINT('',(2.11775E1,-4.191166499068E1,1.5E1));
#6534=DIRECTION('',(9.813597078632E-1,1.921799255453E-1,0.E0));
#6535=DIRECTION('',(-1.921799255453E-1,9.813597078632E-1,0.E0));
#6536=AXIS2_PLACEMENT_3D('',#6533,#6534,#6535);
#6537=PLANE('',#6536);
#6538=ORIENTED_EDGE('',*,*,#5463,.F.);
#6540=ORIENTED_EDGE('',*,*,#6539,.T.);
#6542=ORIENTED_EDGE('',*,*,#6541,.F.);
#6543=ORIENTED_EDGE('',*,*,#6525,.F.);
#6544=EDGE_LOOP('',(#6538,#6540,#6542,#6543));
#6545=FACE_OUTER_BOUND('',#6544,.F.);
#6546=ADVANCED_FACE('',(#6545),#6537,.F.);
#6547=CARTESIAN_POINT('',(2.11775E1,-4.358400537302E1,1.5E1));
#6548=DIRECTION('',(1.E0,0.E0,0.E0));
#6549=DIRECTION('',(0.E0,1.E0,0.E0));
#6550=AXIS2_PLACEMENT_3D('',#6547,#6548,#6549);
#6551=PLANE('',#6550);
#6552=ORIENTED_EDGE('',*,*,#5461,.F.);
#6554=ORIENTED_EDGE('',*,*,#6553,.T.);
#6556=ORIENTED_EDGE('',*,*,#6555,.T.);
#6557=ORIENTED_EDGE('',*,*,#6539,.F.);
#6558=EDGE_LOOP('',(#6552,#6554,#6556,#6557));
#6559=FACE_OUTER_BOUND('',#6558,.F.);
#6560=ADVANCED_FACE('',(#6559),#6551,.F.);
#6561=CARTESIAN_POINT('',(2.106833499908E1,-4.414145211508E1,1.5E1));
#6562=DIRECTION('',(9.813596875559E-1,-1.921800292437E-1,0.E0));
#6563=DIRECTION('',(1.921800292437E-1,9.813596875559E-1,0.E0));
#6564=AXIS2_PLACEMENT_3D('',#6561,#6562,#6563);
#6565=PLANE('',#6564);
#6566=ORIENTED_EDGE('',*,*,#5459,.F.);
#6568=ORIENTED_EDGE('',*,*,#6567,.T.);
#6570=ORIENTED_EDGE('',*,*,#6569,.F.);
#6571=ORIENTED_EDGE('',*,*,#6553,.F.);
#6572=EDGE_LOOP('',(#6566,#6568,#6570,#6571));
#6573=FACE_OUTER_BOUND('',#6572,.F.);
#6574=ADVANCED_FACE('',(#6573),#6565,.F.);
#6575=CARTESIAN_POINT('',(2.085E1,-4.458740958680E1,1.5E1));
#6576=DIRECTION('',(8.981368027053E-1,-4.397161398293E-1,0.E0));
#6577=DIRECTION('',(4.397161398293E-1,8.981368027053E-1,0.E0));
#6578=AXIS2_PLACEMENT_3D('',#6575,#6576,#6577);
#6579=PLANE('',#6578);
#6580=ORIENTED_EDGE('',*,*,#5457,.F.);
#6582=ORIENTED_EDGE('',*,*,#6581,.T.);
#6584=ORIENTED_EDGE('',*,*,#6583,.F.);
#6585=ORIENTED_EDGE('',*,*,#6567,.F.);
#6586=EDGE_LOOP('',(#6580,#6582,#6584,#6585));
#6587=FACE_OUTER_BOUND('',#6586,.F.);
#6588=ADVANCED_FACE('',(#6587),#6579,.F.);
#6589=CARTESIAN_POINT('',(2.041333499908E1,-4.503336701949E1,1.5E1));
#6590=DIRECTION('',(7.145117495531E-1,-6.996234413959E-1,0.E0));
#6591=DIRECTION('',(6.996234413959E-1,7.145117495531E-1,0.E0));
#6592=AXIS2_PLACEMENT_3D('',#6589,#6590,#6591);
#6593=PLANE('',#6592);
#6594=ORIENTED_EDGE('',*,*,#5455,.F.);
#6596=ORIENTED_EDGE('',*,*,#6595,.T.);
#6598=ORIENTED_EDGE('',*,*,#6597,.F.);
#6599=ORIENTED_EDGE('',*,*,#6581,.F.);
#6600=EDGE_LOOP('',(#6594,#6596,#6598,#6599));
#6601=FACE_OUTER_BOUND('',#6600,.F.);
#6602=ADVANCED_FACE('',(#6601),#6593,.F.);
#6603=CARTESIAN_POINT('',(1.997666500092E1,-4.525634574560E1,1.5E1));
#6604=DIRECTION('',(4.547744088620E-1,-8.906066679765E-1,0.E0));
#6605=DIRECTION('',(8.906066679765E-1,4.547744088620E-1,0.E0));
#6606=AXIS2_PLACEMENT_3D('',#6603,#6604,#6605);
#6607=PLANE('',#6606);
#6608=ORIENTED_EDGE('',*,*,#5453,.F.);
#6610=ORIENTED_EDGE('',*,*,#6609,.T.);
#6612=ORIENTED_EDGE('',*,*,#6611,.F.);
#6613=ORIENTED_EDGE('',*,*,#6595,.F.);
#6614=EDGE_LOOP('',(#6608,#6610,#6612,#6613));
#6615=FACE_OUTER_BOUND('',#6614,.F.);
#6616=ADVANCED_FACE('',(#6615),#6607,.F.);
#6617=CARTESIAN_POINT('',(1.943083499908E1,-4.536783510377E1,1.5E1));
#6618=DIRECTION('',(2.001245444222E-1,-9.797704663439E-1,0.E0));
#6619=DIRECTION('',(9.797704663439E-1,2.001245444222E-1,0.E0));
#6620=AXIS2_PLACEMENT_3D('',#6617,#6618,#6619);
#6621=PLANE('',#6620);
#6622=ORIENTED_EDGE('',*,*,#5451,.F.);
#6624=ORIENTED_EDGE('',*,*,#6623,.T.);
#6626=ORIENTED_EDGE('',*,*,#6625,.F.);
#6627=ORIENTED_EDGE('',*,*,#6609,.F.);
#6628=EDGE_LOOP('',(#6622,#6624,#6626,#6627));
#6629=FACE_OUTER_BOUND('',#6628,.F.);
#6630=ADVANCED_FACE('',(#6629),#6621,.F.);
#6631=CARTESIAN_POINT('',(1.85575E1,-4.536783510377E1,1.5E1));
#6632=DIRECTION('',(0.E0,-1.E0,0.E0));
#6633=DIRECTION('',(1.E0,0.E0,0.E0));
#6634=AXIS2_PLACEMENT_3D('',#6631,#6632,#6633);
#6635=PLANE('',#6634);
#6636=ORIENTED_EDGE('',*,*,#5449,.F.);
#6638=ORIENTED_EDGE('',*,*,#6637,.T.);
#6640=ORIENTED_EDGE('',*,*,#6639,.T.);
#6641=ORIENTED_EDGE('',*,*,#6623,.F.);
#6642=EDGE_LOOP('',(#6636,#6638,#6640,#6641));
#6643=FACE_OUTER_BOUND('',#6642,.F.);
#6644=ADVANCED_FACE('',(#6643),#6635,.F.);
#6645=CARTESIAN_POINT('',(1.801166500092E1,-4.525634574560E1,1.5E1));
#6646=DIRECTION('',(-2.001227856107E-1,-9.797708255911E-1,0.E0));
#6647=DIRECTION('',(9.797708255911E-1,-2.001227856107E-1,0.E0));
#6648=AXIS2_PLACEMENT_3D('',#6645,#6646,#6647);
#6649=PLANE('',#6648);
#6650=ORIENTED_EDGE('',*,*,#5447,.F.);
#6652=ORIENTED_EDGE('',*,*,#6651,.T.);
#6654=ORIENTED_EDGE('',*,*,#6653,.F.);
#6655=ORIENTED_EDGE('',*,*,#6637,.F.);
#6656=EDGE_LOOP('',(#6650,#6652,#6654,#6655));
#6657=FACE_OUTER_BOUND('',#6656,.F.);
#6658=ADVANCED_FACE('',(#6657),#6649,.F.);
#6659=CARTESIAN_POINT('',(1.7575E1,-4.503336701949E1,1.5E1));
#6660=DIRECTION('',(-4.547785369538E-1,-8.906045600187E-1,0.E0));
#6661=DIRECTION('',(8.906045600187E-1,-4.547785369538E-1,0.E0));
#6662=AXIS2_PLACEMENT_3D('',#6659,#6660,#6661);
#6663=PLANE('',#6662);
#6664=ORIENTED_EDGE('',*,*,#5445,.F.);
#6666=ORIENTED_EDGE('',*,*,#6665,.T.);
#6668=ORIENTED_EDGE('',*,*,#6667,.F.);
#6669=ORIENTED_EDGE('',*,*,#6651,.F.);
#6670=EDGE_LOOP('',(#6664,#6666,#6668,#6669));
#6671=FACE_OUTER_BOUND('',#6670,.F.);
#6672=ADVANCED_FACE('',(#6671),#6663,.F.);
#6673=CARTESIAN_POINT('',(1.713833499908E1,-4.458740958680E1,1.5E1));
#6674=DIRECTION('',(-7.145117495531E-1,-6.996234413959E-1,0.E0));
#6675=DIRECTION('',(6.996234413959E-1,-7.145117495531E-1,0.E0));
#6676=AXIS2_PLACEMENT_3D('',#6673,#6674,#6675);
#6677=PLANE('',#6676);
#6678=ORIENTED_EDGE('',*,*,#5443,.F.);
#6680=ORIENTED_EDGE('',*,*,#6679,.T.);
#6682=ORIENTED_EDGE('',*,*,#6681,.F.);
#6683=ORIENTED_EDGE('',*,*,#6665,.F.);
#6684=EDGE_LOOP('',(#6678,#6680,#6682,#6683));
#6685=FACE_OUTER_BOUND('',#6684,.F.);
#6686=ADVANCED_FACE('',(#6685),#6677,.F.);
#6687=CARTESIAN_POINT('',(1.692E1,-4.414145211508E1,1.5E1));
#6688=DIRECTION('',(-8.981368027053E-1,-4.397161398293E-1,0.E0));
#6689=DIRECTION('',(4.397161398293E-1,-8.981368027053E-1,0.E0));
#6690=AXIS2_PLACEMENT_3D('',#6687,#6688,#6689);
#6691=PLANE('',#6690);
#6692=ORIENTED_EDGE('',*,*,#5441,.F.);
#6694=ORIENTED_EDGE('',*,*,#6693,.T.);
#6696=ORIENTED_EDGE('',*,*,#6695,.F.);
#6697=ORIENTED_EDGE('',*,*,#6679,.F.);
#6698=EDGE_LOOP('',(#6692,#6694,#6696,#6697));
#6699=FACE_OUTER_BOUND('',#6698,.F.);
#6700=ADVANCED_FACE('',(#6699),#6691,.F.);
#6701=CARTESIAN_POINT('',(1.681083250046E1,-4.358400537302E1,1.5E1));
#6702=DIRECTION('',(-9.813588579591E-1,-1.921842654987E-1,0.E0));
#6703=DIRECTION('',(1.921842654987E-1,-9.813588579591E-1,0.E0));
#6704=AXIS2_PLACEMENT_3D('',#6701,#6702,#6703);
#6705=PLANE('',#6704);
#6706=ORIENTED_EDGE('',*,*,#5439,.F.);
#6708=ORIENTED_EDGE('',*,*,#6707,.T.);
#6710=ORIENTED_EDGE('',*,*,#6709,.F.);
#6711=ORIENTED_EDGE('',*,*,#6693,.F.);
#6712=EDGE_LOOP('',(#6706,#6708,#6710,#6711));
#6713=FACE_OUTER_BOUND('',#6712,.F.);
#6714=ADVANCED_FACE('',(#6713),#6705,.F.);
#6715=CARTESIAN_POINT('',(1.681083250046E1,-4.191166499068E1,1.5E1));
#6716=DIRECTION('',(-1.E0,0.E0,0.E0));
#6717=DIRECTION('',(0.E0,-1.E0,0.E0));
#6718=AXIS2_PLACEMENT_3D('',#6715,#6716,#6717);
#6719=PLANE('',#6718);
#6720=ORIENTED_EDGE('',*,*,#5437,.F.);
#6722=ORIENTED_EDGE('',*,*,#6721,.T.);
#6724=ORIENTED_EDGE('',*,*,#6723,.T.);
#6725=ORIENTED_EDGE('',*,*,#6707,.F.);
#6726=EDGE_LOOP('',(#6720,#6722,#6724,#6725));
#6727=FACE_OUTER_BOUND('',#6726,.F.);
#6728=ADVANCED_FACE('',(#6727),#6719,.F.);
#6729=CARTESIAN_POINT('',(1.692E1,-4.135421793629E1,1.5E1));
#6730=DIRECTION('',(-9.813588782673E-1,1.921841617981E-1,0.E0));
#6731=DIRECTION('',(-1.921841617981E-1,-9.813588782673E-1,0.E0));
#6732=AXIS2_PLACEMENT_3D('',#6729,#6730,#6731);
#6733=PLANE('',#6732);
#6734=ORIENTED_EDGE('',*,*,#5435,.F.);
#6736=ORIENTED_EDGE('',*,*,#6735,.T.);
#6738=ORIENTED_EDGE('',*,*,#6737,.F.);
#6739=ORIENTED_EDGE('',*,*,#6721,.F.);
#6740=EDGE_LOOP('',(#6734,#6736,#6738,#6739));
#6741=FACE_OUTER_BOUND('',#6740,.F.);
#6742=ADVANCED_FACE('',(#6741),#6733,.F.);
#6743=CARTESIAN_POINT('',(1.713833499908E1,-4.090826054265E1,1.5E1));
#6744=DIRECTION('',(-8.981367723002E-1,4.397162019327E-1,0.E0));
#6745=DIRECTION('',(-4.397162019327E-1,-8.981367723002E-1,0.E0));
#6746=AXIS2_PLACEMENT_3D('',#6743,#6744,#6745);
#6747=PLANE('',#6746);
#6748=ORIENTED_EDGE('',*,*,#5433,.F.);
#6750=ORIENTED_EDGE('',*,*,#6749,.T.);
#6752=ORIENTED_EDGE('',*,*,#6751,.F.);
#6753=ORIENTED_EDGE('',*,*,#6735,.F.);
#6754=EDGE_LOOP('',(#6748,#6750,#6752,#6753));
#6755=FACE_OUTER_BOUND('',#6754,.F.);
#6756=ADVANCED_FACE('',(#6755),#6747,.F.);
#6757=CARTESIAN_POINT('',(1.7575E1,-4.046230314900E1,1.5E1));
#6758=DIRECTION('',(-7.145117189358E-1,6.996234726647E-1,0.E0));
#6759=DIRECTION('',(-6.996234726647E-1,-7.145117189358E-1,0.E0));
#6760=AXIS2_PLACEMENT_3D('',#6757,#6758,#6759);
#6761=PLANE('',#6760);
#6762=ORIENTED_EDGE('',*,*,#5431,.F.);
#6764=ORIENTED_EDGE('',*,*,#6763,.T.);
#6766=ORIENTED_EDGE('',*,*,#6765,.F.);
#6767=ORIENTED_EDGE('',*,*,#6749,.F.);
#6768=EDGE_LOOP('',(#6762,#6764,#6766,#6767));
#6769=FACE_OUTER_BOUND('',#6768,.F.);
#6770=ADVANCED_FACE('',(#6769),#6761,.F.);
#6771=CARTESIAN_POINT('',(1.801166500092E1,-4.023932445218E1,1.5E1));
#6772=DIRECTION('',(-4.547784895854E-1,8.906045842070E-1,0.E0));
#6773=DIRECTION('',(-8.906045842070E-1,-4.547784895854E-1,0.E0));
#6774=AXIS2_PLACEMENT_3D('',#6771,#6772,#6773);
#6775=PLANE('',#6774);
#6776=ORIENTED_EDGE('',*,*,#5429,.F.);
#6777=ORIENTED_EDGE('',*,*,#6458,.T.);
#6779=ORIENTED_EDGE('',*,*,#6778,.F.);
#6780=ORIENTED_EDGE('',*,*,#6763,.F.);
#6781=EDGE_LOOP('',(#6776,#6777,#6779,#6780));
#6782=FACE_OUTER_BOUND('',#6781,.F.);
#6783=ADVANCED_FACE('',(#6782),#6775,.F.);
#6784=CARTESIAN_POINT('',(0.E0,1.590000000001E1,1.45E1));
#6785=DIRECTION('',(0.E0,0.E0,1.E0));
#6786=DIRECTION('',(1.E0,0.E0,0.E0));
#6787=AXIS2_PLACEMENT_3D('',#6784,#6785,#6786);
#6788=PLANE('',#6787);
#6789=ORIENTED_EDGE('',*,*,#6456,.T.);
#6790=ORIENTED_EDGE('',*,*,#6471,.F.);
#6791=ORIENTED_EDGE('',*,*,#6485,.T.);
#6792=ORIENTED_EDGE('',*,*,#6499,.T.);
#6793=ORIENTED_EDGE('',*,*,#6513,.T.);
#6794=ORIENTED_EDGE('',*,*,#6527,.T.);
#6795=ORIENTED_EDGE('',*,*,#6541,.T.);
#6796=ORIENTED_EDGE('',*,*,#6555,.F.);
#6797=ORIENTED_EDGE('',*,*,#6569,.T.);
#6798=ORIENTED_EDGE('',*,*,#6583,.T.);
#6799=ORIENTED_EDGE('',*,*,#6597,.T.);
#6800=ORIENTED_EDGE('',*,*,#6611,.T.);
#6801=ORIENTED_EDGE('',*,*,#6625,.T.);
#6802=ORIENTED_EDGE('',*,*,#6639,.F.);
#6803=ORIENTED_EDGE('',*,*,#6653,.T.);
#6804=ORIENTED_EDGE('',*,*,#6667,.T.);
#6805=ORIENTED_EDGE('',*,*,#6681,.T.);
#6806=ORIENTED_EDGE('',*,*,#6695,.T.);
#6807=ORIENTED_EDGE('',*,*,#6709,.T.);
#6808=ORIENTED_EDGE('',*,*,#6723,.F.);
#6809=ORIENTED_EDGE('',*,*,#6737,.T.);
#6810=ORIENTED_EDGE('',*,*,#6751,.T.);
#6811=ORIENTED_EDGE('',*,*,#6765,.T.);
#6812=ORIENTED_EDGE('',*,*,#6778,.T.);
#6813=EDGE_LOOP('',(#6789,#6790,#6791,#6792,#6793,#6794,#6795,#6796,#6797,#6798,
#6799,#6800,#6801,#6802,#6803,#6804,#6805,#6806,#6807,#6808,#6809,#6810,#6811,
#6812));
#6814=FACE_OUTER_BOUND('',#6813,.F.);
#6816=ORIENTED_EDGE('',*,*,#6815,.F.);
#6818=ORIENTED_EDGE('',*,*,#6817,.T.);
#6820=ORIENTED_EDGE('',*,*,#6819,.T.);
#6822=ORIENTED_EDGE('',*,*,#6821,.T.);
#6824=ORIENTED_EDGE('',*,*,#6823,.T.);
#6826=ORIENTED_EDGE('',*,*,#6825,.F.);
#6828=ORIENTED_EDGE('',*,*,#6827,.T.);
#6830=ORIENTED_EDGE('',*,*,#6829,.T.);
#6832=ORIENTED_EDGE('',*,*,#6831,.T.);
#6834=ORIENTED_EDGE('',*,*,#6833,.T.);
#6836=ORIENTED_EDGE('',*,*,#6835,.F.);
#6838=ORIENTED_EDGE('',*,*,#6837,.T.);
#6840=ORIENTED_EDGE('',*,*,#6839,.T.);
#6842=ORIENTED_EDGE('',*,*,#6841,.T.);
#6844=ORIENTED_EDGE('',*,*,#6843,.T.);
#6846=ORIENTED_EDGE('',*,*,#6845,.F.);
#6848=ORIENTED_EDGE('',*,*,#6847,.T.);
#6850=ORIENTED_EDGE('',*,*,#6849,.T.);
#6852=ORIENTED_EDGE('',*,*,#6851,.T.);
#6854=ORIENTED_EDGE('',*,*,#6853,.T.);
#6855=EDGE_LOOP('',(#6816,#6818,#6820,#6822,#6824,#6826,#6828,#6830,#6832,#6834,
#6836,#6838,#6840,#6842,#6844,#6846,#6848,#6850,#6852,#6854));
#6856=FACE_BOUND('',#6855,.F.);
#6857=ADVANCED_FACE('',(#6814,#6856),#6788,.T.);
#6858=CARTESIAN_POINT('',(1.85575E1,-4.079677119424E1,1.5E1));
#6859=DIRECTION('',(0.E0,-1.E0,0.E0));
#6860=DIRECTION('',(1.E0,0.E0,0.E0));
#6861=AXIS2_PLACEMENT_3D('',#6858,#6859,#6860);
#6862=PLANE('',#6861);
#6864=ORIENTED_EDGE('',*,*,#6863,.F.);
#6866=ORIENTED_EDGE('',*,*,#6865,.T.);
#6867=ORIENTED_EDGE('',*,*,#6815,.T.);
#6869=ORIENTED_EDGE('',*,*,#6868,.F.);
#6870=EDGE_LOOP('',(#6864,#6866,#6867,#6869));
#6871=FACE_OUTER_BOUND('',#6870,.F.);
#6872=ADVANCED_FACE('',(#6871),#6862,.F.);
#6873=CARTESIAN_POINT('',(0.E0,1.590000000001E1,1.5E1));
#6874=DIRECTION('',(0.E0,0.E0,1.E0));
#6875=DIRECTION('',(1.E0,0.E0,0.E0));
#6876=AXIS2_PLACEMENT_3D('',#6873,#6874,#6875);
#6877=PLANE('',#6876);
#6878=ORIENTED_EDGE('',*,*,#6863,.T.);
#6880=ORIENTED_EDGE('',*,*,#6879,.T.);
#6882=ORIENTED_EDGE('',*,*,#6881,.T.);
#6884=ORIENTED_EDGE('',*,*,#6883,.T.);
#6886=ORIENTED_EDGE('',*,*,#6885,.T.);
#6888=ORIENTED_EDGE('',*,*,#6887,.T.);
#6890=ORIENTED_EDGE('',*,*,#6889,.T.);
#6892=ORIENTED_EDGE('',*,*,#6891,.T.);
#6894=ORIENTED_EDGE('',*,*,#6893,.T.);
#6896=ORIENTED_EDGE('',*,*,#6895,.T.);
#6898=ORIENTED_EDGE('',*,*,#6897,.T.);
#6900=ORIENTED_EDGE('',*,*,#6899,.T.);
#6902=ORIENTED_EDGE('',*,*,#6901,.T.);
#6904=ORIENTED_EDGE('',*,*,#6903,.T.);
#6906=ORIENTED_EDGE('',*,*,#6905,.T.);
#6908=ORIENTED_EDGE('',*,*,#6907,.T.);
#6910=ORIENTED_EDGE('',*,*,#6909,.T.);
#6912=ORIENTED_EDGE('',*,*,#6911,.T.);
#6914=ORIENTED_EDGE('',*,*,#6913,.T.);
#6916=ORIENTED_EDGE('',*,*,#6915,.T.);
#6917=EDGE_LOOP('',(#6878,#6880,#6882,#6884,#6886,#6888,#6890,#6892,#6894,#6896,
#6898,#6900,#6902,#6904,#6906,#6908,#6910,#6912,#6914,#6916));
#6918=FACE_OUTER_BOUND('',#6917,.F.);
#6919=ADVANCED_FACE('',(#6918),#6877,.T.);
#6920=CARTESIAN_POINT('',(1.943083499908E1,-4.079677119424E1,1.5E1));
#6921=DIRECTION('',(-2.473841035229E-1,-9.689174914946E-1,0.E0));
#6922=DIRECTION('',(9.689174914946E-1,-2.473841035229E-1,0.E0));
#6923=AXIS2_PLACEMENT_3D('',#6920,#6921,#6922);
#6924=PLANE('',#6923);
#6925=ORIENTED_EDGE('',*,*,#6879,.F.);
#6926=ORIENTED_EDGE('',*,*,#6868,.T.);
#6927=ORIENTED_EDGE('',*,*,#6853,.F.);
#6929=ORIENTED_EDGE('',*,*,#6928,.F.);
#6930=EDGE_LOOP('',(#6925,#6926,#6927,#6929));
#6931=FACE_OUTER_BOUND('',#6930,.F.);
#6932=ADVANCED_FACE('',(#6931),#6924,.F.);
#6933=CARTESIAN_POINT('',(1.98675E1,-4.090826054265E1,1.5E1));
#6934=DIRECTION('',(-5.627909312417E-1,-8.265992787996E-1,0.E0));
#6935=DIRECTION('',(8.265992787996E-1,-5.627909312417E-1,0.E0));
#6936=AXIS2_PLACEMENT_3D('',#6933,#6934,#6935);
#6937=PLANE('',#6936);
#6938=ORIENTED_EDGE('',*,*,#6881,.F.);
#6939=ORIENTED_EDGE('',*,*,#6928,.T.);
#6940=ORIENTED_EDGE('',*,*,#6851,.F.);
#6942=ORIENTED_EDGE('',*,*,#6941,.F.);
#6943=EDGE_LOOP('',(#6938,#6939,#6940,#6942));
#6944=FACE_OUTER_BOUND('',#6943,.F.);
#6945=ADVANCED_FACE('',(#6944),#6937,.F.);
#6946=CARTESIAN_POINT('',(2.0195E1,-4.113123923947E1,1.5E1));
#6947=DIRECTION('',(-8.373774452681E-1,-5.466251129945E-1,0.E0));
#6948=DIRECTION('',(5.466251129945E-1,-8.373774452681E-1,0.E0));
#6949=AXIS2_PLACEMENT_3D('',#6946,#6947,#6948);
#6950=PLANE('',#6949);
#6951=ORIENTED_EDGE('',*,*,#6883,.F.);
#6952=ORIENTED_EDGE('',*,*,#6941,.T.);
#6953=ORIENTED_EDGE('',*,*,#6849,.F.);
#6955=ORIENTED_EDGE('',*,*,#6954,.F.);
#6956=EDGE_LOOP('',(#6951,#6952,#6953,#6955));
#6957=FACE_OUTER_BOUND('',#6956,.F.);
#6958=ADVANCED_FACE('',(#6957),#6950,.F.);
#6959=CARTESIAN_POINT('',(2.041333499908E1,-4.146570759703E1,1.5E1));
#6960=DIRECTION('',(-9.713219917786E-1,-2.377679294760E-1,0.E0));
#6961=DIRECTION('',(2.377679294760E-1,-9.713219917786E-1,0.E0));
#6962=AXIS2_PLACEMENT_3D('',#6959,#6960,#6961);
#6963=PLANE('',#6962);
#6964=ORIENTED_EDGE('',*,*,#6885,.F.);
#6965=ORIENTED_EDGE('',*,*,#6954,.T.);
#6966=ORIENTED_EDGE('',*,*,#6847,.F.);
#6968=ORIENTED_EDGE('',*,*,#6967,.F.);
#6969=EDGE_LOOP('',(#6964,#6965,#6966,#6968));
#6970=FACE_OUTER_BOUND('',#6969,.F.);
#6971=ADVANCED_FACE('',(#6970),#6963,.F.);
#6972=CARTESIAN_POINT('',(2.05225E1,-4.191166499068E1,1.5E1));
#6973=DIRECTION('',(-1.E0,0.E0,0.E0));
#6974=DIRECTION('',(0.E0,-1.E0,0.E0));
#6975=AXIS2_PLACEMENT_3D('',#6972,#6973,#6974);
#6976=PLANE('',#6975);
#6977=ORIENTED_EDGE('',*,*,#6887,.F.);
#6978=ORIENTED_EDGE('',*,*,#6967,.T.);
#6979=ORIENTED_EDGE('',*,*,#6845,.T.);
#6981=ORIENTED_EDGE('',*,*,#6980,.F.);
#6982=EDGE_LOOP('',(#6977,#6978,#6979,#6981));
#6983=FACE_OUTER_BOUND('',#6982,.F.);
#6984=ADVANCED_FACE('',(#6983),#6976,.F.);
#6985=CARTESIAN_POINT('',(2.05225E1,-4.358400537302E1,1.5E1));
#6986=DIRECTION('',(-9.713219917786E-1,2.377679294760E-1,0.E0));
#6987=DIRECTION('',(-2.377679294760E-1,-9.713219917786E-1,0.E0));
#6988=AXIS2_PLACEMENT_3D('',#6985,#6986,#6987);
#6989=PLANE('',#6988);
#6990=ORIENTED_EDGE('',*,*,#6889,.F.);
#6991=ORIENTED_EDGE('',*,*,#6980,.T.);
#6992=ORIENTED_EDGE('',*,*,#6843,.F.);
#6994=ORIENTED_EDGE('',*,*,#6993,.F.);
#6995=EDGE_LOOP('',(#6990,#6991,#6992,#6994));
#6996=FACE_OUTER_BOUND('',#6995,.F.);
#6997=ADVANCED_FACE('',(#6996),#6989,.F.);
#6998=CARTESIAN_POINT('',(2.041333499908E1,-4.402996276666E1,1.5E1));
#6999=DIRECTION('',(-8.373772116227E-1,5.466254709167E-1,0.E0));
#7000=DIRECTION('',(-5.466254709167E-1,-8.373772116227E-1,0.E0));
#7001=AXIS2_PLACEMENT_3D('',#6998,#6999,#7000);
#7002=PLANE('',#7001);
#7003=ORIENTED_EDGE('',*,*,#6891,.F.);
#7004=ORIENTED_EDGE('',*,*,#6993,.T.);
#7005=ORIENTED_EDGE('',*,*,#6841,.F.);
#7007=ORIENTED_EDGE('',*,*,#7006,.F.);
#7008=EDGE_LOOP('',(#7003,#7004,#7005,#7007));
#7009=FACE_OUTER_BOUND('',#7008,.F.);
#7010=ADVANCED_FACE('',(#7009),#7002,.F.);
#7011=CARTESIAN_POINT('',(2.0195E1,-4.436443081190E1,1.5E1));
#7012=DIRECTION('',(-5.627910658975E-1,8.265991871191E-1,0.E0));
#7013=DIRECTION('',(-8.265991871191E-1,-5.627910658975E-1,0.E0));
#7014=AXIS2_PLACEMENT_3D('',#7011,#7012,#7013);
#7015=PLANE('',#7014);
#7016=ORIENTED_EDGE('',*,*,#6893,.F.);
#7017=ORIENTED_EDGE('',*,*,#7006,.T.);
#7018=ORIENTED_EDGE('',*,*,#6839,.F.);
#7020=ORIENTED_EDGE('',*,*,#7019,.F.);
#7021=EDGE_LOOP('',(#7016,#7017,#7018,#7020));
#7022=FACE_OUTER_BOUND('',#7021,.F.);
#7023=ADVANCED_FACE('',(#7022),#7015,.F.);
#7024=CARTESIAN_POINT('',(1.98675E1,-4.458740958680E1,1.5E1));
#7025=DIRECTION('',(-2.473841035229E-1,9.689174914946E-1,0.E0));
#7026=DIRECTION('',(-9.689174914946E-1,-2.473841035229E-1,0.E0));
#7027=AXIS2_PLACEMENT_3D('',#7024,#7025,#7026);
#7028=PLANE('',#7027);
#7029=ORIENTED_EDGE('',*,*,#6895,.F.);
#7030=ORIENTED_EDGE('',*,*,#7019,.T.);
#7031=ORIENTED_EDGE('',*,*,#6837,.F.);
#7033=ORIENTED_EDGE('',*,*,#7032,.F.);
#7034=EDGE_LOOP('',(#7029,#7030,#7031,#7033));
#7035=FACE_OUTER_BOUND('',#7034,.F.);
#7036=ADVANCED_FACE('',(#7035),#7028,.F.);
#7037=CARTESIAN_POINT('',(1.943083499908E1,-4.469889893522E1,1.5E1));
#7038=DIRECTION('',(0.E0,1.E0,0.E0));
#7039=DIRECTION('',(-1.E0,0.E0,0.E0));
#7040=AXIS2_PLACEMENT_3D('',#7037,#7038,#7039);
#7041=PLANE('',#7040);
#7042=ORIENTED_EDGE('',*,*,#6897,.F.);
#7043=ORIENTED_EDGE('',*,*,#7032,.T.);
#7044=ORIENTED_EDGE('',*,*,#6835,.T.);
#7046=ORIENTED_EDGE('',*,*,#7045,.F.);
#7047=EDGE_LOOP('',(#7042,#7043,#7044,#7046));
#7048=FACE_OUTER_BOUND('',#7047,.F.);
#7049=ADVANCED_FACE('',(#7048),#7041,.F.);
#7050=CARTESIAN_POINT('',(1.85575E1,-4.469889893522E1,1.5E1));
#7051=DIRECTION('',(2.473841035229E-1,9.689174914946E-1,0.E0));
#7052=DIRECTION('',(-9.689174914946E-1,2.473841035229E-1,0.E0));
#7053=AXIS2_PLACEMENT_3D('',#7050,#7051,#7052);
#7054=PLANE('',#7053);
#7055=ORIENTED_EDGE('',*,*,#6899,.F.);
#7056=ORIENTED_EDGE('',*,*,#7045,.T.);
#7057=ORIENTED_EDGE('',*,*,#6833,.F.);
#7059=ORIENTED_EDGE('',*,*,#7058,.F.);
#7060=EDGE_LOOP('',(#7055,#7056,#7057,#7059));
#7061=FACE_OUTER_BOUND('',#7060,.F.);
#7062=ADVANCED_FACE('',(#7061),#7054,.F.);
#7063=CARTESIAN_POINT('',(1.812083499908E1,-4.458740958680E1,1.5E1));
#7064=DIRECTION('',(5.627910658975E-1,8.265991871191E-1,0.E0));
#7065=DIRECTION('',(-8.265991871191E-1,5.627910658975E-1,0.E0));
#7066=AXIS2_PLACEMENT_3D('',#7063,#7064,#7065);
#7067=PLANE('',#7066);
#7068=ORIENTED_EDGE('',*,*,#6901,.F.);
#7069=ORIENTED_EDGE('',*,*,#7058,.T.);
#7070=ORIENTED_EDGE('',*,*,#6831,.F.);
#7072=ORIENTED_EDGE('',*,*,#7071,.F.);
#7073=EDGE_LOOP('',(#7068,#7069,#7070,#7072));
#7074=FACE_OUTER_BOUND('',#7073,.F.);
#7075=ADVANCED_FACE('',(#7074),#7067,.F.);
#7076=CARTESIAN_POINT('',(1.779333499908E1,-4.436443081190E1,1.5E1));
#7077=DIRECTION('',(8.373772116227E-1,5.466254709167E-1,0.E0));
#7078=DIRECTION('',(-5.466254709167E-1,8.373772116227E-1,0.E0));
#7079=AXIS2_PLACEMENT_3D('',#7076,#7077,#7078);
#7080=PLANE('',#7079);
#7081=ORIENTED_EDGE('',*,*,#6903,.F.);
#7082=ORIENTED_EDGE('',*,*,#7071,.T.);
#7083=ORIENTED_EDGE('',*,*,#6829,.F.);
#7085=ORIENTED_EDGE('',*,*,#7084,.F.);
#7086=EDGE_LOOP('',(#7081,#7082,#7083,#7085));
#7087=FACE_OUTER_BOUND('',#7086,.F.);
#7088=ADVANCED_FACE('',(#7087),#7080,.F.);
#7089=CARTESIAN_POINT('',(1.7575E1,-4.402996276666E1,1.5E1));
#7090=DIRECTION('',(9.713219917786E-1,2.377679294760E-1,0.E0));
#7091=DIRECTION('',(-2.377679294760E-1,9.713219917786E-1,0.E0));
#7092=AXIS2_PLACEMENT_3D('',#7089,#7090,#7091);
#7093=PLANE('',#7092);
#7094=ORIENTED_EDGE('',*,*,#6905,.F.);
#7095=ORIENTED_EDGE('',*,*,#7084,.T.);
#7096=ORIENTED_EDGE('',*,*,#6827,.F.);
#7098=ORIENTED_EDGE('',*,*,#7097,.F.);
#7099=EDGE_LOOP('',(#7094,#7095,#7096,#7098));
#7100=FACE_OUTER_BOUND('',#7099,.F.);
#7101=ADVANCED_FACE('',(#7100),#7093,.F.);
#7102=CARTESIAN_POINT('',(1.746583499908E1,-4.358400537302E1,1.5E1));
#7103=DIRECTION('',(1.E0,0.E0,0.E0));
#7104=DIRECTION('',(0.E0,1.E0,0.E0));
#7105=AXIS2_PLACEMENT_3D('',#7102,#7103,#7104);
#7106=PLANE('',#7105);
#7107=ORIENTED_EDGE('',*,*,#6907,.F.);
#7108=ORIENTED_EDGE('',*,*,#7097,.T.);
#7109=ORIENTED_EDGE('',*,*,#6825,.T.);
#7111=ORIENTED_EDGE('',*,*,#7110,.F.);
#7112=EDGE_LOOP('',(#7107,#7108,#7109,#7111));
#7113=FACE_OUTER_BOUND('',#7112,.F.);
#7114=ADVANCED_FACE('',(#7113),#7106,.F.);
#7115=CARTESIAN_POINT('',(1.746583499908E1,-4.191166499068E1,1.5E1));
#7116=DIRECTION('',(9.713219917786E-1,-2.377679294760E-1,0.E0));
#7117=DIRECTION('',(2.377679294760E-1,9.713219917786E-1,0.E0));
#7118=AXIS2_PLACEMENT_3D('',#7115,#7116,#7117);
#7119=PLANE('',#7118);
#7120=ORIENTED_EDGE('',*,*,#6909,.F.);
#7121=ORIENTED_EDGE('',*,*,#7110,.T.);
#7122=ORIENTED_EDGE('',*,*,#6823,.F.);
#7124=ORIENTED_EDGE('',*,*,#7123,.F.);
#7125=EDGE_LOOP('',(#7120,#7121,#7122,#7124));
#7126=FACE_OUTER_BOUND('',#7125,.F.);
#7127=ADVANCED_FACE('',(#7126),#7119,.F.);
#7128=CARTESIAN_POINT('',(1.7575E1,-4.146570759703E1,1.5E1));
#7129=DIRECTION('',(8.373774452681E-1,-5.466251129945E-1,0.E0));
#7130=DIRECTION('',(5.466251129945E-1,8.373774452681E-1,0.E0));
#7131=AXIS2_PLACEMENT_3D('',#7128,#7129,#7130);
#7132=PLANE('',#7131);
#7133=ORIENTED_EDGE('',*,*,#6911,.F.);
#7134=ORIENTED_EDGE('',*,*,#7123,.T.);
#7135=ORIENTED_EDGE('',*,*,#6821,.F.);
#7137=ORIENTED_EDGE('',*,*,#7136,.F.);
#7138=EDGE_LOOP('',(#7133,#7134,#7135,#7137));
#7139=FACE_OUTER_BOUND('',#7138,.F.);
#7140=ADVANCED_FACE('',(#7139),#7132,.F.);
#7141=CARTESIAN_POINT('',(1.779333499908E1,-4.113123923947E1,1.5E1));
#7142=DIRECTION('',(5.627909312417E-1,-8.265992787996E-1,0.E0));
#7143=DIRECTION('',(8.265992787996E-1,5.627909312417E-1,0.E0));
#7144=AXIS2_PLACEMENT_3D('',#7141,#7142,#7143);
#7145=PLANE('',#7144);
#7146=ORIENTED_EDGE('',*,*,#6913,.F.);
#7147=ORIENTED_EDGE('',*,*,#7136,.T.);
#7148=ORIENTED_EDGE('',*,*,#6819,.F.);
#7150=ORIENTED_EDGE('',*,*,#7149,.F.);
#7151=EDGE_LOOP('',(#7146,#7147,#7148,#7150));
#7152=FACE_OUTER_BOUND('',#7151,.F.);
#7153=ADVANCED_FACE('',(#7152),#7145,.F.);
#7154=CARTESIAN_POINT('',(1.812083499908E1,-4.090826054265E1,1.5E1));
#7155=DIRECTION('',(2.473841035229E-1,-9.689174914946E-1,0.E0));
#7156=DIRECTION('',(9.689174914946E-1,2.473841035229E-1,0.E0));
#7157=AXIS2_PLACEMENT_3D('',#7154,#7155,#7156);
#7158=PLANE('',#7157);
#7159=ORIENTED_EDGE('',*,*,#6915,.F.);
#7160=ORIENTED_EDGE('',*,*,#7149,.T.);
#7161=ORIENTED_EDGE('',*,*,#6817,.F.);
#7162=ORIENTED_EDGE('',*,*,#6865,.F.);
#7163=EDGE_LOOP('',(#7159,#7160,#7161,#7162));
#7164=FACE_OUTER_BOUND('',#7163,.F.);
#7165=ADVANCED_FACE('',(#7164),#7158,.F.);
#7166=CARTESIAN_POINT('',(1.222583250046E1,-4.536783510377E1,1.5E1));
#7167=DIRECTION('',(1.E0,0.E0,0.E0));
#7168=DIRECTION('',(0.E0,1.E0,0.E0));
#7169=AXIS2_PLACEMENT_3D('',#7166,#7167,#7168);
#7170=PLANE('',#7169);
#7171=ORIENTED_EDGE('',*,*,#5477,.F.);
#7173=ORIENTED_EDGE('',*,*,#7172,.T.);
#7175=ORIENTED_EDGE('',*,*,#7174,.T.);
#7177=ORIENTED_EDGE('',*,*,#7176,.F.);
#7178=EDGE_LOOP('',(#7171,#7173,#7175,#7177));
#7179=FACE_OUTER_BOUND('',#7178,.F.);
#7180=ADVANCED_FACE('',(#7179),#7170,.F.);
#7181=CARTESIAN_POINT('',(1.157083250046E1,-4.536783510377E1,1.5E1));
#7182=DIRECTION('',(0.E0,-1.E0,0.E0));
#7183=DIRECTION('',(1.E0,0.E0,0.E0));
#7184=AXIS2_PLACEMENT_3D('',#7181,#7182,#7183);
#7185=PLANE('',#7184);
#7186=ORIENTED_EDGE('',*,*,#5495,.F.);
#7188=ORIENTED_EDGE('',*,*,#7187,.T.);
#7190=ORIENTED_EDGE('',*,*,#7189,.T.);
#7191=ORIENTED_EDGE('',*,*,#7172,.F.);
#7192=EDGE_LOOP('',(#7186,#7188,#7190,#7191));
#7193=FACE_OUTER_BOUND('',#7192,.F.);
#7194=ADVANCED_FACE('',(#7193),#7185,.F.);
#7195=CARTESIAN_POINT('',(1.157083250046E1,-4.012783510377E1,1.5E1));
#7196=DIRECTION('',(-1.E0,0.E0,0.E0));
#7197=DIRECTION('',(0.E0,-1.E0,0.E0));
#7198=AXIS2_PLACEMENT_3D('',#7195,#7196,#7197);
#7199=PLANE('',#7198);
#7200=ORIENTED_EDGE('',*,*,#5493,.F.);
#7202=ORIENTED_EDGE('',*,*,#7201,.T.);
#7204=ORIENTED_EDGE('',*,*,#7203,.T.);
#7205=ORIENTED_EDGE('',*,*,#7187,.F.);
#7206=EDGE_LOOP('',(#7200,#7202,#7204,#7205));
#7207=FACE_OUTER_BOUND('',#7206,.F.);
#7208=ADVANCED_FACE('',(#7207),#7199,.F.);
#7209=CARTESIAN_POINT('',(1.255333250046E1,-4.012783510377E1,1.5E1));
#7210=DIRECTION('',(0.E0,1.E0,0.E0));
#7211=DIRECTION('',(-1.E0,0.E0,0.E0));
#7212=AXIS2_PLACEMENT_3D('',#7209,#7210,#7211);
#7213=PLANE('',#7212);
#7214=ORIENTED_EDGE('',*,*,#5491,.F.);
#7216=ORIENTED_EDGE('',*,*,#7215,.T.);
#7218=ORIENTED_EDGE('',*,*,#7217,.T.);
#7219=ORIENTED_EDGE('',*,*,#7201,.F.);
#7220=EDGE_LOOP('',(#7214,#7216,#7218,#7219));
#7221=FACE_OUTER_BOUND('',#7220,.F.);
#7222=ADVANCED_FACE('',(#7221),#7213,.F.);
#7223=CARTESIAN_POINT('',(1.52825E1,-4.458740958680E1,1.5E1));
#7224=DIRECTION('',(8.529521523991E-1,5.219891049800E-1,0.E0));
#7225=DIRECTION('',(-5.219891049800E-1,8.529521523991E-1,0.E0));
#7226=AXIS2_PLACEMENT_3D('',#7223,#7224,#7225);
#7227=PLANE('',#7226);
#7228=ORIENTED_EDGE('',*,*,#5489,.F.);
#7230=ORIENTED_EDGE('',*,*,#7229,.T.);
#7232=ORIENTED_EDGE('',*,*,#7231,.F.);
#7233=ORIENTED_EDGE('',*,*,#7215,.F.);
#7234=EDGE_LOOP('',(#7228,#7230,#7232,#7233));
#7235=FACE_OUTER_BOUND('',#7234,.F.);
#7236=ADVANCED_FACE('',(#7235),#7227,.F.);
#7237=CARTESIAN_POINT('',(1.52825E1,-4.012783510377E1,1.5E1));
#7238=DIRECTION('',(-1.E0,0.E0,0.E0));
#7239=DIRECTION('',(0.E0,-1.E0,0.E0));
#7240=AXIS2_PLACEMENT_3D('',#7237,#7238,#7239);
#7241=PLANE('',#7240);
#7242=ORIENTED_EDGE('',*,*,#5487,.F.);
#7244=ORIENTED_EDGE('',*,*,#7243,.T.);
#7246=ORIENTED_EDGE('',*,*,#7245,.T.);
#7247=ORIENTED_EDGE('',*,*,#7229,.F.);
#7248=EDGE_LOOP('',(#7242,#7244,#7246,#7247));
#7249=FACE_OUTER_BOUND('',#7248,.F.);
#7250=ADVANCED_FACE('',(#7249),#7241,.F.);
#7251=CARTESIAN_POINT('',(1.59375E1,-4.012783510377E1,1.5E1));
#7252=DIRECTION('',(0.E0,1.E0,0.E0));
#7253=DIRECTION('',(-1.E0,0.E0,0.E0));
#7254=AXIS2_PLACEMENT_3D('',#7251,#7252,#7253);
#7255=PLANE('',#7254);
#7256=ORIENTED_EDGE('',*,*,#5485,.F.);
#7258=ORIENTED_EDGE('',*,*,#7257,.T.);
#7260=ORIENTED_EDGE('',*,*,#7259,.T.);
#7261=ORIENTED_EDGE('',*,*,#7243,.F.);
#7262=EDGE_LOOP('',(#7256,#7258,#7260,#7261));
#7263=FACE_OUTER_BOUND('',#7262,.F.);
#7264=ADVANCED_FACE('',(#7263),#7255,.F.);
#7265=CARTESIAN_POINT('',(1.59375E1,-4.536783510377E1,1.5E1));
#7266=DIRECTION('',(1.E0,0.E0,0.E0));
#7267=DIRECTION('',(0.E0,1.E0,0.E0));
#7268=AXIS2_PLACEMENT_3D('',#7265,#7266,#7267);
#7269=PLANE('',#7268);
#7270=ORIENTED_EDGE('',*,*,#5483,.F.);
#7272=ORIENTED_EDGE('',*,*,#7271,.T.);
#7274=ORIENTED_EDGE('',*,*,#7273,.T.);
#7275=ORIENTED_EDGE('',*,*,#7257,.F.);
#7276=EDGE_LOOP('',(#7270,#7272,#7274,#7275));
#7277=FACE_OUTER_BOUND('',#7276,.F.);
#7278=ADVANCED_FACE('',(#7277),#7269,.F.);
#7279=CARTESIAN_POINT('',(1.4955E1,-4.536783510377E1,1.5E1));
#7280=DIRECTION('',(0.E0,-1.E0,0.E0));
#7281=DIRECTION('',(1.E0,0.E0,0.E0));
#7282=AXIS2_PLACEMENT_3D('',#7279,#7280,#7281);
#7283=PLANE('',#7282);
#7284=ORIENTED_EDGE('',*,*,#5481,.F.);
#7286=ORIENTED_EDGE('',*,*,#7285,.T.);
#7288=ORIENTED_EDGE('',*,*,#7287,.T.);
#7289=ORIENTED_EDGE('',*,*,#7271,.F.);
#7290=EDGE_LOOP('',(#7284,#7286,#7288,#7289));
#7291=FACE_OUTER_BOUND('',#7290,.F.);
#7292=ADVANCED_FACE('',(#7291),#7283,.F.);
#7293=CARTESIAN_POINT('',(1.222583250046E1,-4.079677119424E1,1.5E1));
#7294=DIRECTION('',(-8.586072164033E-1,-5.126340292453E-1,0.E0));
#7295=DIRECTION('',(5.126340292453E-1,-8.586072164033E-1,0.E0));
#7296=AXIS2_PLACEMENT_3D('',#7293,#7294,#7295);
#7297=PLANE('',#7296);
#7298=ORIENTED_EDGE('',*,*,#5479,.F.);
#7299=ORIENTED_EDGE('',*,*,#7176,.T.);
#7301=ORIENTED_EDGE('',*,*,#7300,.F.);
#7302=ORIENTED_EDGE('',*,*,#7285,.F.);
#7303=EDGE_LOOP('',(#7298,#7299,#7301,#7302));
#7304=FACE_OUTER_BOUND('',#7303,.F.);
#7305=ADVANCED_FACE('',(#7304),#7297,.F.);
#7306=CARTESIAN_POINT('',(0.E0,1.590000000001E1,1.45E1));
#7307=DIRECTION('',(0.E0,0.E0,1.E0));
#7308=DIRECTION('',(1.E0,0.E0,0.E0));
#7309=AXIS2_PLACEMENT_3D('',#7306,#7307,#7308);
#7310=PLANE('',#7309);
#7311=ORIENTED_EDGE('',*,*,#7174,.F.);
#7312=ORIENTED_EDGE('',*,*,#7189,.F.);
#7313=ORIENTED_EDGE('',*,*,#7203,.F.);
#7314=ORIENTED_EDGE('',*,*,#7217,.F.);
#7315=ORIENTED_EDGE('',*,*,#7231,.T.);
#7316=ORIENTED_EDGE('',*,*,#7245,.F.);
#7317=ORIENTED_EDGE('',*,*,#7259,.F.);
#7318=ORIENTED_EDGE('',*,*,#7273,.F.);
#7319=ORIENTED_EDGE('',*,*,#7287,.F.);
#7320=ORIENTED_EDGE('',*,*,#7300,.T.);
#7321=EDGE_LOOP('',(#7311,#7312,#7313,#7314,#7315,#7316,#7317,#7318,#7319,
#7320));
#7322=FACE_OUTER_BOUND('',#7321,.F.);
#7323=ADVANCED_FACE('',(#7322),#7310,.T.);
#7324=CARTESIAN_POINT('',(-1.81225E1,-4.012783510377E1,1.5E1));
#7325=DIRECTION('',(-2.001234283435E-1,9.797706943097E-1,0.E0));
#7326=DIRECTION('',(-9.797706943097E-1,-2.001234283435E-1,0.E0));
#7327=AXIS2_PLACEMENT_3D('',#7324,#7325,#7326);
#7328=PLANE('',#7327);
#7329=ORIENTED_EDGE('',*,*,#5499,.F.);
#7331=ORIENTED_EDGE('',*,*,#7330,.T.);
#7333=ORIENTED_EDGE('',*,*,#7332,.F.);
#7335=ORIENTED_EDGE('',*,*,#7334,.F.);
#7336=EDGE_LOOP('',(#7329,#7331,#7333,#7335));
#7337=FACE_OUTER_BOUND('',#7336,.F.);
#7338=ADVANCED_FACE('',(#7337),#7328,.F.);
#7339=CARTESIAN_POINT('',(-1.724916687489E1,-4.012783510377E1,1.5E1));
#7340=DIRECTION('',(0.E0,1.E0,0.E0));
#7341=DIRECTION('',(-1.E0,0.E0,0.E0));
#7342=AXIS2_PLACEMENT_3D('',#7339,#7340,#7341);
#7343=PLANE('',#7342);
#7344=ORIENTED_EDGE('',*,*,#5545,.F.);
#7346=ORIENTED_EDGE('',*,*,#7345,.T.);
#7348=ORIENTED_EDGE('',*,*,#7347,.T.);
#7349=ORIENTED_EDGE('',*,*,#7330,.F.);
#7350=EDGE_LOOP('',(#7344,#7346,#7348,#7349));
#7351=FACE_OUTER_BOUND('',#7350,.F.);
#7352=ADVANCED_FACE('',(#7351),#7343,.F.);
#7353=CARTESIAN_POINT('',(-1.670333312511E1,-4.023932445218E1,1.5E1));
#7354=DIRECTION('',(2.001232084928E-1,9.797707392153E-1,0.E0));
#7355=DIRECTION('',(-9.797707392153E-1,2.001232084928E-1,0.E0));
#7356=AXIS2_PLACEMENT_3D('',#7353,#7354,#7355);
#7357=PLANE('',#7356);
#7358=ORIENTED_EDGE('',*,*,#5543,.F.);
#7360=ORIENTED_EDGE('',*,*,#7359,.T.);
#7362=ORIENTED_EDGE('',*,*,#7361,.F.);
#7363=ORIENTED_EDGE('',*,*,#7345,.F.);
#7364=EDGE_LOOP('',(#7358,#7360,#7362,#7363));
#7365=FACE_OUTER_BOUND('',#7364,.F.);
#7366=ADVANCED_FACE('',(#7365),#7357,.F.);
#7367=CARTESIAN_POINT('',(-1.626666687489E1,-4.046230314900E1,1.5E1));
#7368=DIRECTION('',(4.547774575564E-1,8.906051112017E-1,0.E0));
#7369=DIRECTION('',(-8.906051112017E-1,4.547774575564E-1,0.E0));
#7370=AXIS2_PLACEMENT_3D('',#7367,#7368,#7369);
#7371=PLANE('',#7370);
#7372=ORIENTED_EDGE('',*,*,#5541,.F.);
#7374=ORIENTED_EDGE('',*,*,#7373,.T.);
#7376=ORIENTED_EDGE('',*,*,#7375,.F.);
#7377=ORIENTED_EDGE('',*,*,#7359,.F.);
#7378=EDGE_LOOP('',(#7372,#7374,#7376,#7377));
#7379=FACE_OUTER_BOUND('',#7378,.F.);
#7380=ADVANCED_FACE('',(#7379),#7371,.F.);
#7381=CARTESIAN_POINT('',(-1.583E1,-4.090826054265E1,1.5E1));
#7382=DIRECTION('',(7.145102180353E-1,6.996250055017E-1,0.E0));
#7383=DIRECTION('',(-6.996250055017E-1,7.145102180353E-1,0.E0));
#7384=AXIS2_PLACEMENT_3D('',#7381,#7382,#7383);
#7385=PLANE('',#7384);
#7386=ORIENTED_EDGE('',*,*,#5539,.F.);
#7388=ORIENTED_EDGE('',*,*,#7387,.T.);
#7390=ORIENTED_EDGE('',*,*,#7389,.F.);
#7391=ORIENTED_EDGE('',*,*,#7373,.F.);
#7392=EDGE_LOOP('',(#7386,#7388,#7390,#7391));
#7393=FACE_OUTER_BOUND('',#7392,.F.);
#7394=ADVANCED_FACE('',(#7393),#7385,.F.);
#7395=CARTESIAN_POINT('',(-1.561166687489E1,-4.135421793629E1,1.5E1));
#7396=DIRECTION('',(8.981382627794E-1,4.397131575602E-1,0.E0));
#7397=DIRECTION('',(-4.397131575602E-1,8.981382627794E-1,0.E0));
#7398=AXIS2_PLACEMENT_3D('',#7395,#7396,#7397);
#7399=PLANE('',#7398);
#7400=ORIENTED_EDGE('',*,*,#5537,.F.);
#7402=ORIENTED_EDGE('',*,*,#7401,.T.);
#7404=ORIENTED_EDGE('',*,*,#7403,.F.);
#7405=ORIENTED_EDGE('',*,*,#7387,.F.);
#7406=EDGE_LOOP('',(#7400,#7402,#7404,#7405));
#7407=FACE_OUTER_BOUND('',#7406,.F.);
#7408=ADVANCED_FACE('',(#7407),#7399,.F.);
#7409=CARTESIAN_POINT('',(-1.55025E1,-4.191166499068E1,1.5E1));
#7410=DIRECTION('',(9.813590856678E-1,1.921831027359E-1,0.E0));
#7411=DIRECTION('',(-1.921831027359E-1,9.813590856678E-1,0.E0));
#7412=AXIS2_PLACEMENT_3D('',#7409,#7410,#7411);
#7413=PLANE('',#7412);
#7414=ORIENTED_EDGE('',*,*,#5535,.F.);
#7416=ORIENTED_EDGE('',*,*,#7415,.T.);
#7418=ORIENTED_EDGE('',*,*,#7417,.F.);
#7419=ORIENTED_EDGE('',*,*,#7401,.F.);
#7420=EDGE_LOOP('',(#7414,#7416,#7418,#7419));
#7421=FACE_OUTER_BOUND('',#7420,.F.);
#7422=ADVANCED_FACE('',(#7421),#7413,.F.);
#7423=CARTESIAN_POINT('',(-1.55025E1,-4.358400537302E1,1.5E1));
#7424=DIRECTION('',(1.E0,0.E0,0.E0));
#7425=DIRECTION('',(0.E0,1.E0,0.E0));
#7426=AXIS2_PLACEMENT_3D('',#7423,#7424,#7425);
#7427=PLANE('',#7426);
#7428=ORIENTED_EDGE('',*,*,#5533,.F.);
#7430=ORIENTED_EDGE('',*,*,#7429,.T.);
#7432=ORIENTED_EDGE('',*,*,#7431,.T.);
#7433=ORIENTED_EDGE('',*,*,#7415,.F.);
#7434=EDGE_LOOP('',(#7428,#7430,#7432,#7433));
#7435=FACE_OUTER_BOUND('',#7434,.F.);
#7436=ADVANCED_FACE('',(#7435),#7427,.F.);
#7437=CARTESIAN_POINT('',(-1.561166687489E1,-4.414145211508E1,1.5E1));
#7438=DIRECTION('',(9.813590653599E-1,-1.921832064360E-1,0.E0));
#7439=DIRECTION('',(1.921832064360E-1,9.813590653599E-1,0.E0));
#7440=AXIS2_PLACEMENT_3D('',#7437,#7438,#7439);
#7441=PLANE('',#7440);
#7442=ORIENTED_EDGE('',*,*,#5531,.F.);
#7444=ORIENTED_EDGE('',*,*,#7443,.T.);
#7446=ORIENTED_EDGE('',*,*,#7445,.F.);
#7447=ORIENTED_EDGE('',*,*,#7429,.F.);
#7448=EDGE_LOOP('',(#7442,#7444,#7446,#7447));
#7449=FACE_OUTER_BOUND('',#7448,.F.);
#7450=ADVANCED_FACE('',(#7449),#7441,.F.);
#7451=CARTESIAN_POINT('',(-1.583E1,-4.458740958680E1,1.5E1));
#7452=DIRECTION('',(8.981382931841E-1,-4.397130954570E-1,0.E0));
#7453=DIRECTION('',(4.397130954570E-1,8.981382931841E-1,0.E0));
#7454=AXIS2_PLACEMENT_3D('',#7451,#7452,#7453);
#7455=PLANE('',#7454);
#7456=ORIENTED_EDGE('',*,*,#5529,.F.);
#7458=ORIENTED_EDGE('',*,*,#7457,.T.);
#7460=ORIENTED_EDGE('',*,*,#7459,.F.);
#7461=ORIENTED_EDGE('',*,*,#7443,.F.);
#7462=EDGE_LOOP('',(#7456,#7458,#7460,#7461));
#7463=FACE_OUTER_BOUND('',#7462,.F.);
#7464=ADVANCED_FACE('',(#7463),#7455,.F.);
#7465=CARTESIAN_POINT('',(-1.626666687489E1,-4.503336701949E1,1.5E1));
#7466=DIRECTION('',(7.145102486526E-1,-6.996249742329E-1,0.E0));
#7467=DIRECTION('',(6.996249742329E-1,7.145102486526E-1,0.E0));
#7468=AXIS2_PLACEMENT_3D('',#7465,#7466,#7467);
#7469=PLANE('',#7468);
#7470=ORIENTED_EDGE('',*,*,#5527,.F.);
#7472=ORIENTED_EDGE('',*,*,#7471,.T.);
#7474=ORIENTED_EDGE('',*,*,#7473,.F.);
#7475=ORIENTED_EDGE('',*,*,#7457,.F.);
#7476=EDGE_LOOP('',(#7470,#7472,#7474,#7475));
#7477=FACE_OUTER_BOUND('',#7476,.F.);
#7478=ADVANCED_FACE('',(#7477),#7469,.F.);
#7479=CARTESIAN_POINT('',(-1.670333312511E1,-4.525634574560E1,1.5E1));
#7480=DIRECTION('',(4.547775049247E-1,-8.906050870136E-1,0.E0));
#7481=DIRECTION('',(8.906050870136E-1,4.547775049247E-1,0.E0));
#7482=AXIS2_PLACEMENT_3D('',#7479,#7480,#7481);
#7483=PLANE('',#7482);
#7484=ORIENTED_EDGE('',*,*,#5525,.F.);
#7486=ORIENTED_EDGE('',*,*,#7485,.T.);
#7488=ORIENTED_EDGE('',*,*,#7487,.F.);
#7489=ORIENTED_EDGE('',*,*,#7471,.F.);
#7490=EDGE_LOOP('',(#7484,#7486,#7488,#7489));
#7491=FACE_OUTER_BOUND('',#7490,.F.);
#7492=ADVANCED_FACE('',(#7491),#7483,.F.);
#7493=CARTESIAN_POINT('',(-1.724916687489E1,-4.536783510377E1,1.5E1));
#7494=DIRECTION('',(2.001232253108E-1,-9.797707357802E-1,0.E0));
#7495=DIRECTION('',(9.797707357802E-1,2.001232253108E-1,0.E0));
#7496=AXIS2_PLACEMENT_3D('',#7493,#7494,#7495);
#7497=PLANE('',#7496);
#7498=ORIENTED_EDGE('',*,*,#5523,.F.);
#7500=ORIENTED_EDGE('',*,*,#7499,.T.);
#7502=ORIENTED_EDGE('',*,*,#7501,.F.);
#7503=ORIENTED_EDGE('',*,*,#7485,.F.);
#7504=EDGE_LOOP('',(#7498,#7500,#7502,#7503));
#7505=FACE_OUTER_BOUND('',#7504,.F.);
#7506=ADVANCED_FACE('',(#7505),#7497,.F.);
#7507=CARTESIAN_POINT('',(-1.81225E1,-4.536783510377E1,1.5E1));
#7508=DIRECTION('',(0.E0,-1.E0,0.E0));
#7509=DIRECTION('',(1.E0,0.E0,0.E0));
#7510=AXIS2_PLACEMENT_3D('',#7507,#7508,#7509);
#7511=PLANE('',#7510);
#7512=ORIENTED_EDGE('',*,*,#5521,.F.);
#7514=ORIENTED_EDGE('',*,*,#7513,.T.);
#7516=ORIENTED_EDGE('',*,*,#7515,.T.);
#7517=ORIENTED_EDGE('',*,*,#7499,.F.);
#7518=EDGE_LOOP('',(#7512,#7514,#7516,#7517));
#7519=FACE_OUTER_BOUND('',#7518,.F.);
#7520=ADVANCED_FACE('',(#7519),#7511,.F.);
#7521=CARTESIAN_POINT('',(-1.866833312511E1,-4.525634574560E1,1.5E1));
#7522=DIRECTION('',(-2.001234451615E-1,-9.797706908745E-1,0.E0));
#7523=DIRECTION('',(9.797706908745E-1,-2.001234451615E-1,0.E0));
#7524=AXIS2_PLACEMENT_3D('',#7521,#7522,#7523);
#7525=PLANE('',#7524);
#7526=ORIENTED_EDGE('',*,*,#5519,.F.);
#7528=ORIENTED_EDGE('',*,*,#7527,.T.);
#7530=ORIENTED_EDGE('',*,*,#7529,.F.);
#7531=ORIENTED_EDGE('',*,*,#7513,.F.);
#7532=EDGE_LOOP('',(#7526,#7528,#7530,#7531));
#7533=FACE_OUTER_BOUND('',#7532,.F.);
#7534=ADVANCED_FACE('',(#7533),#7525,.F.);
#7535=CARTESIAN_POINT('',(-1.9105E1,-4.503336701949E1,1.5E1));
#7536=DIRECTION('',(-4.547769889117E-1,-8.906053505096E-1,0.E0));
#7537=DIRECTION('',(8.906053505096E-1,-4.547769889117E-1,0.E0));
#7538=AXIS2_PLACEMENT_3D('',#7535,#7536,#7537);
#7539=PLANE('',#7538);
#7540=ORIENTED_EDGE('',*,*,#5517,.F.);
#7542=ORIENTED_EDGE('',*,*,#7541,.T.);
#7544=ORIENTED_EDGE('',*,*,#7543,.F.);
#7545=ORIENTED_EDGE('',*,*,#7527,.F.);
#7546=EDGE_LOOP('',(#7540,#7542,#7544,#7545));
#7547=FACE_OUTER_BOUND('',#7546,.F.);
#7548=ADVANCED_FACE('',(#7547),#7539,.F.);
#7549=CARTESIAN_POINT('',(-1.954166687489E1,-4.458740958680E1,1.5E1));
#7550=DIRECTION('',(-7.145102486526E-1,-6.996249742329E-1,0.E0));
#7551=DIRECTION('',(6.996249742329E-1,-7.145102486526E-1,0.E0));
#7552=AXIS2_PLACEMENT_3D('',#7549,#7550,#7551);
#7553=PLANE('',#7552);
#7554=ORIENTED_EDGE('',*,*,#5515,.F.);
#7556=ORIENTED_EDGE('',*,*,#7555,.T.);
#7558=ORIENTED_EDGE('',*,*,#7557,.F.);
#7559=ORIENTED_EDGE('',*,*,#7541,.F.);
#7560=EDGE_LOOP('',(#7554,#7556,#7558,#7559));
#7561=FACE_OUTER_BOUND('',#7560,.F.);
#7562=ADVANCED_FACE('',(#7561),#7553,.F.);
#7563=CARTESIAN_POINT('',(-1.976E1,-4.414145211508E1,1.5E1));
#7564=DIRECTION('',(-8.981382931841E-1,-4.397130954570E-1,0.E0));
#7565=DIRECTION('',(4.397130954570E-1,-8.981382931841E-1,0.E0));
#7566=AXIS2_PLACEMENT_3D('',#7563,#7564,#7565);
#7567=PLANE('',#7566);
#7568=ORIENTED_EDGE('',*,*,#5513,.F.);
#7570=ORIENTED_EDGE('',*,*,#7569,.T.);
#7572=ORIENTED_EDGE('',*,*,#7571,.F.);
#7573=ORIENTED_EDGE('',*,*,#7555,.F.);
#7574=EDGE_LOOP('',(#7568,#7570,#7572,#7573));
#7575=FACE_OUTER_BOUND('',#7574,.F.);
#7576=ADVANCED_FACE('',(#7575),#7567,.F.);
#7577=CARTESIAN_POINT('',(-1.986916656256E1,-4.358400537302E1,1.5E1));
#7578=DIRECTION('',(-9.813591690599E-1,-1.921826769043E-1,0.E0));
#7579=DIRECTION('',(1.921826769043E-1,-9.813591690599E-1,0.E0));
#7580=AXIS2_PLACEMENT_3D('',#7577,#7578,#7579);
#7581=PLANE('',#7580);
#7582=ORIENTED_EDGE('',*,*,#5511,.F.);
#7584=ORIENTED_EDGE('',*,*,#7583,.T.);
#7586=ORIENTED_EDGE('',*,*,#7585,.F.);
#7587=ORIENTED_EDGE('',*,*,#7569,.F.);
#7588=EDGE_LOOP('',(#7582,#7584,#7586,#7587));
#7589=FACE_OUTER_BOUND('',#7588,.F.);
#7590=ADVANCED_FACE('',(#7589),#7581,.F.);
#7591=CARTESIAN_POINT('',(-1.986916656256E1,-4.191166499068E1,1.5E1));
#7592=DIRECTION('',(-1.E0,0.E0,0.E0));
#7593=DIRECTION('',(0.E0,-1.E0,0.E0));
#7594=AXIS2_PLACEMENT_3D('',#7591,#7592,#7593);
#7595=PLANE('',#7594);
#7596=ORIENTED_EDGE('',*,*,#5509,.F.);
#7598=ORIENTED_EDGE('',*,*,#7597,.T.);
#7600=ORIENTED_EDGE('',*,*,#7599,.T.);
#7601=ORIENTED_EDGE('',*,*,#7583,.F.);
#7602=EDGE_LOOP('',(#7596,#7598,#7600,#7601));
#7603=FACE_OUTER_BOUND('',#7602,.F.);
#7604=ADVANCED_FACE('',(#7603),#7595,.F.);
#7605=CARTESIAN_POINT('',(-1.976E1,-4.135421793629E1,1.5E1));
#7606=DIRECTION('',(-9.813591893677E-1,1.921825732045E-1,0.E0));
#7607=DIRECTION('',(-1.921825732045E-1,-9.813591893677E-1,0.E0));
#7608=AXIS2_PLACEMENT_3D('',#7605,#7606,#7607);
#7609=PLANE('',#7608);
#7610=ORIENTED_EDGE('',*,*,#5507,.F.);
#7612=ORIENTED_EDGE('',*,*,#7611,.T.);
#7614=ORIENTED_EDGE('',*,*,#7613,.F.);
#7615=ORIENTED_EDGE('',*,*,#7597,.F.);
#7616=EDGE_LOOP('',(#7610,#7612,#7614,#7615));
#7617=FACE_OUTER_BOUND('',#7616,.F.);
#7618=ADVANCED_FACE('',(#7617),#7609,.F.);
#7619=CARTESIAN_POINT('',(-1.954166687489E1,-4.090826054265E1,1.5E1));
#7620=DIRECTION('',(-8.981382627794E-1,4.397131575602E-1,0.E0));
#7621=DIRECTION('',(-4.397131575602E-1,-8.981382627794E-1,0.E0));
#7622=AXIS2_PLACEMENT_3D('',#7619,#7620,#7621);
#7623=PLANE('',#7622);
#7624=ORIENTED_EDGE('',*,*,#5505,.F.);
#7626=ORIENTED_EDGE('',*,*,#7625,.T.);
#7628=ORIENTED_EDGE('',*,*,#7627,.F.);
#7629=ORIENTED_EDGE('',*,*,#7611,.F.);
#7630=EDGE_LOOP('',(#7624,#7626,#7628,#7629));
#7631=FACE_OUTER_BOUND('',#7630,.F.);
#7632=ADVANCED_FACE('',(#7631),#7623,.F.);
#7633=CARTESIAN_POINT('',(-1.9105E1,-4.046230314900E1,1.5E1));
#7634=DIRECTION('',(-7.145102180353E-1,6.996250055017E-1,0.E0));
#7635=DIRECTION('',(-6.996250055017E-1,-7.145102180353E-1,0.E0));
#7636=AXIS2_PLACEMENT_3D('',#7633,#7634,#7635);
#7637=PLANE('',#7636);
#7638=ORIENTED_EDGE('',*,*,#5503,.F.);
#7640=ORIENTED_EDGE('',*,*,#7639,.T.);
#7642=ORIENTED_EDGE('',*,*,#7641,.F.);
#7643=ORIENTED_EDGE('',*,*,#7625,.F.);
#7644=EDGE_LOOP('',(#7638,#7640,#7642,#7643));
#7645=FACE_OUTER_BOUND('',#7644,.F.);
#7646=ADVANCED_FACE('',(#7645),#7637,.F.);
#7647=CARTESIAN_POINT('',(-1.866833312511E1,-4.023932445218E1,1.5E1));
#7648=DIRECTION('',(-4.547769415434E-1,8.906053746977E-1,0.E0));
#7649=DIRECTION('',(-8.906053746977E-1,-4.547769415434E-1,0.E0));
#7650=AXIS2_PLACEMENT_3D('',#7647,#7648,#7649);
#7651=PLANE('',#7650);
#7652=ORIENTED_EDGE('',*,*,#5501,.F.);
#7653=ORIENTED_EDGE('',*,*,#7334,.T.);
#7655=ORIENTED_EDGE('',*,*,#7654,.F.);
#7656=ORIENTED_EDGE('',*,*,#7639,.F.);
#7657=EDGE_LOOP('',(#7652,#7653,#7655,#7656));
#7658=FACE_OUTER_BOUND('',#7657,.F.);
#7659=ADVANCED_FACE('',(#7658),#7651,.F.);
#7660=CARTESIAN_POINT('',(0.E0,1.590000000001E1,1.45E1));
#7661=DIRECTION('',(0.E0,0.E0,1.E0));
#7662=DIRECTION('',(1.E0,0.E0,0.E0));
#7663=AXIS2_PLACEMENT_3D('',#7660,#7661,#7662);
#7664=PLANE('',#7663);
#7665=ORIENTED_EDGE('',*,*,#7332,.T.);
#7666=ORIENTED_EDGE('',*,*,#7347,.F.);
#7667=ORIENTED_EDGE('',*,*,#7361,.T.);
#7668=ORIENTED_EDGE('',*,*,#7375,.T.);
#7669=ORIENTED_EDGE('',*,*,#7389,.T.);
#7670=ORIENTED_EDGE('',*,*,#7403,.T.);
#7671=ORIENTED_EDGE('',*,*,#7417,.T.);
#7672=ORIENTED_EDGE('',*,*,#7431,.F.);
#7673=ORIENTED_EDGE('',*,*,#7445,.T.);
#7674=ORIENTED_EDGE('',*,*,#7459,.T.);
#7675=ORIENTED_EDGE('',*,*,#7473,.T.);
#7676=ORIENTED_EDGE('',*,*,#7487,.T.);
#7677=ORIENTED_EDGE('',*,*,#7501,.T.);
#7678=ORIENTED_EDGE('',*,*,#7515,.F.);
#7679=ORIENTED_EDGE('',*,*,#7529,.T.);
#7680=ORIENTED_EDGE('',*,*,#7543,.T.);
#7681=ORIENTED_EDGE('',*,*,#7557,.T.);
#7682=ORIENTED_EDGE('',*,*,#7571,.T.);
#7683=ORIENTED_EDGE('',*,*,#7585,.T.);
#7684=ORIENTED_EDGE('',*,*,#7599,.F.);
#7685=ORIENTED_EDGE('',*,*,#7613,.T.);
#7686=ORIENTED_EDGE('',*,*,#7627,.T.);
#7687=ORIENTED_EDGE('',*,*,#7641,.T.);
#7688=ORIENTED_EDGE('',*,*,#7654,.T.);
#7689=EDGE_LOOP('',(#7665,#7666,#7667,#7668,#7669,#7670,#7671,#7672,#7673,#7674,
#7675,#7676,#7677,#7678,#7679,#7680,#7681,#7682,#7683,#7684,#7685,#7686,#7687,
#7688));
#7690=FACE_OUTER_BOUND('',#7689,.F.);
#7692=ORIENTED_EDGE('',*,*,#7691,.F.);
#7694=ORIENTED_EDGE('',*,*,#7693,.T.);
#7696=ORIENTED_EDGE('',*,*,#7695,.T.);
#7698=ORIENTED_EDGE('',*,*,#7697,.T.);
#7700=ORIENTED_EDGE('',*,*,#7699,.T.);
#7702=ORIENTED_EDGE('',*,*,#7701,.F.);
#7704=ORIENTED_EDGE('',*,*,#7703,.T.);
#7706=ORIENTED_EDGE('',*,*,#7705,.T.);
#7708=ORIENTED_EDGE('',*,*,#7707,.T.);
#7710=ORIENTED_EDGE('',*,*,#7709,.T.);
#7712=ORIENTED_EDGE('',*,*,#7711,.F.);
#7714=ORIENTED_EDGE('',*,*,#7713,.T.);
#7716=ORIENTED_EDGE('',*,*,#7715,.T.);
#7718=ORIENTED_EDGE('',*,*,#7717,.T.);
#7720=ORIENTED_EDGE('',*,*,#7719,.T.);
#7722=ORIENTED_EDGE('',*,*,#7721,.F.);
#7724=ORIENTED_EDGE('',*,*,#7723,.T.);
#7726=ORIENTED_EDGE('',*,*,#7725,.T.);
#7728=ORIENTED_EDGE('',*,*,#7727,.T.);
#7730=ORIENTED_EDGE('',*,*,#7729,.T.);
#7731=EDGE_LOOP('',(#7692,#7694,#7696,#7698,#7700,#7702,#7704,#7706,#7708,#7710,
#7712,#7714,#7716,#7718,#7720,#7722,#7724,#7726,#7728,#7730));
#7732=FACE_BOUND('',#7731,.F.);
#7733=ADVANCED_FACE('',(#7690,#7732),#7664,.T.);
#7734=CARTESIAN_POINT('',(-1.81225E1,-4.079677119424E1,1.5E1));
#7735=DIRECTION('',(0.E0,-1.E0,0.E0));
#7736=DIRECTION('',(1.E0,0.E0,0.E0));
#7737=AXIS2_PLACEMENT_3D('',#7734,#7735,#7736);
#7738=PLANE('',#7737);
#7740=ORIENTED_EDGE('',*,*,#7739,.F.);
#7742=ORIENTED_EDGE('',*,*,#7741,.T.);
#7743=ORIENTED_EDGE('',*,*,#7691,.T.);
#7745=ORIENTED_EDGE('',*,*,#7744,.F.);
#7746=EDGE_LOOP('',(#7740,#7742,#7743,#7745));
#7747=FACE_OUTER_BOUND('',#7746,.F.);
#7748=ADVANCED_FACE('',(#7747),#7738,.F.);
#7749=CARTESIAN_POINT('',(0.E0,1.590000000001E1,1.5E1));
#7750=DIRECTION('',(0.E0,0.E0,1.E0));
#7751=DIRECTION('',(1.E0,0.E0,0.E0));
#7752=AXIS2_PLACEMENT_3D('',#7749,#7750,#7751);
#7753=PLANE('',#7752);
#7754=ORIENTED_EDGE('',*,*,#7739,.T.);
#7756=ORIENTED_EDGE('',*,*,#7755,.T.);
#7758=ORIENTED_EDGE('',*,*,#7757,.T.);
#7760=ORIENTED_EDGE('',*,*,#7759,.T.);
#7762=ORIENTED_EDGE('',*,*,#7761,.T.);
#7764=ORIENTED_EDGE('',*,*,#7763,.T.);
#7766=ORIENTED_EDGE('',*,*,#7765,.T.);
#7768=ORIENTED_EDGE('',*,*,#7767,.T.);
#7770=ORIENTED_EDGE('',*,*,#7769,.T.);
#7772=ORIENTED_EDGE('',*,*,#7771,.T.);
#7774=ORIENTED_EDGE('',*,*,#7773,.T.);
#7776=ORIENTED_EDGE('',*,*,#7775,.T.);
#7778=ORIENTED_EDGE('',*,*,#7777,.T.);
#7780=ORIENTED_EDGE('',*,*,#7779,.T.);
#7782=ORIENTED_EDGE('',*,*,#7781,.T.);
#7784=ORIENTED_EDGE('',*,*,#7783,.T.);
#7786=ORIENTED_EDGE('',*,*,#7785,.T.);
#7788=ORIENTED_EDGE('',*,*,#7787,.T.);
#7790=ORIENTED_EDGE('',*,*,#7789,.T.);
#7792=ORIENTED_EDGE('',*,*,#7791,.T.);
#7793=EDGE_LOOP('',(#7754,#7756,#7758,#7760,#7762,#7764,#7766,#7768,#7770,#7772,
#7774,#7776,#7778,#7780,#7782,#7784,#7786,#7788,#7790,#7792));
#7794=FACE_OUTER_BOUND('',#7793,.F.);
#7795=ADVANCED_FACE('',(#7794),#7753,.T.);
#7796=CARTESIAN_POINT('',(-1.724916687489E1,-4.079677119424E1,1.5E1));
#7797=DIRECTION('',(-2.473831068378E-1,-9.689177459678E-1,0.E0));
#7798=DIRECTION('',(9.689177459678E-1,-2.473831068378E-1,0.E0));
#7799=AXIS2_PLACEMENT_3D('',#7796,#7797,#7798);
#7800=PLANE('',#7799);
#7801=ORIENTED_EDGE('',*,*,#7755,.F.);
#7802=ORIENTED_EDGE('',*,*,#7744,.T.);
#7803=ORIENTED_EDGE('',*,*,#7729,.F.);
#7805=ORIENTED_EDGE('',*,*,#7804,.F.);
#7806=EDGE_LOOP('',(#7801,#7802,#7803,#7805));
#7807=FACE_OUTER_BOUND('',#7806,.F.);
#7808=ADVANCED_FACE('',(#7807),#7800,.F.);
#7809=CARTESIAN_POINT('',(-1.68125E1,-4.090826054265E1,1.5E1));
#7810=DIRECTION('',(-5.627909312417E-1,-8.265992787996E-1,0.E0));
#7811=DIRECTION('',(8.265992787996E-1,-5.627909312417E-1,0.E0));
#7812=AXIS2_PLACEMENT_3D('',#7809,#7810,#7811);
#7813=PLANE('',#7812);
#7814=ORIENTED_EDGE('',*,*,#7757,.F.);
#7815=ORIENTED_EDGE('',*,*,#7804,.T.);
#7816=ORIENTED_EDGE('',*,*,#7727,.F.);
#7818=ORIENTED_EDGE('',*,*,#7817,.F.);
#7819=EDGE_LOOP('',(#7814,#7815,#7816,#7818));
#7820=FACE_OUTER_BOUND('',#7819,.F.);
#7821=ADVANCED_FACE('',(#7820),#7813,.F.);
#7822=CARTESIAN_POINT('',(-1.6485E1,-4.113123923947E1,1.5E1));
#7823=DIRECTION('',(-8.373795927994E-1,-5.466218231676E-1,0.E0));
#7824=DIRECTION('',(5.466218231676E-1,-8.373795927994E-1,0.E0));
#7825=AXIS2_PLACEMENT_3D('',#7822,#7823,#7824);
#7826=PLANE('',#7825);
#7827=ORIENTED_EDGE('',*,*,#7759,.F.);
#7828=ORIENTED_EDGE('',*,*,#7817,.T.);
#7829=ORIENTED_EDGE('',*,*,#7725,.F.);
#7831=ORIENTED_EDGE('',*,*,#7830,.F.);
#7832=EDGE_LOOP('',(#7827,#7828,#7829,#7831));
#7833=FACE_OUTER_BOUND('',#7832,.F.);
#7834=ADVANCED_FACE('',(#7833),#7826,.F.);
#7835=CARTESIAN_POINT('',(-1.626666687489E1,-4.146570759703E1,1.5E1));
#7836=DIRECTION('',(-9.713210491251E-1,-2.377717803411E-1,0.E0));
#7837=DIRECTION('',(2.377717803411E-1,-9.713210491251E-1,0.E0));
#7838=AXIS2_PLACEMENT_3D('',#7835,#7836,#7837);
#7839=PLANE('',#7838);
#7840=ORIENTED_EDGE('',*,*,#7761,.F.);
#7841=ORIENTED_EDGE('',*,*,#7830,.T.);
#7842=ORIENTED_EDGE('',*,*,#7723,.F.);
#7844=ORIENTED_EDGE('',*,*,#7843,.F.);
#7845=EDGE_LOOP('',(#7840,#7841,#7842,#7844));
#7846=FACE_OUTER_BOUND('',#7845,.F.);
#7847=ADVANCED_FACE('',(#7846),#7839,.F.);
#7848=CARTESIAN_POINT('',(-1.61575E1,-4.191166499068E1,1.5E1));
#7849=DIRECTION('',(-1.E0,0.E0,0.E0));
#7850=DIRECTION('',(0.E0,-1.E0,0.E0));
#7851=AXIS2_PLACEMENT_3D('',#7848,#7849,#7850);
#7852=PLANE('',#7851);
#7853=ORIENTED_EDGE('',*,*,#7763,.F.);
#7854=ORIENTED_EDGE('',*,*,#7843,.T.);
#7855=ORIENTED_EDGE('',*,*,#7721,.T.);
#7857=ORIENTED_EDGE('',*,*,#7856,.F.);
#7858=EDGE_LOOP('',(#7853,#7854,#7855,#7857));
#7859=FACE_OUTER_BOUND('',#7858,.F.);
#7860=ADVANCED_FACE('',(#7859),#7852,.F.);
#7861=CARTESIAN_POINT('',(-1.61575E1,-4.358400537302E1,1.5E1));
#7862=DIRECTION('',(-9.713210491251E-1,2.377717803411E-1,0.E0));
#7863=DIRECTION('',(-2.377717803411E-1,-9.713210491251E-1,0.E0));
#7864=AXIS2_PLACEMENT_3D('',#7861,#7862,#7863);
#7865=PLANE('',#7864);
#7866=ORIENTED_EDGE('',*,*,#7765,.F.);
#7867=ORIENTED_EDGE('',*,*,#7856,.T.);
#7868=ORIENTED_EDGE('',*,*,#7719,.F.);
#7870=ORIENTED_EDGE('',*,*,#7869,.F.);
#7871=EDGE_LOOP('',(#7866,#7867,#7868,#7870));
#7872=FACE_OUTER_BOUND('',#7871,.F.);
#7873=ADVANCED_FACE('',(#7872),#7865,.F.);
#7874=CARTESIAN_POINT('',(-1.626666687489E1,-4.402996276666E1,1.5E1));
#7875=DIRECTION('',(-8.373793591563E-1,5.466221810895E-1,0.E0));
#7876=DIRECTION('',(-5.466221810895E-1,-8.373793591563E-1,0.E0));
#7877=AXIS2_PLACEMENT_3D('',#7874,#7875,#7876);
#7878=PLANE('',#7877);
#7879=ORIENTED_EDGE('',*,*,#7767,.F.);
#7880=ORIENTED_EDGE('',*,*,#7869,.T.);
#7881=ORIENTED_EDGE('',*,*,#7717,.F.);
#7883=ORIENTED_EDGE('',*,*,#7882,.F.);
#7884=EDGE_LOOP('',(#7879,#7880,#7881,#7883));
#7885=FACE_OUTER_BOUND('',#7884,.F.);
#7886=ADVANCED_FACE('',(#7885),#7878,.F.);
#7887=CARTESIAN_POINT('',(-1.6485E1,-4.436443081190E1,1.5E1));
#7888=DIRECTION('',(-5.627910658975E-1,8.265991871191E-1,0.E0));
#7889=DIRECTION('',(-8.265991871191E-1,-5.627910658975E-1,0.E0));
#7890=AXIS2_PLACEMENT_3D('',#7887,#7888,#7889);
#7891=PLANE('',#7890);
#7892=ORIENTED_EDGE('',*,*,#7769,.F.);
#7893=ORIENTED_EDGE('',*,*,#7882,.T.);
#7894=ORIENTED_EDGE('',*,*,#7715,.F.);
#7896=ORIENTED_EDGE('',*,*,#7895,.F.);
#7897=EDGE_LOOP('',(#7892,#7893,#7894,#7896));
#7898=FACE_OUTER_BOUND('',#7897,.F.);
#7899=ADVANCED_FACE('',(#7898),#7891,.F.);
#7900=CARTESIAN_POINT('',(-1.68125E1,-4.458740958680E1,1.5E1));
#7901=DIRECTION('',(-2.473831068378E-1,9.689177459678E-1,0.E0));
#7902=DIRECTION('',(-9.689177459678E-1,-2.473831068378E-1,0.E0));
#7903=AXIS2_PLACEMENT_3D('',#7900,#7901,#7902);
#7904=PLANE('',#7903);
#7905=ORIENTED_EDGE('',*,*,#7771,.F.);
#7906=ORIENTED_EDGE('',*,*,#7895,.T.);
#7907=ORIENTED_EDGE('',*,*,#7713,.F.);
#7909=ORIENTED_EDGE('',*,*,#7908,.F.);
#7910=EDGE_LOOP('',(#7905,#7906,#7907,#7909));
#7911=FACE_OUTER_BOUND('',#7910,.F.);
#7912=ADVANCED_FACE('',(#7911),#7904,.F.);
#7913=CARTESIAN_POINT('',(-1.724916687489E1,-4.469889893522E1,1.5E1));
#7914=DIRECTION('',(0.E0,1.E0,0.E0));
#7915=DIRECTION('',(-1.E0,0.E0,0.E0));
#7916=AXIS2_PLACEMENT_3D('',#7913,#7914,#7915);
#7917=PLANE('',#7916);
#7918=ORIENTED_EDGE('',*,*,#7773,.F.);
#7919=ORIENTED_EDGE('',*,*,#7908,.T.);
#7920=ORIENTED_EDGE('',*,*,#7711,.T.);
#7922=ORIENTED_EDGE('',*,*,#7921,.F.);
#7923=EDGE_LOOP('',(#7918,#7919,#7920,#7922));
#7924=FACE_OUTER_BOUND('',#7923,.F.);
#7925=ADVANCED_FACE('',(#7924),#7917,.F.);
#7926=CARTESIAN_POINT('',(-1.81225E1,-4.469889893522E1,1.5E1));
#7927=DIRECTION('',(2.473831068378E-1,9.689177459678E-1,0.E0));
#7928=DIRECTION('',(-9.689177459678E-1,2.473831068378E-1,0.E0));
#7929=AXIS2_PLACEMENT_3D('',#7926,#7927,#7928);
#7930=PLANE('',#7929);
#7931=ORIENTED_EDGE('',*,*,#7775,.F.);
#7932=ORIENTED_EDGE('',*,*,#7921,.T.);
#7933=ORIENTED_EDGE('',*,*,#7709,.F.);
#7935=ORIENTED_EDGE('',*,*,#7934,.F.);
#7936=EDGE_LOOP('',(#7931,#7932,#7933,#7935));
#7937=FACE_OUTER_BOUND('',#7936,.F.);
#7938=ADVANCED_FACE('',(#7937),#7930,.F.);
#7939=CARTESIAN_POINT('',(-1.855916687489E1,-4.458740958680E1,1.5E1));
#7940=DIRECTION('',(5.627910658975E-1,8.265991871191E-1,0.E0));
#7941=DIRECTION('',(-8.265991871191E-1,5.627910658975E-1,0.E0));
#7942=AXIS2_PLACEMENT_3D('',#7939,#7940,#7941);
#7943=PLANE('',#7942);
#7944=ORIENTED_EDGE('',*,*,#7777,.F.);
#7945=ORIENTED_EDGE('',*,*,#7934,.T.);
#7946=ORIENTED_EDGE('',*,*,#7707,.F.);
#7948=ORIENTED_EDGE('',*,*,#7947,.F.);
#7949=EDGE_LOOP('',(#7944,#7945,#7946,#7948));
#7950=FACE_OUTER_BOUND('',#7949,.F.);
#7951=ADVANCED_FACE('',(#7950),#7943,.F.);
#7952=CARTESIAN_POINT('',(-1.888666687489E1,-4.436443081190E1,1.5E1));
#7953=DIRECTION('',(8.373793591563E-1,5.466221810895E-1,0.E0));
#7954=DIRECTION('',(-5.466221810895E-1,8.373793591563E-1,0.E0));
#7955=AXIS2_PLACEMENT_3D('',#7952,#7953,#7954);
#7956=PLANE('',#7955);
#7957=ORIENTED_EDGE('',*,*,#7779,.F.);
#7958=ORIENTED_EDGE('',*,*,#7947,.T.);
#7959=ORIENTED_EDGE('',*,*,#7705,.F.);
#7961=ORIENTED_EDGE('',*,*,#7960,.F.);
#7962=EDGE_LOOP('',(#7957,#7958,#7959,#7961));
#7963=FACE_OUTER_BOUND('',#7962,.F.);
#7964=ADVANCED_FACE('',(#7963),#7956,.F.);
#7965=CARTESIAN_POINT('',(-1.9105E1,-4.402996276666E1,1.5E1));
#7966=DIRECTION('',(9.713210491251E-1,2.377717803411E-1,0.E0));
#7967=DIRECTION('',(-2.377717803411E-1,9.713210491251E-1,0.E0));
#7968=AXIS2_PLACEMENT_3D('',#7965,#7966,#7967);
#7969=PLANE('',#7968);
#7970=ORIENTED_EDGE('',*,*,#7781,.F.);
#7971=ORIENTED_EDGE('',*,*,#7960,.T.);
#7972=ORIENTED_EDGE('',*,*,#7703,.F.);
#7974=ORIENTED_EDGE('',*,*,#7973,.F.);
#7975=EDGE_LOOP('',(#7970,#7971,#7972,#7974));
#7976=FACE_OUTER_BOUND('',#7975,.F.);
#7977=ADVANCED_FACE('',(#7976),#7969,.F.);
#7978=CARTESIAN_POINT('',(-1.921416687489E1,-4.358400537302E1,1.5E1));
#7979=DIRECTION('',(1.E0,0.E0,0.E0));
#7980=DIRECTION('',(0.E0,1.E0,0.E0));
#7981=AXIS2_PLACEMENT_3D('',#7978,#7979,#7980);
#7982=PLANE('',#7981);
#7983=ORIENTED_EDGE('',*,*,#7783,.F.);
#7984=ORIENTED_EDGE('',*,*,#7973,.T.);
#7985=ORIENTED_EDGE('',*,*,#7701,.T.);
#7987=ORIENTED_EDGE('',*,*,#7986,.F.);
#7988=EDGE_LOOP('',(#7983,#7984,#7985,#7987));
#7989=FACE_OUTER_BOUND('',#7988,.F.);
#7990=ADVANCED_FACE('',(#7989),#7982,.F.);
#7991=CARTESIAN_POINT('',(-1.921416687489E1,-4.191166499068E1,1.5E1));
#7992=DIRECTION('',(9.713210491251E-1,-2.377717803411E-1,0.E0));
#7993=DIRECTION('',(2.377717803411E-1,9.713210491251E-1,0.E0));
#7994=AXIS2_PLACEMENT_3D('',#7991,#7992,#7993);
#7995=PLANE('',#7994);
#7996=ORIENTED_EDGE('',*,*,#7785,.F.);
#7997=ORIENTED_EDGE('',*,*,#7986,.T.);
#7998=ORIENTED_EDGE('',*,*,#7699,.F.);
#8000=ORIENTED_EDGE('',*,*,#7999,.F.);
#8001=EDGE_LOOP('',(#7996,#7997,#7998,#8000));
#8002=FACE_OUTER_BOUND('',#8001,.F.);
#8003=ADVANCED_FACE('',(#8002),#7995,.F.);
#8004=CARTESIAN_POINT('',(-1.9105E1,-4.146570759703E1,1.5E1));
#8005=DIRECTION('',(8.373795927994E-1,-5.466218231676E-1,0.E0));
#8006=DIRECTION('',(5.466218231676E-1,8.373795927994E-1,0.E0));
#8007=AXIS2_PLACEMENT_3D('',#8004,#8005,#8006);
#8008=PLANE('',#8007);
#8009=ORIENTED_EDGE('',*,*,#7787,.F.);
#8010=ORIENTED_EDGE('',*,*,#7999,.T.);
#8011=ORIENTED_EDGE('',*,*,#7697,.F.);
#8013=ORIENTED_EDGE('',*,*,#8012,.F.);
#8014=EDGE_LOOP('',(#8009,#8010,#8011,#8013));
#8015=FACE_OUTER_BOUND('',#8014,.F.);
#8016=ADVANCED_FACE('',(#8015),#8008,.F.);
#8017=CARTESIAN_POINT('',(-1.888666687489E1,-4.113123923947E1,1.5E1));
#8018=DIRECTION('',(5.627909312417E-1,-8.265992787996E-1,0.E0));
#8019=DIRECTION('',(8.265992787996E-1,5.627909312417E-1,0.E0));
#8020=AXIS2_PLACEMENT_3D('',#8017,#8018,#8019);
#8021=PLANE('',#8020);
#8022=ORIENTED_EDGE('',*,*,#7789,.F.);
#8023=ORIENTED_EDGE('',*,*,#8012,.T.);
#8024=ORIENTED_EDGE('',*,*,#7695,.F.);
#8026=ORIENTED_EDGE('',*,*,#8025,.F.);
#8027=EDGE_LOOP('',(#8022,#8023,#8024,#8026));
#8028=FACE_OUTER_BOUND('',#8027,.F.);
#8029=ADVANCED_FACE('',(#8028),#8021,.F.);
#8030=CARTESIAN_POINT('',(-1.855916687489E1,-4.090826054265E1,1.5E1));
#8031=DIRECTION('',(2.473831068378E-1,-9.689177459678E-1,0.E0));
#8032=DIRECTION('',(9.689177459678E-1,2.473831068378E-1,0.E0));
#8033=AXIS2_PLACEMENT_3D('',#8030,#8031,#8032);
#8034=PLANE('',#8033);
#8035=ORIENTED_EDGE('',*,*,#7791,.F.);
#8036=ORIENTED_EDGE('',*,*,#8025,.T.);
#8037=ORIENTED_EDGE('',*,*,#7693,.F.);
#8038=ORIENTED_EDGE('',*,*,#7741,.F.);
#8039=EDGE_LOOP('',(#8035,#8036,#8037,#8038));
#8040=FACE_OUTER_BOUND('',#8039,.F.);
#8041=ADVANCED_FACE('',(#8040),#8034,.F.);
#8042=CARTESIAN_POINT('',(-2.07425E1,-4.414145211508E1,1.5E1));
#8043=DIRECTION('',(1.E0,0.E0,0.E0));
#8044=DIRECTION('',(0.E0,1.E0,0.E0));
#8045=AXIS2_PLACEMENT_3D('',#8042,#8043,#8044);
#8046=PLANE('',#8045);
#8047=ORIENTED_EDGE('',*,*,#5549,.F.);
#8049=ORIENTED_EDGE('',*,*,#8048,.T.);
#8051=ORIENTED_EDGE('',*,*,#8050,.T.);
#8053=ORIENTED_EDGE('',*,*,#8052,.F.);
#8054=EDGE_LOOP('',(#8047,#8049,#8051,#8053));
#8055=FACE_OUTER_BOUND('',#8054,.F.);
#8056=ADVANCED_FACE('',(#8055),#8046,.F.);
#8057=CARTESIAN_POINT('',(-2.085166656256E1,-4.458740958680E1,1.5E1));
#8058=DIRECTION('',(9.713212158497E-1,-2.377710992536E-1,0.E0));
#8059=DIRECTION('',(2.377710992536E-1,9.713212158497E-1,0.E0));
#8060=AXIS2_PLACEMENT_3D('',#8057,#8058,#8059);
#8061=PLANE('',#8060);
#8062=ORIENTED_EDGE('',*,*,#5635,.F.);
#8064=ORIENTED_EDGE('',*,*,#8063,.T.);
#8066=ORIENTED_EDGE('',*,*,#8065,.F.);
#8067=ORIENTED_EDGE('',*,*,#8048,.F.);
#8068=EDGE_LOOP('',(#8062,#8064,#8066,#8067));
#8069=FACE_OUTER_BOUND('',#8068,.F.);
#8070=ADVANCED_FACE('',(#8069),#8061,.F.);
#8071=CARTESIAN_POINT('',(-2.128833343744E1,-4.503336701949E1,1.5E1));
#8072=DIRECTION('',(7.145102486526E-1,-6.996249742329E-1,0.E0));
#8073=DIRECTION('',(6.996249742329E-1,7.145102486526E-1,0.E0));
#8074=AXIS2_PLACEMENT_3D('',#8071,#8072,#8073);
#8075=PLANE('',#8074);
#8076=ORIENTED_EDGE('',*,*,#5633,.F.);
#8078=ORIENTED_EDGE('',*,*,#8077,.T.);
#8080=ORIENTED_EDGE('',*,*,#8079,.F.);
#8081=ORIENTED_EDGE('',*,*,#8063,.F.);
#8082=EDGE_LOOP('',(#8076,#8078,#8080,#8081));
#8083=FACE_OUTER_BOUND('',#8082,.F.);
#8084=ADVANCED_FACE('',(#8083),#8075,.F.);
#8085=CARTESIAN_POINT('',(-2.1725E1,-4.525634574560E1,1.5E1));
#8086=DIRECTION('',(4.547772469181E-1,-8.906052187617E-1,0.E0));
#8087=DIRECTION('',(8.906052187617E-1,4.547772469181E-1,0.E0));
#8088=AXIS2_PLACEMENT_3D('',#8085,#8086,#8087);
#8089=PLANE('',#8088);
#8090=ORIENTED_EDGE('',*,*,#5631,.F.);
#8092=ORIENTED_EDGE('',*,*,#8091,.T.);
#8094=ORIENTED_EDGE('',*,*,#8093,.F.);
#8095=ORIENTED_EDGE('',*,*,#8077,.F.);
#8096=EDGE_LOOP('',(#8090,#8092,#8094,#8095));
#8097=FACE_OUTER_BOUND('',#8096,.F.);
#8098=ADVANCED_FACE('',(#8097),#8089,.F.);
#8099=CARTESIAN_POINT('',(-2.227083343744E1,-4.536783510377E1,1.5E1));
#8100=DIRECTION('',(2.001233352361E-1,-9.797707133273E-1,0.E0));
#8101=DIRECTION('',(9.797707133273E-1,2.001233352361E-1,0.E0));
#8102=AXIS2_PLACEMENT_3D('',#8099,#8100,#8101);
#8103=PLANE('',#8102);
#8104=ORIENTED_EDGE('',*,*,#5629,.F.);
#8106=ORIENTED_EDGE('',*,*,#8105,.T.);
#8108=ORIENTED_EDGE('',*,*,#8107,.F.);
#8109=ORIENTED_EDGE('',*,*,#8091,.F.);
#8110=EDGE_LOOP('',(#8104,#8106,#8108,#8109));
#8111=FACE_OUTER_BOUND('',#8110,.F.);
#8112=ADVANCED_FACE('',(#8111),#8103,.F.);
#8113=CARTESIAN_POINT('',(-2.325333328128E1,-4.536783510377E1,1.5E1));
#8114=DIRECTION('',(0.E0,-1.E0,0.E0));
#8115=DIRECTION('',(1.E0,0.E0,0.E0));
#8116=AXIS2_PLACEMENT_3D('',#8113,#8114,#8115);
#8117=PLANE('',#8116);
#8118=ORIENTED_EDGE('',*,*,#5627,.F.);
#8120=ORIENTED_EDGE('',*,*,#8119,.T.);
#8122=ORIENTED_EDGE('',*,*,#8121,.T.);
#8123=ORIENTED_EDGE('',*,*,#8105,.F.);
#8124=EDGE_LOOP('',(#8118,#8120,#8122,#8123));
#8125=FACE_OUTER_BOUND('',#8124,.F.);
#8126=ADVANCED_FACE('',(#8125),#8117,.F.);
#8127=CARTESIAN_POINT('',(-2.379916664064E1,-4.525634574560E1,1.5E1));
#8128=DIRECTION('',(-2.001233627174E-1,-9.797707077141E-1,0.E0));
#8129=DIRECTION('',(9.797707077141E-1,-2.001233627174E-1,0.E0));
#8130=AXIS2_PLACEMENT_3D('',#8127,#8128,#8129);
#8131=PLANE('',#8130);
#8132=ORIENTED_EDGE('',*,*,#5625,.F.);
#8134=ORIENTED_EDGE('',*,*,#8133,.T.);
#8136=ORIENTED_EDGE('',*,*,#8135,.F.);
#8137=ORIENTED_EDGE('',*,*,#8119,.F.);
#8138=EDGE_LOOP('',(#8132,#8134,#8136,#8137));
#8139=FACE_OUTER_BOUND('',#8138,.F.);
#8140=ADVANCED_FACE('',(#8139),#8131,.F.);
#8141=CARTESIAN_POINT('',(-2.423583335936E1,-4.503336701949E1,1.5E1));
#8142=DIRECTION('',(-4.547771179149E-1,-8.906052846357E-1,0.E0));
#8143=DIRECTION('',(8.906052846357E-1,-4.547771179149E-1,0.E0));
#8144=AXIS2_PLACEMENT_3D('',#8141,#8142,#8143);
#8145=PLANE('',#8144);
#8146=ORIENTED_EDGE('',*,*,#5623,.F.);
#8148=ORIENTED_EDGE('',*,*,#8147,.T.);
#8150=ORIENTED_EDGE('',*,*,#8149,.F.);
#8151=ORIENTED_EDGE('',*,*,#8133,.F.);
#8152=EDGE_LOOP('',(#8146,#8148,#8150,#8151));
#8153=FACE_OUTER_BOUND('',#8152,.F.);
#8154=ADVANCED_FACE('',(#8153),#8145,.F.);
#8155=CARTESIAN_POINT('',(-2.46725E1,-4.458740958680E1,1.5E1));
#8156=DIRECTION('',(-7.145104362650E-1,-6.996247826288E-1,0.E0));
#8157=DIRECTION('',(6.996247826288E-1,-7.145104362650E-1,0.E0));
#8158=AXIS2_PLACEMENT_3D('',#8155,#8156,#8157);
#8159=PLANE('',#8158);
#8160=ORIENTED_EDGE('',*,*,#5621,.F.);
#8162=ORIENTED_EDGE('',*,*,#8161,.T.);
#8164=ORIENTED_EDGE('',*,*,#8163,.F.);
#8165=ORIENTED_EDGE('',*,*,#8147,.F.);
#8166=EDGE_LOOP('',(#8160,#8162,#8164,#8165));
#8167=FACE_OUTER_BOUND('',#8166,.F.);
#8168=ADVANCED_FACE('',(#8167),#8159,.F.);
#8169=CARTESIAN_POINT('',(-2.489083333008E1,-4.414145211508E1,1.5E1));
#8170=DIRECTION('',(-8.981381301632E-1,-4.397134284359E-1,0.E0));
#8171=DIRECTION('',(4.397134284359E-1,-8.981381301632E-1,0.E0));
#8172=AXIS2_PLACEMENT_3D('',#8169,#8170,#8171);
#8173=PLANE('',#8172);
#8174=ORIENTED_EDGE('',*,*,#5619,.F.);
#8176=ORIENTED_EDGE('',*,*,#8175,.T.);
#8178=ORIENTED_EDGE('',*,*,#8177,.F.);
#8179=ORIENTED_EDGE('',*,*,#8161,.F.);
#8180=EDGE_LOOP('',(#8174,#8176,#8178,#8179));
#8181=FACE_OUTER_BOUND('',#8180,.F.);
#8182=ADVANCED_FACE('',(#8181),#8173,.F.);
#8183=CARTESIAN_POINT('',(-2.5E1,-4.358400537302E1,1.5E1));
#8184=DIRECTION('',(-9.813591334130E-1,-1.921828589309E-1,0.E0));
#8185=DIRECTION('',(1.921828589309E-1,-9.813591334130E-1,0.E0));
#8186=AXIS2_PLACEMENT_3D('',#8183,#8184,#8185);
#8187=PLANE('',#8186);
#8188=ORIENTED_EDGE('',*,*,#5617,.F.);
#8190=ORIENTED_EDGE('',*,*,#8189,.T.);
#8192=ORIENTED_EDGE('',*,*,#8191,.F.);
#8193=ORIENTED_EDGE('',*,*,#8175,.F.);
#8194=EDGE_LOOP('',(#8188,#8190,#8192,#8193));
#8195=FACE_OUTER_BOUND('',#8194,.F.);
#8196=ADVANCED_FACE('',(#8195),#8187,.F.);
#8197=CARTESIAN_POINT('',(-2.5E1,-4.191166499068E1,1.5E1));
#8198=DIRECTION('',(-1.E0,0.E0,0.E0));
#8199=DIRECTION('',(0.E0,-1.E0,0.E0));
#8200=AXIS2_PLACEMENT_3D('',#8197,#8198,#8199);
#8201=PLANE('',#8200);
#8202=ORIENTED_EDGE('',*,*,#5615,.F.);
#8204=ORIENTED_EDGE('',*,*,#8203,.T.);
#8206=ORIENTED_EDGE('',*,*,#8205,.T.);
#8207=ORIENTED_EDGE('',*,*,#8189,.F.);
#8208=EDGE_LOOP('',(#8202,#8204,#8206,#8207));
#8209=FACE_OUTER_BOUND('',#8208,.F.);
#8210=ADVANCED_FACE('',(#8209),#8201,.F.);
#8211=CARTESIAN_POINT('',(-2.489083333008E1,-4.135421793629E1,1.5E1));
#8212=DIRECTION('',(-9.813591537209E-1,1.921827552309E-1,0.E0));
#8213=DIRECTION('',(-1.921827552309E-1,-9.813591537209E-1,0.E0));
#8214=AXIS2_PLACEMENT_3D('',#8211,#8212,#8213);
#8215=PLANE('',#8214);
#8216=ORIENTED_EDGE('',*,*,#5613,.F.);
#8218=ORIENTED_EDGE('',*,*,#8217,.T.);
#8220=ORIENTED_EDGE('',*,*,#8219,.F.);
#8221=ORIENTED_EDGE('',*,*,#8203,.F.);
#8222=EDGE_LOOP('',(#8216,#8218,#8220,#8221));
#8223=FACE_OUTER_BOUND('',#8222,.F.);
#8224=ADVANCED_FACE('',(#8223),#8215,.F.);
#8225=CARTESIAN_POINT('',(-2.46725E1,-4.090826054265E1,1.5E1));
#8226=DIRECTION('',(-8.981380997586E-1,4.397134905391E-1,0.E0));
#8227=DIRECTION('',(-4.397134905391E-1,-8.981380997586E-1,0.E0));
#8228=AXIS2_PLACEMENT_3D('',#8225,#8226,#8227);
#8229=PLANE('',#8228);
#8230=ORIENTED_EDGE('',*,*,#5611,.F.);
#8232=ORIENTED_EDGE('',*,*,#8231,.T.);
#8234=ORIENTED_EDGE('',*,*,#8233,.F.);
#8235=ORIENTED_EDGE('',*,*,#8217,.F.);
#8236=EDGE_LOOP('',(#8230,#8232,#8234,#8235));
#8237=FACE_OUTER_BOUND('',#8236,.F.);
#8238=ADVANCED_FACE('',(#8237),#8229,.F.);
#8239=CARTESIAN_POINT('',(-2.423583335936E1,-4.046230314900E1,1.5E1));
#8240=DIRECTION('',(-7.145104056477E-1,6.996248138976E-1,0.E0));
#8241=DIRECTION('',(-6.996248138976E-1,-7.145104056477E-1,0.E0));
#8242=AXIS2_PLACEMENT_3D('',#8239,#8240,#8241);
#8243=PLANE('',#8242);
#8244=ORIENTED_EDGE('',*,*,#5609,.F.);
#8246=ORIENTED_EDGE('',*,*,#8245,.T.);
#8248=ORIENTED_EDGE('',*,*,#8247,.F.);
#8249=ORIENTED_EDGE('',*,*,#8231,.F.);
#8250=EDGE_LOOP('',(#8244,#8246,#8248,#8249));
#8251=FACE_OUTER_BOUND('',#8250,.F.);
#8252=ADVANCED_FACE('',(#8251),#8243,.F.);
#8253=CARTESIAN_POINT('',(-2.379916664064E1,-4.023932445218E1,1.5E1));
#8254=DIRECTION('',(-4.547770705465E-1,8.906053088238E-1,0.E0));
#8255=DIRECTION('',(-8.906053088238E-1,-4.547770705465E-1,0.E0));
#8256=AXIS2_PLACEMENT_3D('',#8253,#8254,#8255);
#8257=PLANE('',#8256);
#8258=ORIENTED_EDGE('',*,*,#5607,.F.);
#8260=ORIENTED_EDGE('',*,*,#8259,.T.);
#8262=ORIENTED_EDGE('',*,*,#8261,.F.);
#8263=ORIENTED_EDGE('',*,*,#8245,.F.);
#8264=EDGE_LOOP('',(#8258,#8260,#8262,#8263));
#8265=FACE_OUTER_BOUND('',#8264,.F.);
#8266=ADVANCED_FACE('',(#8265),#8257,.F.);
#8267=CARTESIAN_POINT('',(-2.325333328128E1,-4.012783510377E1,1.5E1));
#8268=DIRECTION('',(-2.001233458994E-1,9.797707111493E-1,0.E0));
#8269=DIRECTION('',(-9.797707111493E-1,-2.001233458994E-1,0.E0));
#8270=AXIS2_PLACEMENT_3D('',#8267,#8268,#8269);
#8271=PLANE('',#8270);
#8272=ORIENTED_EDGE('',*,*,#5605,.F.);
#8274=ORIENTED_EDGE('',*,*,#8273,.T.);
#8276=ORIENTED_EDGE('',*,*,#8275,.F.);
#8277=ORIENTED_EDGE('',*,*,#8259,.F.);
#8278=EDGE_LOOP('',(#8272,#8274,#8276,#8277));
#8279=FACE_OUTER_BOUND('',#8278,.F.);
#8280=ADVANCED_FACE('',(#8279),#8271,.F.);
#8281=CARTESIAN_POINT('',(-2.227083343744E1,-4.012783510377E1,1.5E1));
#8282=DIRECTION('',(0.E0,1.E0,0.E0));
#8283=DIRECTION('',(-1.E0,0.E0,0.E0));
#8284=AXIS2_PLACEMENT_3D('',#8281,#8282,#8283);
#8285=PLANE('',#8284);
#8286=ORIENTED_EDGE('',*,*,#5603,.F.);
#8288=ORIENTED_EDGE('',*,*,#8287,.T.);
#8290=ORIENTED_EDGE('',*,*,#8289,.T.);
#8291=ORIENTED_EDGE('',*,*,#8273,.F.);
#8292=EDGE_LOOP('',(#8286,#8288,#8290,#8291));
#8293=FACE_OUTER_BOUND('',#8292,.F.);
#8294=ADVANCED_FACE('',(#8293),#8285,.F.);
#8295=CARTESIAN_POINT('',(-2.1725E1,-4.023932445218E1,1.5E1));
#8296=DIRECTION('',(2.001233184181E-1,9.797707167625E-1,0.E0));
#8297=DIRECTION('',(-9.797707167625E-1,2.001233184181E-1,0.E0));
#8298=AXIS2_PLACEMENT_3D('',#8295,#8296,#8297);
#8299=PLANE('',#8298);
#8300=ORIENTED_EDGE('',*,*,#5601,.F.);
#8302=ORIENTED_EDGE('',*,*,#8301,.T.);
#8304=ORIENTED_EDGE('',*,*,#8303,.F.);
#8305=ORIENTED_EDGE('',*,*,#8287,.F.);
#8306=EDGE_LOOP('',(#8300,#8302,#8304,#8305));
#8307=FACE_OUTER_BOUND('',#8306,.F.);
#8308=ADVANCED_FACE('',(#8307),#8299,.F.);
#8309=CARTESIAN_POINT('',(-2.128833343744E1,-4.046230314900E1,1.5E1));
#8310=DIRECTION('',(4.547771995497E-1,8.906052429498E-1,0.E0));
#8311=DIRECTION('',(-8.906052429498E-1,4.547771995497E-1,0.E0));
#8312=AXIS2_PLACEMENT_3D('',#8309,#8310,#8311);
#8313=PLANE('',#8312);
#8314=ORIENTED_EDGE('',*,*,#5599,.F.);
#8316=ORIENTED_EDGE('',*,*,#8315,.T.);
#8318=ORIENTED_EDGE('',*,*,#8317,.F.);
#8319=ORIENTED_EDGE('',*,*,#8301,.F.);
#8320=EDGE_LOOP('',(#8314,#8316,#8318,#8319));
#8321=FACE_OUTER_BOUND('',#8320,.F.);
#8322=ADVANCED_FACE('',(#8321),#8313,.F.);
#8323=CARTESIAN_POINT('',(-2.085166656256E1,-4.090826054265E1,1.5E1));
#8324=DIRECTION('',(7.145102180353E-1,6.996250055017E-1,0.E0));
#8325=DIRECTION('',(-6.996250055017E-1,7.145102180353E-1,0.E0));
#8326=AXIS2_PLACEMENT_3D('',#8323,#8324,#8325);
#8327=PLANE('',#8326);
#8328=ORIENTED_EDGE('',*,*,#5597,.F.);
#8330=ORIENTED_EDGE('',*,*,#8329,.T.);
#8332=ORIENTED_EDGE('',*,*,#8331,.F.);
#8333=ORIENTED_EDGE('',*,*,#8315,.F.);
#8334=EDGE_LOOP('',(#8328,#8330,#8332,#8333));
#8335=FACE_OUTER_BOUND('',#8334,.F.);
#8336=ADVANCED_FACE('',(#8335),#8327,.F.);
#8337=CARTESIAN_POINT('',(-2.07425E1,-4.146570759703E1,1.5E1));
#8338=DIRECTION('',(9.813591893677E-1,1.921825732045E-1,0.E0));
#8339=DIRECTION('',(-1.921825732045E-1,9.813591893677E-1,0.E0));
#8340=AXIS2_PLACEMENT_3D('',#8337,#8338,#8339);
#8341=PLANE('',#8340);
#8342=ORIENTED_EDGE('',*,*,#5595,.F.);
#8344=ORIENTED_EDGE('',*,*,#8343,.T.);
#8346=ORIENTED_EDGE('',*,*,#8345,.F.);
#8347=ORIENTED_EDGE('',*,*,#8329,.F.);
#8348=EDGE_LOOP('',(#8342,#8344,#8346,#8347));
#8349=FACE_OUTER_BOUND('',#8348,.F.);
#8350=ADVANCED_FACE('',(#8349),#8341,.F.);
#8351=CARTESIAN_POINT('',(-2.13975E1,-4.146570759703E1,1.5E1));
#8352=DIRECTION('',(0.E0,-1.E0,0.E0));
#8353=DIRECTION('',(1.E0,0.E0,0.E0));
#8354=AXIS2_PLACEMENT_3D('',#8351,#8352,#8353);
#8355=PLANE('',#8354);
#8356=ORIENTED_EDGE('',*,*,#5593,.F.);
#8358=ORIENTED_EDGE('',*,*,#8357,.T.);
#8360=ORIENTED_EDGE('',*,*,#8359,.T.);
#8361=ORIENTED_EDGE('',*,*,#8343,.F.);
#8362=EDGE_LOOP('',(#8356,#8358,#8360,#8361));
#8363=FACE_OUTER_BOUND('',#8362,.F.);
#8364=ADVANCED_FACE('',(#8363),#8355,.F.);
#8365=CARTESIAN_POINT('',(-2.150666656256E1,-4.113123923947E1,1.5E1));
#8366=DIRECTION('',(-9.506453648566E-1,-3.102795357040E-1,0.E0));
#8367=DIRECTION('',(3.102795357040E-1,-9.506453648566E-1,0.E0));
#8368=AXIS2_PLACEMENT_3D('',#8365,#8366,#8367);
#8369=PLANE('',#8368);
#8370=ORIENTED_EDGE('',*,*,#5591,.F.);
#8372=ORIENTED_EDGE('',*,*,#8371,.T.);
#8374=ORIENTED_EDGE('',*,*,#8373,.F.);
#8375=ORIENTED_EDGE('',*,*,#8357,.F.);
#8376=EDGE_LOOP('',(#8370,#8372,#8374,#8375));
#8377=FACE_OUTER_BOUND('',#8376,.F.);
#8378=ADVANCED_FACE('',(#8377),#8369,.F.);
#8379=CARTESIAN_POINT('',(-2.183416656256E1,-4.090826054265E1,1.5E1));
#8380=DIRECTION('',(-5.627909312417E-1,-8.265992787996E-1,0.E0));
#8381=DIRECTION('',(8.265992787996E-1,-5.627909312417E-1,0.E0));
#8382=AXIS2_PLACEMENT_3D('',#8379,#8380,#8381);
#8383=PLANE('',#8382);
#8384=ORIENTED_EDGE('',*,*,#5589,.F.);
#8386=ORIENTED_EDGE('',*,*,#8385,.T.);
#8388=ORIENTED_EDGE('',*,*,#8387,.F.);
#8389=ORIENTED_EDGE('',*,*,#8371,.F.);
#8390=EDGE_LOOP('',(#8384,#8386,#8388,#8389));
#8391=FACE_OUTER_BOUND('',#8390,.F.);
#8392=ADVANCED_FACE('',(#8391),#8383,.F.);
#8393=CARTESIAN_POINT('',(-2.227083343744E1,-4.079677119424E1,1.5E1));
#8394=DIRECTION('',(-2.473831068378E-1,-9.689177459678E-1,0.E0));
#8395=DIRECTION('',(9.689177459678E-1,-2.473831068378E-1,0.E0));
#8396=AXIS2_PLACEMENT_3D('',#8393,#8394,#8395);
#8397=PLANE('',#8396);
#8398=ORIENTED_EDGE('',*,*,#5587,.F.);
#8400=ORIENTED_EDGE('',*,*,#8399,.T.);
#8402=ORIENTED_EDGE('',*,*,#8401,.F.);
#8403=ORIENTED_EDGE('',*,*,#8385,.F.);
#8404=EDGE_LOOP('',(#8398,#8400,#8402,#8403));
#8405=FACE_OUTER_BOUND('',#8404,.F.);
#8406=ADVANCED_FACE('',(#8405),#8397,.F.);
#8407=CARTESIAN_POINT('',(-2.325333328128E1,-4.079677119424E1,1.5E1));
#8408=DIRECTION('',(0.E0,-1.E0,0.E0));
#8409=DIRECTION('',(1.E0,0.E0,0.E0));
#8410=AXIS2_PLACEMENT_3D('',#8407,#8408,#8409);
#8411=PLANE('',#8410);
#8412=ORIENTED_EDGE('',*,*,#5585,.F.);
#8414=ORIENTED_EDGE('',*,*,#8413,.T.);
#8416=ORIENTED_EDGE('',*,*,#8415,.T.);
#8417=ORIENTED_EDGE('',*,*,#8399,.F.);
#8418=EDGE_LOOP('',(#8412,#8414,#8416,#8417));
#8419=FACE_OUTER_BOUND('',#8418,.F.);
#8420=ADVANCED_FACE('',(#8419),#8411,.F.);
#8421=CARTESIAN_POINT('',(-2.369E1,-4.090826054265E1,1.5E1));
#8422=DIRECTION('',(2.473831898946E-1,-9.689177247618E-1,0.E0));
#8423=DIRECTION('',(9.689177247618E-1,2.473831898946E-1,0.E0));
#8424=AXIS2_PLACEMENT_3D('',#8421,#8422,#8423);
#8425=PLANE('',#8424);
#8426=ORIENTED_EDGE('',*,*,#5583,.F.);
#8428=ORIENTED_EDGE('',*,*,#8427,.T.);
#8430=ORIENTED_EDGE('',*,*,#8429,.F.);
#8431=ORIENTED_EDGE('',*,*,#8413,.F.);
#8432=EDGE_LOOP('',(#8426,#8428,#8430,#8431));
#8433=FACE_OUTER_BOUND('',#8432,.F.);
#8434=ADVANCED_FACE('',(#8433),#8425,.F.);
#8435=CARTESIAN_POINT('',(-2.40175E1,-4.113123923947E1,1.5E1));
#8436=DIRECTION('',(5.627909312417E-1,-8.265992787996E-1,0.E0));
#8437=DIRECTION('',(8.265992787996E-1,5.627909312417E-1,0.E0));
#8438=AXIS2_PLACEMENT_3D('',#8435,#8436,#8437);
#8439=PLANE('',#8438);
#8440=ORIENTED_EDGE('',*,*,#5581,.F.);
#8442=ORIENTED_EDGE('',*,*,#8441,.T.);
#8444=ORIENTED_EDGE('',*,*,#8443,.F.);
#8445=ORIENTED_EDGE('',*,*,#8427,.F.);
#8446=EDGE_LOOP('',(#8440,#8442,#8444,#8445));
#8447=FACE_OUTER_BOUND('',#8446,.F.);
#8448=ADVANCED_FACE('',(#8447),#8439,.F.);
#8449=CARTESIAN_POINT('',(-2.423583335936E1,-4.146570759703E1,1.5E1));
#8450=DIRECTION('',(8.373793243581E-1,-5.466222343973E-1,0.E0));
#8451=DIRECTION('',(5.466222343973E-1,8.373793243581E-1,0.E0));
#8452=AXIS2_PLACEMENT_3D('',#8449,#8450,#8451);
#8453=PLANE('',#8452);
#8454=ORIENTED_EDGE('',*,*,#5579,.F.);
#8456=ORIENTED_EDGE('',*,*,#8455,.T.);
#8458=ORIENTED_EDGE('',*,*,#8457,.F.);
#8459=ORIENTED_EDGE('',*,*,#8441,.F.);
#8460=EDGE_LOOP('',(#8454,#8456,#8458,#8459));
#8461=FACE_OUTER_BOUND('',#8460,.F.);
#8462=ADVANCED_FACE('',(#8461),#8453,.F.);
#8463=CARTESIAN_POINT('',(-2.4345E1,-4.191166499068E1,1.5E1));
#8464=DIRECTION('',(9.713211669575E-1,-2.377712989836E-1,0.E0));
#8465=DIRECTION('',(2.377712989836E-1,9.713211669575E-1,0.E0));
#8466=AXIS2_PLACEMENT_3D('',#8463,#8464,#8465);
#8467=PLANE('',#8466);
#8468=ORIENTED_EDGE('',*,*,#5577,.F.);
#8470=ORIENTED_EDGE('',*,*,#8469,.T.);
#8472=ORIENTED_EDGE('',*,*,#8471,.F.);
#8473=ORIENTED_EDGE('',*,*,#8455,.F.);
#8474=EDGE_LOOP('',(#8468,#8470,#8472,#8473));
#8475=FACE_OUTER_BOUND('',#8474,.F.);
#8476=ADVANCED_FACE('',(#8475),#8467,.F.);
#8477=CARTESIAN_POINT('',(-2.4345E1,-4.358400537302E1,1.5E1));
#8478=DIRECTION('',(1.E0,0.E0,0.E0));
#8479=DIRECTION('',(0.E0,1.E0,0.E0));
#8480=AXIS2_PLACEMENT_3D('',#8477,#8478,#8479);
#8481=PLANE('',#8480);
#8482=ORIENTED_EDGE('',*,*,#5575,.F.);
#8484=ORIENTED_EDGE('',*,*,#8483,.T.);
#8486=ORIENTED_EDGE('',*,*,#8485,.T.);
#8487=ORIENTED_EDGE('',*,*,#8469,.F.);
#8488=EDGE_LOOP('',(#8482,#8484,#8486,#8487));
#8489=FACE_OUTER_BOUND('',#8488,.F.);
#8490=ADVANCED_FACE('',(#8489),#8481,.F.);
#8491=CARTESIAN_POINT('',(-2.423583335936E1,-4.402996276666E1,1.5E1));
#8492=DIRECTION('',(9.713211669575E-1,2.377712989836E-1,0.E0));
#8493=DIRECTION('',(-2.377712989836E-1,9.713211669575E-1,0.E0));
#8494=AXIS2_PLACEMENT_3D('',#8491,#8492,#8493);
#8495=PLANE('',#8494);
#8496=ORIENTED_EDGE('',*,*,#5573,.F.);
#8498=ORIENTED_EDGE('',*,*,#8497,.T.);
#8500=ORIENTED_EDGE('',*,*,#8499,.F.);
#8501=ORIENTED_EDGE('',*,*,#8483,.F.);
#8502=EDGE_LOOP('',(#8496,#8498,#8500,#8501));
#8503=FACE_OUTER_BOUND('',#8502,.F.);
#8504=ADVANCED_FACE('',(#8503),#8495,.F.);
#8505=CARTESIAN_POINT('',(-2.40175E1,-4.436443081190E1,1.5E1));
#8506=DIRECTION('',(8.373790907147E-1,5.466225923193E-1,0.E0));
#8507=DIRECTION('',(-5.466225923193E-1,8.373790907147E-1,0.E0));
#8508=AXIS2_PLACEMENT_3D('',#8505,#8506,#8507);
#8509=PLANE('',#8508);
#8510=ORIENTED_EDGE('',*,*,#5571,.F.);
#8512=ORIENTED_EDGE('',*,*,#8511,.T.);
#8514=ORIENTED_EDGE('',*,*,#8513,.F.);
#8515=ORIENTED_EDGE('',*,*,#8497,.F.);
#8516=EDGE_LOOP('',(#8510,#8512,#8514,#8515));
#8517=FACE_OUTER_BOUND('',#8516,.F.);
#8518=ADVANCED_FACE('',(#8517),#8509,.F.);
#8519=CARTESIAN_POINT('',(-2.369E1,-4.458740958680E1,1.5E1));
#8520=DIRECTION('',(5.627910658975E-1,8.265991871191E-1,0.E0));
#8521=DIRECTION('',(-8.265991871191E-1,5.627910658975E-1,0.E0));
#8522=AXIS2_PLACEMENT_3D('',#8519,#8520,#8521);
#8523=PLANE('',#8522);
#8524=ORIENTED_EDGE('',*,*,#5569,.F.);
#8526=ORIENTED_EDGE('',*,*,#8525,.T.);
#8528=ORIENTED_EDGE('',*,*,#8527,.F.);
#8529=ORIENTED_EDGE('',*,*,#8511,.F.);
#8530=EDGE_LOOP('',(#8524,#8526,#8528,#8529));
#8531=FACE_OUTER_BOUND('',#8530,.F.);
#8532=ADVANCED_FACE('',(#8531),#8523,.F.);
#8533=CARTESIAN_POINT('',(-2.325333328128E1,-4.469889893522E1,1.5E1));
#8534=DIRECTION('',(2.473831898946E-1,9.689177247618E-1,0.E0));
#8535=DIRECTION('',(-9.689177247618E-1,2.473831898946E-1,0.E0));
#8536=AXIS2_PLACEMENT_3D('',#8533,#8534,#8535);
#8537=PLANE('',#8536);
#8538=ORIENTED_EDGE('',*,*,#5567,.F.);
#8540=ORIENTED_EDGE('',*,*,#8539,.T.);
#8542=ORIENTED_EDGE('',*,*,#8541,.F.);
#8543=ORIENTED_EDGE('',*,*,#8525,.F.);
#8544=EDGE_LOOP('',(#8538,#8540,#8542,#8543));
#8545=FACE_OUTER_BOUND('',#8544,.F.);
#8546=ADVANCED_FACE('',(#8545),#8537,.F.);
#8547=CARTESIAN_POINT('',(-2.227083343744E1,-4.469889893522E1,1.5E1));
#8548=DIRECTION('',(0.E0,1.E0,0.E0));
#8549=DIRECTION('',(-1.E0,0.E0,0.E0));
#8550=AXIS2_PLACEMENT_3D('',#8547,#8548,#8549);
#8551=PLANE('',#8550);
#8552=ORIENTED_EDGE('',*,*,#5565,.F.);
#8554=ORIENTED_EDGE('',*,*,#8553,.T.);
#8556=ORIENTED_EDGE('',*,*,#8555,.T.);
#8557=ORIENTED_EDGE('',*,*,#8539,.F.);
#8558=EDGE_LOOP('',(#8552,#8554,#8556,#8557));
#8559=FACE_OUTER_BOUND('',#8558,.F.);
#8560=ADVANCED_FACE('',(#8559),#8551,.F.);
#8561=CARTESIAN_POINT('',(-2.183416656256E1,-4.458740958680E1,1.5E1));
#8562=DIRECTION('',(-2.473831068378E-1,9.689177459678E-1,0.E0));
#8563=DIRECTION('',(-9.689177459678E-1,-2.473831068378E-1,0.E0));
#8564=AXIS2_PLACEMENT_3D('',#8561,#8562,#8563);
#8565=PLANE('',#8564);
#8566=ORIENTED_EDGE('',*,*,#5563,.F.);
#8568=ORIENTED_EDGE('',*,*,#8567,.T.);
#8570=ORIENTED_EDGE('',*,*,#8569,.F.);
#8571=ORIENTED_EDGE('',*,*,#8553,.F.);
#8572=EDGE_LOOP('',(#8566,#8568,#8570,#8571));
#8573=FACE_OUTER_BOUND('',#8572,.F.);
#8574=ADVANCED_FACE('',(#8573),#8565,.F.);
#8575=CARTESIAN_POINT('',(-2.150666656256E1,-4.436443081190E1,1.5E1));
#8576=DIRECTION('',(-5.627910658975E-1,8.265991871191E-1,0.E0));
#8577=DIRECTION('',(-8.265991871191E-1,-5.627910658975E-1,0.E0));
#8578=AXIS2_PLACEMENT_3D('',#8575,#8576,#8577);
#8579=PLANE('',#8578);
#8580=ORIENTED_EDGE('',*,*,#5561,.F.);
#8582=ORIENTED_EDGE('',*,*,#8581,.T.);
#8584=ORIENTED_EDGE('',*,*,#8583,.F.);
#8585=ORIENTED_EDGE('',*,*,#8567,.F.);
#8586=EDGE_LOOP('',(#8580,#8582,#8584,#8585));
#8587=FACE_OUTER_BOUND('',#8586,.F.);
#8588=ADVANCED_FACE('',(#8587),#8579,.F.);
#8589=CARTESIAN_POINT('',(-2.13975E1,-4.402996276666E1,1.5E1));
#8590=DIRECTION('',(-9.506452793929E-1,3.102797975506E-1,0.E0));
#8591=DIRECTION('',(-3.102797975506E-1,-9.506452793929E-1,0.E0));
#8592=AXIS2_PLACEMENT_3D('',#8589,#8590,#8591);
#8593=PLANE('',#8592);
#8594=ORIENTED_EDGE('',*,*,#5559,.F.);
#8596=ORIENTED_EDGE('',*,*,#8595,.T.);
#8598=ORIENTED_EDGE('',*,*,#8597,.F.);
#8599=ORIENTED_EDGE('',*,*,#8581,.F.);
#8600=EDGE_LOOP('',(#8594,#8596,#8598,#8599));
#8601=FACE_OUTER_BOUND('',#8600,.F.);
#8602=ADVANCED_FACE('',(#8601),#8593,.F.);
#8603=CARTESIAN_POINT('',(-2.13975E1,-4.313804782321E1,1.5E1));
#8604=DIRECTION('',(-1.E0,0.E0,0.E0));
#8605=DIRECTION('',(0.E0,-1.E0,0.E0));
#8606=AXIS2_PLACEMENT_3D('',#8603,#8604,#8605);
#8607=PLANE('',#8606);
#8608=ORIENTED_EDGE('',*,*,#5557,.F.);
#8610=ORIENTED_EDGE('',*,*,#8609,.T.);
#8612=ORIENTED_EDGE('',*,*,#8611,.T.);
#8613=ORIENTED_EDGE('',*,*,#8595,.F.);
#8614=EDGE_LOOP('',(#8608,#8610,#8612,#8613));
#8615=FACE_OUTER_BOUND('',#8614,.F.);
#8616=ADVANCED_FACE('',(#8615),#8607,.F.);
#8617=CARTESIAN_POINT('',(-2.238E1,-4.313804782321E1,1.5E1));
#8618=DIRECTION('',(0.E0,-1.E0,0.E0));
#8619=DIRECTION('',(1.E0,0.E0,0.E0));
#8620=AXIS2_PLACEMENT_3D('',#8617,#8618,#8619);
#8621=PLANE('',#8620);
#8622=ORIENTED_EDGE('',*,*,#5555,.F.);
#8624=ORIENTED_EDGE('',*,*,#8623,.T.);
#8626=ORIENTED_EDGE('',*,*,#8625,.T.);
#8627=ORIENTED_EDGE('',*,*,#8609,.F.);
#8628=EDGE_LOOP('',(#8622,#8624,#8626,#8627));
#8629=FACE_OUTER_BOUND('',#8628,.F.);
#8630=ADVANCED_FACE('',(#8629),#8621,.F.);
#8631=CARTESIAN_POINT('',(-2.238E1,-4.246911173274E1,1.5E1));
#8632=DIRECTION('',(-1.E0,0.E0,0.E0));
#8633=DIRECTION('',(0.E0,-1.E0,0.E0));
#8634=AXIS2_PLACEMENT_3D('',#8631,#8632,#8633);
#8635=PLANE('',#8634);
#8636=ORIENTED_EDGE('',*,*,#5553,.F.);
#8638=ORIENTED_EDGE('',*,*,#8637,.T.);
#8640=ORIENTED_EDGE('',*,*,#8639,.T.);
#8641=ORIENTED_EDGE('',*,*,#8623,.F.);
#8642=EDGE_LOOP('',(#8636,#8638,#8640,#8641));
#8643=FACE_OUTER_BOUND('',#8642,.F.);
#8644=ADVANCED_FACE('',(#8643),#8635,.F.);
#8645=CARTESIAN_POINT('',(-2.07425E1,-4.246911173274E1,1.5E1));
#8646=DIRECTION('',(0.E0,1.E0,0.E0));
#8647=DIRECTION('',(-1.E0,0.E0,0.E0));
#8648=AXIS2_PLACEMENT_3D('',#8645,#8646,#8647);
#8649=PLANE('',#8648);
#8650=ORIENTED_EDGE('',*,*,#5551,.F.);
#8651=ORIENTED_EDGE('',*,*,#8052,.T.);
#8653=ORIENTED_EDGE('',*,*,#8652,.T.);
#8654=ORIENTED_EDGE('',*,*,#8637,.F.);
#8655=EDGE_LOOP('',(#8650,#8651,#8653,#8654));
#8656=FACE_OUTER_BOUND('',#8655,.F.);
#8657=ADVANCED_FACE('',(#8656),#8649,.F.);
#8658=CARTESIAN_POINT('',(0.E0,1.590000000001E1,1.45E1));
#8659=DIRECTION('',(0.E0,0.E0,1.E0));
#8660=DIRECTION('',(1.E0,0.E0,0.E0));
#8661=AXIS2_PLACEMENT_3D('',#8658,#8659,#8660);
#8662=PLANE('',#8661);
#8663=ORIENTED_EDGE('',*,*,#8050,.F.);
#8664=ORIENTED_EDGE('',*,*,#8065,.T.);
#8665=ORIENTED_EDGE('',*,*,#8079,.T.);
#8666=ORIENTED_EDGE('',*,*,#8093,.T.);
#8667=ORIENTED_EDGE('',*,*,#8107,.T.);
#8668=ORIENTED_EDGE('',*,*,#8121,.F.);
#8669=ORIENTED_EDGE('',*,*,#8135,.T.);
#8670=ORIENTED_EDGE('',*,*,#8149,.T.);
#8671=ORIENTED_EDGE('',*,*,#8163,.T.);
#8672=ORIENTED_EDGE('',*,*,#8177,.T.);
#8673=ORIENTED_EDGE('',*,*,#8191,.T.);
#8674=ORIENTED_EDGE('',*,*,#8205,.F.);
#8675=ORIENTED_EDGE('',*,*,#8219,.T.);
#8676=ORIENTED_EDGE('',*,*,#8233,.T.);
#8677=ORIENTED_EDGE('',*,*,#8247,.T.);
#8678=ORIENTED_EDGE('',*,*,#8261,.T.);
#8679=ORIENTED_EDGE('',*,*,#8275,.T.);
#8680=ORIENTED_EDGE('',*,*,#8289,.F.);
#8681=ORIENTED_EDGE('',*,*,#8303,.T.);
#8682=ORIENTED_EDGE('',*,*,#8317,.T.);
#8683=ORIENTED_EDGE('',*,*,#8331,.T.);
#8684=ORIENTED_EDGE('',*,*,#8345,.T.);
#8685=ORIENTED_EDGE('',*,*,#8359,.F.);
#8686=ORIENTED_EDGE('',*,*,#8373,.T.);
#8687=ORIENTED_EDGE('',*,*,#8387,.T.);
#8688=ORIENTED_EDGE('',*,*,#8401,.T.);
#8689=ORIENTED_EDGE('',*,*,#8415,.F.);
#8690=ORIENTED_EDGE('',*,*,#8429,.T.);
#8691=ORIENTED_EDGE('',*,*,#8443,.T.);
#8692=ORIENTED_EDGE('',*,*,#8457,.T.);
#8693=ORIENTED_EDGE('',*,*,#8471,.T.);
#8694=ORIENTED_EDGE('',*,*,#8485,.F.);
#8695=ORIENTED_EDGE('',*,*,#8499,.T.);
#8696=ORIENTED_EDGE('',*,*,#8513,.T.);
#8697=ORIENTED_EDGE('',*,*,#8527,.T.);
#8698=ORIENTED_EDGE('',*,*,#8541,.T.);
#8699=ORIENTED_EDGE('',*,*,#8555,.F.);
#8700=ORIENTED_EDGE('',*,*,#8569,.T.);
#8701=ORIENTED_EDGE('',*,*,#8583,.T.);
#8702=ORIENTED_EDGE('',*,*,#8597,.T.);
#8703=ORIENTED_EDGE('',*,*,#8611,.F.);
#8704=ORIENTED_EDGE('',*,*,#8625,.F.);
#8705=ORIENTED_EDGE('',*,*,#8639,.F.);
#8706=ORIENTED_EDGE('',*,*,#8652,.F.);
#8707=EDGE_LOOP('',(#8663,#8664,#8665,#8666,#8667,#8668,#8669,#8670,#8671,#8672,
#8673,#8674,#8675,#8676,#8677,#8678,#8679,#8680,#8681,#8682,#8683,#8684,#8685,
#8686,#8687,#8688,#8689,#8690,#8691,#8692,#8693,#8694,#8695,#8696,#8697,#8698,
#8699,#8700,#8701,#8702,#8703,#8704,#8705,#8706));
#8708=FACE_OUTER_BOUND('',#8707,.F.);
#8709=ADVANCED_FACE('',(#8708),#8662,.T.);
#8710=CARTESIAN_POINT('',(2.892833499908E1,-4.012783510377E1,1.5E1));
#8711=DIRECTION('',(-2.001227687928E-1,9.797708290262E-1,0.E0));
#8712=DIRECTION('',(-9.797708290262E-1,-2.001227687928E-1,0.E0));
#8713=AXIS2_PLACEMENT_3D('',#8710,#8711,#8712);
#8714=PLANE('',#8713);
#8715=ORIENTED_EDGE('',*,*,#5639,.F.);
#8717=ORIENTED_EDGE('',*,*,#8716,.T.);
#8719=ORIENTED_EDGE('',*,*,#8718,.F.);
#8721=ORIENTED_EDGE('',*,*,#8720,.F.);
#8722=EDGE_LOOP('',(#8715,#8717,#8719,#8721));
#8723=FACE_OUTER_BOUND('',#8722,.F.);
#8724=ADVANCED_FACE('',(#8723),#8714,.F.);
#8725=CARTESIAN_POINT('',(2.980166500092E1,-4.012783510377E1,1.5E1));
#8726=DIRECTION('',(0.E0,1.E0,0.E0));
#8727=DIRECTION('',(-1.E0,0.E0,0.E0));
#8728=AXIS2_PLACEMENT_3D('',#8725,#8726,#8727);
#8729=PLANE('',#8728);
#8730=ORIENTED_EDGE('',*,*,#5685,.F.);
#8732=ORIENTED_EDGE('',*,*,#8731,.T.);
#8734=ORIENTED_EDGE('',*,*,#8733,.T.);
#8735=ORIENTED_EDGE('',*,*,#8716,.F.);
#8736=EDGE_LOOP('',(#8730,#8732,#8734,#8735));
#8737=FACE_OUTER_BOUND('',#8736,.F.);
#8738=ADVANCED_FACE('',(#8737),#8729,.F.);
#8739=CARTESIAN_POINT('',(3.03475E1,-4.023932445218E1,1.5E1));
#8740=DIRECTION('',(2.001227687928E-1,9.797708290262E-1,0.E0));
#8741=DIRECTION('',(-9.797708290262E-1,2.001227687928E-1,0.E0));
#8742=AXIS2_PLACEMENT_3D('',#8739,#8740,#8741);
#8743=PLANE('',#8742);
#8744=ORIENTED_EDGE('',*,*,#5683,.F.);
#8746=ORIENTED_EDGE('',*,*,#8745,.T.);
#8748=ORIENTED_EDGE('',*,*,#8747,.F.);
#8749=ORIENTED_EDGE('',*,*,#8731,.F.);
#8750=EDGE_LOOP('',(#8744,#8746,#8748,#8749));
#8751=FACE_OUTER_BOUND('',#8750,.F.);
#8752=ADVANCED_FACE('',(#8751),#8743,.F.);
#8753=CARTESIAN_POINT('',(3.078416500092E1,-4.046230314900E1,1.5E1));
#8754=DIRECTION('',(4.547784895854E-1,8.906045842070E-1,0.E0));
#8755=DIRECTION('',(-8.906045842070E-1,4.547784895854E-1,0.E0));
#8756=AXIS2_PLACEMENT_3D('',#8753,#8754,#8755);
#8757=PLANE('',#8756);
#8758=ORIENTED_EDGE('',*,*,#5681,.F.);
#8760=ORIENTED_EDGE('',*,*,#8759,.T.);
#8762=ORIENTED_EDGE('',*,*,#8761,.F.);
#8763=ORIENTED_EDGE('',*,*,#8745,.F.);
#8764=EDGE_LOOP('',(#8758,#8760,#8762,#8763));
#8765=FACE_OUTER_BOUND('',#8764,.F.);
#8766=ADVANCED_FACE('',(#8765),#8757,.F.);
#8767=CARTESIAN_POINT('',(3.122083499908E1,-4.090826054265E1,1.5E1));
#8768=DIRECTION('',(7.145077165410E-1,6.996275602085E-1,0.E0));
#8769=DIRECTION('',(-6.996275602085E-1,7.145077165410E-1,0.E0));
#8770=AXIS2_PLACEMENT_3D('',#8767,#8768,#8769);
#8771=PLANE('',#8770);
#8772=ORIENTED_EDGE('',*,*,#5679,.F.);
#8774=ORIENTED_EDGE('',*,*,#8773,.T.);
#8776=ORIENTED_EDGE('',*,*,#8775,.F.);
#8777=ORIENTED_EDGE('',*,*,#8759,.F.);
#8778=EDGE_LOOP('',(#8772,#8774,#8776,#8777));
#8779=FACE_OUTER_BOUND('',#8778,.F.);
#8780=ADVANCED_FACE('',(#8779),#8771,.F.);
#8781=CARTESIAN_POINT('',(3.143916500092E1,-4.135421793629E1,1.5E1));
#8782=DIRECTION('',(8.981407468995E-1,4.397080835723E-1,0.E0));
#8783=DIRECTION('',(-4.397080835723E-1,8.981407468995E-1,0.E0));
#8784=AXIS2_PLACEMENT_3D('',#8781,#8782,#8783);
#8785=PLANE('',#8784);
#8786=ORIENTED_EDGE('',*,*,#5677,.F.);
#8788=ORIENTED_EDGE('',*,*,#8787,.T.);
#8790=ORIENTED_EDGE('',*,*,#8789,.F.);
#8791=ORIENTED_EDGE('',*,*,#8773,.F.);
#8792=EDGE_LOOP('',(#8786,#8788,#8790,#8791));
#8793=FACE_OUTER_BOUND('',#8792,.F.);
#8794=ADVANCED_FACE('',(#8793),#8785,.F.);
#8795=CARTESIAN_POINT('',(3.154833499908E1,-4.191166499068E1,1.5E1));
#8796=DIRECTION('',(9.813580486544E-1,1.921883980402E-1,0.E0));
#8797=DIRECTION('',(-1.921883980402E-1,9.813580486544E-1,0.E0));
#8798=AXIS2_PLACEMENT_3D('',#8795,#8796,#8797);
#8799=PLANE('',#8798);
#8800=ORIENTED_EDGE('',*,*,#5675,.F.);
#8802=ORIENTED_EDGE('',*,*,#8801,.T.);
#8804=ORIENTED_EDGE('',*,*,#8803,.F.);
#8805=ORIENTED_EDGE('',*,*,#8787,.F.);
#8806=EDGE_LOOP('',(#8800,#8802,#8804,#8805));
#8807=FACE_OUTER_BOUND('',#8806,.F.);
#8808=ADVANCED_FACE('',(#8807),#8799,.F.);
#8809=CARTESIAN_POINT('',(3.154833499908E1,-4.358400537302E1,1.5E1));
#8810=DIRECTION('',(1.E0,0.E0,0.E0));
#8811=DIRECTION('',(0.E0,1.E0,0.E0));
#8812=AXIS2_PLACEMENT_3D('',#8809,#8810,#8811);
#8813=PLANE('',#8812);
#8814=ORIENTED_EDGE('',*,*,#5673,.F.);
#8816=ORIENTED_EDGE('',*,*,#8815,.T.);
#8818=ORIENTED_EDGE('',*,*,#8817,.T.);
#8819=ORIENTED_EDGE('',*,*,#8801,.F.);
#8820=EDGE_LOOP('',(#8814,#8816,#8818,#8819));
#8821=FACE_OUTER_BOUND('',#8820,.F.);
#8822=ADVANCED_FACE('',(#8821),#8813,.F.);
#8823=CARTESIAN_POINT('',(3.143916500092E1,-4.414145211508E1,1.5E1));
#8824=DIRECTION('',(9.813580283453E-1,-1.921885017429E-1,0.E0));
#8825=DIRECTION('',(1.921885017429E-1,9.813580283453E-1,0.E0));
#8826=AXIS2_PLACEMENT_3D('',#8823,#8824,#8825);
#8827=PLANE('',#8826);
#8828=ORIENTED_EDGE('',*,*,#5671,.F.);
#8830=ORIENTED_EDGE('',*,*,#8829,.T.);
#8832=ORIENTED_EDGE('',*,*,#8831,.F.);
#8833=ORIENTED_EDGE('',*,*,#8815,.F.);
#8834=EDGE_LOOP('',(#8828,#8830,#8832,#8833));
#8835=FACE_OUTER_BOUND('',#8834,.F.);
#8836=ADVANCED_FACE('',(#8835),#8827,.F.);
#8837=CARTESIAN_POINT('',(3.122083499908E1,-4.458740958680E1,1.5E1));
#8838=DIRECTION('',(8.981407773035E-1,-4.397080214695E-1,0.E0));
#8839=DIRECTION('',(4.397080214695E-1,8.981407773035E-1,0.E0));
#8840=AXIS2_PLACEMENT_3D('',#8837,#8838,#8839);
#8841=PLANE('',#8840);
#8842=ORIENTED_EDGE('',*,*,#5669,.F.);
#8844=ORIENTED_EDGE('',*,*,#8843,.T.);
#8846=ORIENTED_EDGE('',*,*,#8845,.F.);
#8847=ORIENTED_EDGE('',*,*,#8829,.F.);
#8848=EDGE_LOOP('',(#8842,#8844,#8846,#8847));
#8849=FACE_OUTER_BOUND('',#8848,.F.);
#8850=ADVANCED_FACE('',(#8849),#8841,.F.);
#8851=CARTESIAN_POINT('',(3.078416500092E1,-4.503336701949E1,1.5E1));
#8852=DIRECTION('',(7.145077471585E-1,-6.996275289399E-1,0.E0));
#8853=DIRECTION('',(6.996275289399E-1,7.145077471585E-1,0.E0));
#8854=AXIS2_PLACEMENT_3D('',#8851,#8852,#8853);
#8855=PLANE('',#8854);
#8856=ORIENTED_EDGE('',*,*,#5667,.F.);
#8858=ORIENTED_EDGE('',*,*,#8857,.T.);
#8860=ORIENTED_EDGE('',*,*,#8859,.F.);
#8861=ORIENTED_EDGE('',*,*,#8843,.F.);
#8862=EDGE_LOOP('',(#8856,#8858,#8860,#8861));
#8863=FACE_OUTER_BOUND('',#8862,.F.);
#8864=ADVANCED_FACE('',(#8863),#8855,.F.);
#8865=CARTESIAN_POINT('',(3.03475E1,-4.525634574560E1,1.5E1));
#8866=DIRECTION('',(4.547785369538E-1,-8.906045600187E-1,0.E0));
#8867=DIRECTION('',(8.906045600187E-1,4.547785369538E-1,0.E0));
#8868=AXIS2_PLACEMENT_3D('',#8865,#8866,#8867);
#8869=PLANE('',#8868);
#8870=ORIENTED_EDGE('',*,*,#5665,.F.);
#8872=ORIENTED_EDGE('',*,*,#8871,.T.);
#8874=ORIENTED_EDGE('',*,*,#8873,.F.);
#8875=ORIENTED_EDGE('',*,*,#8857,.F.);
#8876=EDGE_LOOP('',(#8870,#8872,#8874,#8875));
#8877=FACE_OUTER_BOUND('',#8876,.F.);
#8878=ADVANCED_FACE('',(#8877),#8869,.F.);
#8879=CARTESIAN_POINT('',(2.980166500092E1,-4.536783510377E1,1.5E1));
#8880=DIRECTION('',(2.001227856108E-1,-9.797708255911E-1,0.E0));
#8881=DIRECTION('',(9.797708255911E-1,2.001227856108E-1,0.E0));
#8882=AXIS2_PLACEMENT_3D('',#8879,#8880,#8881);
#8883=PLANE('',#8882);
#8884=ORIENTED_EDGE('',*,*,#5663,.F.);
#8886=ORIENTED_EDGE('',*,*,#8885,.T.);
#8888=ORIENTED_EDGE('',*,*,#8887,.F.);
#8889=ORIENTED_EDGE('',*,*,#8871,.F.);
#8890=EDGE_LOOP('',(#8884,#8886,#8888,#8889));
#8891=FACE_OUTER_BOUND('',#8890,.F.);
#8892=ADVANCED_FACE('',(#8891),#8883,.F.);
#8893=CARTESIAN_POINT('',(2.892833499908E1,-4.536783510377E1,1.5E1));
#8894=DIRECTION('',(0.E0,-1.E0,0.E0));
#8895=DIRECTION('',(1.E0,0.E0,0.E0));
#8896=AXIS2_PLACEMENT_3D('',#8893,#8894,#8895);
#8897=PLANE('',#8896);
#8898=ORIENTED_EDGE('',*,*,#5661,.F.);
#8900=ORIENTED_EDGE('',*,*,#8899,.T.);
#8902=ORIENTED_EDGE('',*,*,#8901,.T.);
#8903=ORIENTED_EDGE('',*,*,#8885,.F.);
#8904=EDGE_LOOP('',(#8898,#8900,#8902,#8903));
#8905=FACE_OUTER_BOUND('',#8904,.F.);
#8906=ADVANCED_FACE('',(#8905),#8897,.F.);
#8907=CARTESIAN_POINT('',(2.83825E1,-4.525634574560E1,1.5E1));
#8908=DIRECTION('',(-2.001227856108E-1,-9.797708255911E-1,0.E0));
#8909=DIRECTION('',(9.797708255911E-1,-2.001227856108E-1,0.E0));
#8910=AXIS2_PLACEMENT_3D('',#8907,#8908,#8909);
#8911=PLANE('',#8910);
#8912=ORIENTED_EDGE('',*,*,#5659,.F.);
#8914=ORIENTED_EDGE('',*,*,#8913,.T.);
#8916=ORIENTED_EDGE('',*,*,#8915,.F.);
#8917=ORIENTED_EDGE('',*,*,#8899,.F.);
#8918=EDGE_LOOP('',(#8912,#8914,#8916,#8917));
#8919=FACE_OUTER_BOUND('',#8918,.F.);
#8920=ADVANCED_FACE('',(#8919),#8911,.F.);
#8921=CARTESIAN_POINT('',(2.794583499908E1,-4.503336701949E1,1.5E1));
#8922=DIRECTION('',(-4.547785369538E-1,-8.906045600187E-1,0.E0));
#8923=DIRECTION('',(8.906045600187E-1,-4.547785369538E-1,0.E0));
#8924=AXIS2_PLACEMENT_3D('',#8921,#8922,#8923);
#8925=PLANE('',#8924);
#8926=ORIENTED_EDGE('',*,*,#5657,.F.);
#8928=ORIENTED_EDGE('',*,*,#8927,.T.);
#8930=ORIENTED_EDGE('',*,*,#8929,.F.);
#8931=ORIENTED_EDGE('',*,*,#8913,.F.);
#8932=EDGE_LOOP('',(#8926,#8928,#8930,#8931));
#8933=FACE_OUTER_BOUND('',#8932,.F.);
#8934=ADVANCED_FACE('',(#8933),#8925,.F.);
#8935=CARTESIAN_POINT('',(2.750916500092E1,-4.458740958680E1,1.5E1));
#8936=DIRECTION('',(-7.145077471585E-1,-6.996275289399E-1,0.E0));
#8937=DIRECTION('',(6.996275289399E-1,-7.145077471585E-1,0.E0));
#8938=AXIS2_PLACEMENT_3D('',#8935,#8936,#8937);
#8939=PLANE('',#8938);
#8940=ORIENTED_EDGE('',*,*,#5655,.F.);
#8942=ORIENTED_EDGE('',*,*,#8941,.T.);
#8944=ORIENTED_EDGE('',*,*,#8943,.F.);
#8945=ORIENTED_EDGE('',*,*,#8927,.F.);
#8946=EDGE_LOOP('',(#8940,#8942,#8944,#8945));
#8947=FACE_OUTER_BOUND('',#8946,.F.);
#8948=ADVANCED_FACE('',(#8947),#8939,.F.);
#8949=CARTESIAN_POINT('',(2.729083499908E1,-4.414145211508E1,1.5E1));
#8950=DIRECTION('',(-8.981407773035E-1,-4.397080214695E-1,0.E0));
#8951=DIRECTION('',(4.397080214695E-1,-8.981407773035E-1,0.E0));
#8952=AXIS2_PLACEMENT_3D('',#8949,#8950,#8951);
#8953=PLANE('',#8952);
#8954=ORIENTED_EDGE('',*,*,#5653,.F.);
#8956=ORIENTED_EDGE('',*,*,#8955,.T.);
#8958=ORIENTED_EDGE('',*,*,#8957,.F.);
#8959=ORIENTED_EDGE('',*,*,#8941,.F.);
#8960=EDGE_LOOP('',(#8954,#8956,#8958,#8959));
#8961=FACE_OUTER_BOUND('',#8960,.F.);
#8962=ADVANCED_FACE('',(#8961),#8953,.F.);
#8963=CARTESIAN_POINT('',(2.718166500092E1,-4.358400537302E1,1.5E1));
#8964=DIRECTION('',(-9.813580283453E-1,-1.921885017429E-1,0.E0));
#8965=DIRECTION('',(1.921885017429E-1,-9.813580283453E-1,0.E0));
#8966=AXIS2_PLACEMENT_3D('',#8963,#8964,#8965);
#8967=PLANE('',#8966);
#8968=ORIENTED_EDGE('',*,*,#5651,.F.);
#8970=ORIENTED_EDGE('',*,*,#8969,.T.);
#8972=ORIENTED_EDGE('',*,*,#8971,.F.);
#8973=ORIENTED_EDGE('',*,*,#8955,.F.);
#8974=EDGE_LOOP('',(#8968,#8970,#8972,#8973));
#8975=FACE_OUTER_BOUND('',#8974,.F.);
#8976=ADVANCED_FACE('',(#8975),#8967,.F.);
#8977=CARTESIAN_POINT('',(2.718166500092E1,-4.191166499068E1,1.5E1));
#8978=DIRECTION('',(-1.E0,0.E0,0.E0));
#8979=DIRECTION('',(0.E0,-1.E0,0.E0));
#8980=AXIS2_PLACEMENT_3D('',#8977,#8978,#8979);
#8981=PLANE('',#8980);
#8982=ORIENTED_EDGE('',*,*,#5649,.F.);
#8984=ORIENTED_EDGE('',*,*,#8983,.T.);
#8986=ORIENTED_EDGE('',*,*,#8985,.T.);
#8987=ORIENTED_EDGE('',*,*,#8969,.F.);
#8988=EDGE_LOOP('',(#8982,#8984,#8986,#8987));
#8989=FACE_OUTER_BOUND('',#8988,.F.);
#8990=ADVANCED_FACE('',(#8989),#8981,.F.);
#8991=CARTESIAN_POINT('',(2.729083499908E1,-4.135421793629E1,1.5E1));
#8992=DIRECTION('',(-9.813580486544E-1,1.921883980402E-1,0.E0));
#8993=DIRECTION('',(-1.921883980402E-1,-9.813580486544E-1,0.E0));
#8994=AXIS2_PLACEMENT_3D('',#8991,#8992,#8993);
#8995=PLANE('',#8994);
#8996=ORIENTED_EDGE('',*,*,#5647,.F.);
#8998=ORIENTED_EDGE('',*,*,#8997,.T.);
#9000=ORIENTED_EDGE('',*,*,#8999,.F.);
#9001=ORIENTED_EDGE('',*,*,#8983,.F.);
#9002=EDGE_LOOP('',(#8996,#8998,#9000,#9001));
#9003=FACE_OUTER_BOUND('',#9002,.F.);
#9004=ADVANCED_FACE('',(#9003),#8995,.F.);
#9005=CARTESIAN_POINT('',(2.750916500092E1,-4.090826054265E1,1.5E1));
#9006=DIRECTION('',(-8.981407468995E-1,4.397080835723E-1,0.E0));
#9007=DIRECTION('',(-4.397080835723E-1,-8.981407468995E-1,0.E0));
#9008=AXIS2_PLACEMENT_3D('',#9005,#9006,#9007);
#9009=PLANE('',#9008);
#9010=ORIENTED_EDGE('',*,*,#5645,.F.);
#9012=ORIENTED_EDGE('',*,*,#9011,.T.);
#9014=ORIENTED_EDGE('',*,*,#9013,.F.);
#9015=ORIENTED_EDGE('',*,*,#8997,.F.);
#9016=EDGE_LOOP('',(#9010,#9012,#9014,#9015));
#9017=FACE_OUTER_BOUND('',#9016,.F.);
#9018=ADVANCED_FACE('',(#9017),#9009,.F.);
#9019=CARTESIAN_POINT('',(2.794583499908E1,-4.046230314900E1,1.5E1));
#9020=DIRECTION('',(-7.145077165410E-1,6.996275602085E-1,0.E0));
#9021=DIRECTION('',(-6.996275602085E-1,-7.145077165410E-1,0.E0));
#9022=AXIS2_PLACEMENT_3D('',#9019,#9020,#9021);
#9023=PLANE('',#9022);
#9024=ORIENTED_EDGE('',*,*,#5643,.F.);
#9026=ORIENTED_EDGE('',*,*,#9025,.T.);
#9028=ORIENTED_EDGE('',*,*,#9027,.F.);
#9029=ORIENTED_EDGE('',*,*,#9011,.F.);
#9030=EDGE_LOOP('',(#9024,#9026,#9028,#9029));
#9031=FACE_OUTER_BOUND('',#9030,.F.);
#9032=ADVANCED_FACE('',(#9031),#9023,.F.);
#9033=CARTESIAN_POINT('',(2.83825E1,-4.023932445218E1,1.5E1));
#9034=DIRECTION('',(-4.547784895854E-1,8.906045842070E-1,0.E0));
#9035=DIRECTION('',(-8.906045842070E-1,-4.547784895854E-1,0.E0));
#9036=AXIS2_PLACEMENT_3D('',#9033,#9034,#9035);
#9037=PLANE('',#9036);
#9038=ORIENTED_EDGE('',*,*,#5641,.F.);
#9039=ORIENTED_EDGE('',*,*,#8720,.T.);
#9041=ORIENTED_EDGE('',*,*,#9040,.F.);
#9042=ORIENTED_EDGE('',*,*,#9025,.F.);
#9043=EDGE_LOOP('',(#9038,#9039,#9041,#9042));
#9044=FACE_OUTER_BOUND('',#9043,.F.);
#9045=ADVANCED_FACE('',(#9044),#9037,.F.);
#9046=CARTESIAN_POINT('',(0.E0,1.590000000001E1,1.45E1));
#9047=DIRECTION('',(0.E0,0.E0,1.E0));
#9048=DIRECTION('',(1.E0,0.E0,0.E0));
#9049=AXIS2_PLACEMENT_3D('',#9046,#9047,#9048);
#9050=PLANE('',#9049);
#9051=ORIENTED_EDGE('',*,*,#8718,.T.);
#9052=ORIENTED_EDGE('',*,*,#8733,.F.);
#9053=ORIENTED_EDGE('',*,*,#8747,.T.);
#9054=ORIENTED_EDGE('',*,*,#8761,.T.);
#9055=ORIENTED_EDGE('',*,*,#8775,.T.);
#9056=ORIENTED_EDGE('',*,*,#8789,.T.);
#9057=ORIENTED_EDGE('',*,*,#8803,.T.);
#9058=ORIENTED_EDGE('',*,*,#8817,.F.);
#9059=ORIENTED_EDGE('',*,*,#8831,.T.);
#9060=ORIENTED_EDGE('',*,*,#8845,.T.);
#9061=ORIENTED_EDGE('',*,*,#8859,.T.);
#9062=ORIENTED_EDGE('',*,*,#8873,.T.);
#9063=ORIENTED_EDGE('',*,*,#8887,.T.);
#9064=ORIENTED_EDGE('',*,*,#8901,.F.);
#9065=ORIENTED_EDGE('',*,*,#8915,.T.);
#9066=ORIENTED_EDGE('',*,*,#8929,.T.);
#9067=ORIENTED_EDGE('',*,*,#8943,.T.);
#9068=ORIENTED_EDGE('',*,*,#8957,.T.);
#9069=ORIENTED_EDGE('',*,*,#8971,.T.);
#9070=ORIENTED_EDGE('',*,*,#8985,.F.);
#9071=ORIENTED_EDGE('',*,*,#8999,.T.);
#9072=ORIENTED_EDGE('',*,*,#9013,.T.);
#9073=ORIENTED_EDGE('',*,*,#9027,.T.);
#9074=ORIENTED_EDGE('',*,*,#9040,.T.);
#9075=EDGE_LOOP('',(#9051,#9052,#9053,#9054,#9055,#9056,#9057,#9058,#9059,#9060,
#9061,#9062,#9063,#9064,#9065,#9066,#9067,#9068,#9069,#9070,#9071,#9072,#9073,
#9074));
#9076=FACE_OUTER_BOUND('',#9075,.F.);
#9078=ORIENTED_EDGE('',*,*,#9077,.F.);
#9080=ORIENTED_EDGE('',*,*,#9079,.T.);
#9082=ORIENTED_EDGE('',*,*,#9081,.T.);
#9084=ORIENTED_EDGE('',*,*,#9083,.T.);
#9086=ORIENTED_EDGE('',*,*,#9085,.T.);
#9088=ORIENTED_EDGE('',*,*,#9087,.F.);
#9090=ORIENTED_EDGE('',*,*,#9089,.T.);
#9092=ORIENTED_EDGE('',*,*,#9091,.T.);
#9094=ORIENTED_EDGE('',*,*,#9093,.T.);
#9096=ORIENTED_EDGE('',*,*,#9095,.T.);
#9098=ORIENTED_EDGE('',*,*,#9097,.F.);
#9100=ORIENTED_EDGE('',*,*,#9099,.T.);
#9102=ORIENTED_EDGE('',*,*,#9101,.T.);
#9104=ORIENTED_EDGE('',*,*,#9103,.T.);
#9106=ORIENTED_EDGE('',*,*,#9105,.T.);
#9108=ORIENTED_EDGE('',*,*,#9107,.F.);
#9110=ORIENTED_EDGE('',*,*,#9109,.T.);
#9112=ORIENTED_EDGE('',*,*,#9111,.T.);
#9114=ORIENTED_EDGE('',*,*,#9113,.T.);
#9116=ORIENTED_EDGE('',*,*,#9115,.T.);
#9117=EDGE_LOOP('',(#9078,#9080,#9082,#9084,#9086,#9088,#9090,#9092,#9094,#9096,
#9098,#9100,#9102,#9104,#9106,#9108,#9110,#9112,#9114,#9116));
#9118=FACE_BOUND('',#9117,.F.);
#9119=ADVANCED_FACE('',(#9076,#9118),#9050,.T.);
#9120=CARTESIAN_POINT('',(2.892833499908E1,-4.079677119424E1,1.5E1));
#9121=DIRECTION('',(0.E0,-1.E0,0.E0));
#9122=DIRECTION('',(1.E0,0.E0,0.E0));
#9123=AXIS2_PLACEMENT_3D('',#9120,#9121,#9122);
#9124=PLANE('',#9123);
#9126=ORIENTED_EDGE('',*,*,#9125,.F.);
#9128=ORIENTED_EDGE('',*,*,#9127,.T.);
#9129=ORIENTED_EDGE('',*,*,#9077,.T.);
#9131=ORIENTED_EDGE('',*,*,#9130,.F.);
#9132=EDGE_LOOP('',(#9126,#9128,#9129,#9131));
#9133=FACE_OUTER_BOUND('',#9132,.F.);
#9134=ADVANCED_FACE('',(#9133),#9124,.F.);
#9135=CARTESIAN_POINT('',(0.E0,1.590000000001E1,1.5E1));
#9136=DIRECTION('',(0.E0,0.E0,1.E0));
#9137=DIRECTION('',(1.E0,0.E0,0.E0));
#9138=AXIS2_PLACEMENT_3D('',#9135,#9136,#9137);
#9139=PLANE('',#9138);
#9140=ORIENTED_EDGE('',*,*,#9125,.T.);
#9142=ORIENTED_EDGE('',*,*,#9141,.T.);
#9144=ORIENTED_EDGE('',*,*,#9143,.T.);
#9146=ORIENTED_EDGE('',*,*,#9145,.T.);
#9148=ORIENTED_EDGE('',*,*,#9147,.T.);
#9150=ORIENTED_EDGE('',*,*,#9149,.T.);
#9152=ORIENTED_EDGE('',*,*,#9151,.T.);
#9154=ORIENTED_EDGE('',*,*,#9153,.T.);
#9156=ORIENTED_EDGE('',*,*,#9155,.T.);
#9158=ORIENTED_EDGE('',*,*,#9157,.T.);
#9160=ORIENTED_EDGE('',*,*,#9159,.T.);
#9162=ORIENTED_EDGE('',*,*,#9161,.T.);
#9164=ORIENTED_EDGE('',*,*,#9163,.T.);
#9166=ORIENTED_EDGE('',*,*,#9165,.T.);
#9168=ORIENTED_EDGE('',*,*,#9167,.T.);
#9170=ORIENTED_EDGE('',*,*,#9169,.T.);
#9172=ORIENTED_EDGE('',*,*,#9171,.T.);
#9174=ORIENTED_EDGE('',*,*,#9173,.T.);
#9176=ORIENTED_EDGE('',*,*,#9175,.T.);
#9178=ORIENTED_EDGE('',*,*,#9177,.T.);
#9179=EDGE_LOOP('',(#9140,#9142,#9144,#9146,#9148,#9150,#9152,#9154,#9156,#9158,
#9160,#9162,#9164,#9166,#9168,#9170,#9172,#9174,#9176,#9178));
#9180=FACE_OUTER_BOUND('',#9179,.F.);
#9181=ADVANCED_FACE('',(#9180),#9139,.T.);
#9182=CARTESIAN_POINT('',(2.980166500092E1,-4.079677119424E1,1.5E1));
#9183=DIRECTION('',(-2.473814457133E-1,-9.689181700829E-1,0.E0));
#9184=DIRECTION('',(9.689181700829E-1,-2.473814457133E-1,0.E0));
#9185=AXIS2_PLACEMENT_3D('',#9182,#9183,#9184);
#9186=PLANE('',#9185);
#9187=ORIENTED_EDGE('',*,*,#9141,.F.);
#9188=ORIENTED_EDGE('',*,*,#9130,.T.);
#9189=ORIENTED_EDGE('',*,*,#9115,.F.);
#9191=ORIENTED_EDGE('',*,*,#9190,.F.);
#9192=EDGE_LOOP('',(#9187,#9188,#9189,#9191));
#9193=FACE_OUTER_BOUND('',#9192,.F.);
#9194=ADVANCED_FACE('',(#9193),#9186,.F.);
#9195=CARTESIAN_POINT('',(3.023833499908E1,-4.090826054265E1,1.5E1));
#9196=DIRECTION('',(-5.627909312417E-1,-8.265992787996E-1,0.E0));
#9197=DIRECTION('',(8.265992787996E-1,-5.627909312417E-1,0.E0));
#9198=AXIS2_PLACEMENT_3D('',#9195,#9196,#9197);
#9199=PLANE('',#9198);
#9200=ORIENTED_EDGE('',*,*,#9143,.F.);
#9201=ORIENTED_EDGE('',*,*,#9190,.T.);
#9202=ORIENTED_EDGE('',*,*,#9113,.F.);
#9204=ORIENTED_EDGE('',*,*,#9203,.F.);
#9205=EDGE_LOOP('',(#9200,#9201,#9202,#9204));
#9206=FACE_OUTER_BOUND('',#9205,.F.);
#9207=ADVANCED_FACE('',(#9206),#9199,.F.);
#9208=CARTESIAN_POINT('',(3.056583499908E1,-4.113123923947E1,1.5E1));
#9209=DIRECTION('',(-8.373831720141E-1,-5.466163400664E-1,0.E0));
#9210=DIRECTION('',(5.466163400664E-1,-8.373831720141E-1,0.E0));
#9211=AXIS2_PLACEMENT_3D('',#9208,#9209,#9210);
#9212=PLANE('',#9211);
#9213=ORIENTED_EDGE('',*,*,#9145,.F.);
#9214=ORIENTED_EDGE('',*,*,#9203,.T.);
#9215=ORIENTED_EDGE('',*,*,#9111,.F.);
#9217=ORIENTED_EDGE('',*,*,#9216,.F.);
#9218=EDGE_LOOP('',(#9213,#9214,#9215,#9217));
#9219=FACE_OUTER_BOUND('',#9218,.F.);
#9220=ADVANCED_FACE('',(#9219),#9212,.F.);
#9221=CARTESIAN_POINT('',(3.078416500092E1,-4.146570759703E1,1.5E1));
#9222=DIRECTION('',(-9.713194780060E-1,-2.377781984247E-1,0.E0));
#9223=DIRECTION('',(2.377781984247E-1,-9.713194780060E-1,0.E0));
#9224=AXIS2_PLACEMENT_3D('',#9221,#9222,#9223);
#9225=PLANE('',#9224);
#9226=ORIENTED_EDGE('',*,*,#9147,.F.);
#9227=ORIENTED_EDGE('',*,*,#9216,.T.);
#9228=ORIENTED_EDGE('',*,*,#9109,.F.);
#9230=ORIENTED_EDGE('',*,*,#9229,.F.);
#9231=EDGE_LOOP('',(#9226,#9227,#9228,#9230));
#9232=FACE_OUTER_BOUND('',#9231,.F.);
#9233=ADVANCED_FACE('',(#9232),#9225,.F.);
#9234=CARTESIAN_POINT('',(3.089333499908E1,-4.191166499068E1,1.5E1));
#9235=DIRECTION('',(-1.E0,0.E0,0.E0));
#9236=DIRECTION('',(0.E0,-1.E0,0.E0));
#9237=AXIS2_PLACEMENT_3D('',#9234,#9235,#9236);
#9238=PLANE('',#9237);
#9239=ORIENTED_EDGE('',*,*,#9149,.F.);
#9240=ORIENTED_EDGE('',*,*,#9229,.T.);
#9241=ORIENTED_EDGE('',*,*,#9107,.T.);
#9243=ORIENTED_EDGE('',*,*,#9242,.F.);
#9244=EDGE_LOOP('',(#9239,#9240,#9241,#9243));
#9245=FACE_OUTER_BOUND('',#9244,.F.);
#9246=ADVANCED_FACE('',(#9245),#9238,.F.);
#9247=CARTESIAN_POINT('',(3.089333499908E1,-4.358400537302E1,1.5E1));
#9248=DIRECTION('',(-9.713194780060E-1,2.377781984247E-1,0.E0));
#9249=DIRECTION('',(-2.377781984247E-1,-9.713194780060E-1,0.E0));
#9250=AXIS2_PLACEMENT_3D('',#9247,#9248,#9249);
#9251=PLANE('',#9250);
#9252=ORIENTED_EDGE('',*,*,#9151,.F.);
#9253=ORIENTED_EDGE('',*,*,#9242,.T.);
#9254=ORIENTED_EDGE('',*,*,#9105,.F.);
#9256=ORIENTED_EDGE('',*,*,#9255,.F.);
#9257=EDGE_LOOP('',(#9252,#9253,#9254,#9256));
#9258=FACE_OUTER_BOUND('',#9257,.F.);
#9259=ADVANCED_FACE('',(#9258),#9251,.F.);
#9260=CARTESIAN_POINT('',(3.078416500092E1,-4.402996276666E1,1.5E1));
#9261=DIRECTION('',(-8.373829383746E-1,5.466166979878E-1,0.E0));
#9262=DIRECTION('',(-5.466166979878E-1,-8.373829383746E-1,0.E0));
#9263=AXIS2_PLACEMENT_3D('',#9260,#9261,#9262);
#9264=PLANE('',#9263);
#9265=ORIENTED_EDGE('',*,*,#9153,.F.);
#9266=ORIENTED_EDGE('',*,*,#9255,.T.);
#9267=ORIENTED_EDGE('',*,*,#9103,.F.);
#9269=ORIENTED_EDGE('',*,*,#9268,.F.);
#9270=EDGE_LOOP('',(#9265,#9266,#9267,#9269));
#9271=FACE_OUTER_BOUND('',#9270,.F.);
#9272=ADVANCED_FACE('',(#9271),#9264,.F.);
#9273=CARTESIAN_POINT('',(3.056583499908E1,-4.436443081190E1,1.5E1));
#9274=DIRECTION('',(-5.627910658975E-1,8.265991871191E-1,0.E0));
#9275=DIRECTION('',(-8.265991871191E-1,-5.627910658975E-1,0.E0));
#9276=AXIS2_PLACEMENT_3D('',#9273,#9274,#9275);
#9277=PLANE('',#9276);
#9278=ORIENTED_EDGE('',*,*,#9155,.F.);
#9279=ORIENTED_EDGE('',*,*,#9268,.T.);
#9280=ORIENTED_EDGE('',*,*,#9101,.F.);
#9282=ORIENTED_EDGE('',*,*,#9281,.F.);
#9283=EDGE_LOOP('',(#9278,#9279,#9280,#9282));
#9284=FACE_OUTER_BOUND('',#9283,.F.);
#9285=ADVANCED_FACE('',(#9284),#9277,.F.);
#9286=CARTESIAN_POINT('',(3.023833499908E1,-4.458740958680E1,1.5E1));
#9287=DIRECTION('',(-2.473814457133E-1,9.689181700829E-1,0.E0));
#9288=DIRECTION('',(-9.689181700829E-1,-2.473814457133E-1,0.E0));
#9289=AXIS2_PLACEMENT_3D('',#9286,#9287,#9288);
#9290=PLANE('',#9289);
#9291=ORIENTED_EDGE('',*,*,#9157,.F.);
#9292=ORIENTED_EDGE('',*,*,#9281,.T.);
#9293=ORIENTED_EDGE('',*,*,#9099,.F.);
#9295=ORIENTED_EDGE('',*,*,#9294,.F.);
#9296=EDGE_LOOP('',(#9291,#9292,#9293,#9295));
#9297=FACE_OUTER_BOUND('',#9296,.F.);
#9298=ADVANCED_FACE('',(#9297),#9290,.F.);
#9299=CARTESIAN_POINT('',(2.980166500092E1,-4.469889893522E1,1.5E1));
#9300=DIRECTION('',(0.E0,1.E0,0.E0));
#9301=DIRECTION('',(-1.E0,0.E0,0.E0));
#9302=AXIS2_PLACEMENT_3D('',#9299,#9300,#9301);
#9303=PLANE('',#9302);
#9304=ORIENTED_EDGE('',*,*,#9159,.F.);
#9305=ORIENTED_EDGE('',*,*,#9294,.T.);
#9306=ORIENTED_EDGE('',*,*,#9097,.T.);
#9308=ORIENTED_EDGE('',*,*,#9307,.F.);
#9309=EDGE_LOOP('',(#9304,#9305,#9306,#9308));
#9310=FACE_OUTER_BOUND('',#9309,.F.);
#9311=ADVANCED_FACE('',(#9310),#9303,.F.);
#9312=CARTESIAN_POINT('',(2.892833499908E1,-4.469889893522E1,1.5E1));
#9313=DIRECTION('',(2.473814457133E-1,9.689181700829E-1,0.E0));
#9314=DIRECTION('',(-9.689181700829E-1,2.473814457133E-1,0.E0));
#9315=AXIS2_PLACEMENT_3D('',#9312,#9313,#9314);
#9316=PLANE('',#9315);
#9317=ORIENTED_EDGE('',*,*,#9161,.F.);
#9318=ORIENTED_EDGE('',*,*,#9307,.T.);
#9319=ORIENTED_EDGE('',*,*,#9095,.F.);
#9321=ORIENTED_EDGE('',*,*,#9320,.F.);
#9322=EDGE_LOOP('',(#9317,#9318,#9319,#9321));
#9323=FACE_OUTER_BOUND('',#9322,.F.);
#9324=ADVANCED_FACE('',(#9323),#9316,.F.);
#9325=CARTESIAN_POINT('',(2.849166500092E1,-4.458740958680E1,1.5E1));
#9326=DIRECTION('',(5.627910658975E-1,8.265991871191E-1,0.E0));
#9327=DIRECTION('',(-8.265991871191E-1,5.627910658975E-1,0.E0));
#9328=AXIS2_PLACEMENT_3D('',#9325,#9326,#9327);
#9329=PLANE('',#9328);
#9330=ORIENTED_EDGE('',*,*,#9163,.F.);
#9331=ORIENTED_EDGE('',*,*,#9320,.T.);
#9332=ORIENTED_EDGE('',*,*,#9093,.F.);
#9334=ORIENTED_EDGE('',*,*,#9333,.F.);
#9335=EDGE_LOOP('',(#9330,#9331,#9332,#9334));
#9336=FACE_OUTER_BOUND('',#9335,.F.);
#9337=ADVANCED_FACE('',(#9336),#9329,.F.);
#9338=CARTESIAN_POINT('',(2.816416500092E1,-4.436443081190E1,1.5E1));
#9339=DIRECTION('',(8.373829383746E-1,5.466166979878E-1,0.E0));
#9340=DIRECTION('',(-5.466166979878E-1,8.373829383746E-1,0.E0));
#9341=AXIS2_PLACEMENT_3D('',#9338,#9339,#9340);
#9342=PLANE('',#9341);
#9343=ORIENTED_EDGE('',*,*,#9165,.F.);
#9344=ORIENTED_EDGE('',*,*,#9333,.T.);
#9345=ORIENTED_EDGE('',*,*,#9091,.F.);
#9347=ORIENTED_EDGE('',*,*,#9346,.F.);
#9348=EDGE_LOOP('',(#9343,#9344,#9345,#9347));
#9349=FACE_OUTER_BOUND('',#9348,.F.);
#9350=ADVANCED_FACE('',(#9349),#9342,.F.);
#9351=CARTESIAN_POINT('',(2.794583499908E1,-4.402996276666E1,1.5E1));
#9352=DIRECTION('',(9.713194780060E-1,2.377781984247E-1,0.E0));
#9353=DIRECTION('',(-2.377781984247E-1,9.713194780060E-1,0.E0));
#9354=AXIS2_PLACEMENT_3D('',#9351,#9352,#9353);
#9355=PLANE('',#9354);
#9356=ORIENTED_EDGE('',*,*,#9167,.F.);
#9357=ORIENTED_EDGE('',*,*,#9346,.T.);
#9358=ORIENTED_EDGE('',*,*,#9089,.F.);
#9360=ORIENTED_EDGE('',*,*,#9359,.F.);
#9361=EDGE_LOOP('',(#9356,#9357,#9358,#9360));
#9362=FACE_OUTER_BOUND('',#9361,.F.);
#9363=ADVANCED_FACE('',(#9362),#9355,.F.);
#9364=CARTESIAN_POINT('',(2.783666500092E1,-4.358400537302E1,1.5E1));
#9365=DIRECTION('',(1.E0,0.E0,0.E0));
#9366=DIRECTION('',(0.E0,1.E0,0.E0));
#9367=AXIS2_PLACEMENT_3D('',#9364,#9365,#9366);
#9368=PLANE('',#9367);
#9369=ORIENTED_EDGE('',*,*,#9169,.F.);
#9370=ORIENTED_EDGE('',*,*,#9359,.T.);
#9371=ORIENTED_EDGE('',*,*,#9087,.T.);
#9373=ORIENTED_EDGE('',*,*,#9372,.F.);
#9374=EDGE_LOOP('',(#9369,#9370,#9371,#9373));
#9375=FACE_OUTER_BOUND('',#9374,.F.);
#9376=ADVANCED_FACE('',(#9375),#9368,.F.);
#9377=CARTESIAN_POINT('',(2.783666500092E1,-4.191166499068E1,1.5E1));
#9378=DIRECTION('',(9.713194780060E-1,-2.377781984247E-1,0.E0));
#9379=DIRECTION('',(2.377781984247E-1,9.713194780060E-1,0.E0));
#9380=AXIS2_PLACEMENT_3D('',#9377,#9378,#9379);
#9381=PLANE('',#9380);
#9382=ORIENTED_EDGE('',*,*,#9171,.F.);
#9383=ORIENTED_EDGE('',*,*,#9372,.T.);
#9384=ORIENTED_EDGE('',*,*,#9085,.F.);
#9386=ORIENTED_EDGE('',*,*,#9385,.F.);
#9387=EDGE_LOOP('',(#9382,#9383,#9384,#9386));
#9388=FACE_OUTER_BOUND('',#9387,.F.);
#9389=ADVANCED_FACE('',(#9388),#9381,.F.);
#9390=CARTESIAN_POINT('',(2.794583499908E1,-4.146570759703E1,1.5E1));
#9391=DIRECTION('',(8.373831720141E-1,-5.466163400664E-1,0.E0));
#9392=DIRECTION('',(5.466163400664E-1,8.373831720141E-1,0.E0));
#9393=AXIS2_PLACEMENT_3D('',#9390,#9391,#9392);
#9394=PLANE('',#9393);
#9395=ORIENTED_EDGE('',*,*,#9173,.F.);
#9396=ORIENTED_EDGE('',*,*,#9385,.T.);
#9397=ORIENTED_EDGE('',*,*,#9083,.F.);
#9399=ORIENTED_EDGE('',*,*,#9398,.F.);
#9400=EDGE_LOOP('',(#9395,#9396,#9397,#9399));
#9401=FACE_OUTER_BOUND('',#9400,.F.);
#9402=ADVANCED_FACE('',(#9401),#9394,.F.);
#9403=CARTESIAN_POINT('',(2.816416500092E1,-4.113123923947E1,1.5E1));
#9404=DIRECTION('',(5.627909312417E-1,-8.265992787996E-1,0.E0));
#9405=DIRECTION('',(8.265992787996E-1,5.627909312417E-1,0.E0));
#9406=AXIS2_PLACEMENT_3D('',#9403,#9404,#9405);
#9407=PLANE('',#9406);
#9408=ORIENTED_EDGE('',*,*,#9175,.F.);
#9409=ORIENTED_EDGE('',*,*,#9398,.T.);
#9410=ORIENTED_EDGE('',*,*,#9081,.F.);
#9412=ORIENTED_EDGE('',*,*,#9411,.F.);
#9413=EDGE_LOOP('',(#9408,#9409,#9410,#9412));
#9414=FACE_OUTER_BOUND('',#9413,.F.);
#9415=ADVANCED_FACE('',(#9414),#9407,.F.);
#9416=CARTESIAN_POINT('',(2.849166500092E1,-4.090826054265E1,1.5E1));
#9417=DIRECTION('',(2.473814457133E-1,-9.689181700829E-1,0.E0));
#9418=DIRECTION('',(9.689181700829E-1,2.473814457133E-1,0.E0));
#9419=AXIS2_PLACEMENT_3D('',#9416,#9417,#9418);
#9420=PLANE('',#9419);
#9421=ORIENTED_EDGE('',*,*,#9177,.F.);
#9422=ORIENTED_EDGE('',*,*,#9411,.T.);
#9423=ORIENTED_EDGE('',*,*,#9079,.F.);
#9424=ORIENTED_EDGE('',*,*,#9127,.F.);
#9425=EDGE_LOOP('',(#9421,#9422,#9423,#9424));
#9426=FACE_OUTER_BOUND('',#9425,.F.);
#9427=ADVANCED_FACE('',(#9426),#9420,.F.);
#9428=CARTESIAN_POINT('',(1.13E1,2.5092082E2,1.49E1));
#9429=DIRECTION('',(0.E0,-1.E0,0.E0));
#9430=DIRECTION('',(1.E0,0.E0,0.E0));
#9431=AXIS2_PLACEMENT_3D('',#9428,#9429,#9430);
#9432=CYLINDRICAL_SURFACE('',#9431,1.E-1);
#9434=ORIENTED_EDGE('',*,*,#9433,.T.);
#9435=ORIENTED_EDGE('',*,*,#5394,.T.);
#9437=ORIENTED_EDGE('',*,*,#9436,.F.);
#9439=ORIENTED_EDGE('',*,*,#9438,.T.);
#9440=EDGE_LOOP('',(#9434,#9435,#9437,#9439));
#9441=FACE_OUTER_BOUND('',#9440,.F.);
#9442=ADVANCED_FACE('',(#9441),#9432,.T.);
#9443=CARTESIAN_POINT('',(1.19E1,-3.522499999999E1,1.49E1));
#9444=DIRECTION('',(0.E0,0.E0,-1.E0));
#9445=DIRECTION('',(-1.E0,1.006602208993E-12,0.E0));
#9446=AXIS2_PLACEMENT_3D('',#9443,#9444,#9445);
#9447=TOROIDAL_SURFACE('',#9446,6.E-1,1.E-1);
#9449=ORIENTED_EDGE('',*,*,#9448,.T.);
#9450=ORIENTED_EDGE('',*,*,#5396,.T.);
#9451=ORIENTED_EDGE('',*,*,#9433,.F.);
#9453=ORIENTED_EDGE('',*,*,#9452,.F.);
#9454=EDGE_LOOP('',(#9449,#9450,#9451,#9453));
#9455=FACE_OUTER_BOUND('',#9454,.F.);
#9456=ADVANCED_FACE('',(#9455),#9447,.T.);
#9457=CARTESIAN_POINT('',(-1.8036E2,-3.582499999999E1,1.49E1));
#9458=DIRECTION('',(1.E0,0.E0,0.E0));
#9459=DIRECTION('',(0.E0,1.E0,0.E0));
#9460=AXIS2_PLACEMENT_3D('',#9457,#9458,#9459);
#9461=CYLINDRICAL_SURFACE('',#9460,1.E-1);
#9463=ORIENTED_EDGE('',*,*,#9462,.T.);
#9464=ORIENTED_EDGE('',*,*,#5398,.T.);
#9465=ORIENTED_EDGE('',*,*,#9448,.F.);
#9467=ORIENTED_EDGE('',*,*,#9466,.T.);
#9468=EDGE_LOOP('',(#9463,#9464,#9465,#9467));
#9469=FACE_OUTER_BOUND('',#9468,.F.);
#9470=ADVANCED_FACE('',(#9469),#9461,.T.);
#9471=CARTESIAN_POINT('',(2.81E1,-3.522499999999E1,1.49E1));
#9472=DIRECTION('',(0.E0,0.E0,-1.E0));
#9473=DIRECTION('',(-1.184237892933E-14,-1.E0,0.E0));
#9474=AXIS2_PLACEMENT_3D('',#9471,#9472,#9473);
#9475=TOROIDAL_SURFACE('',#9474,6.E-1,1.E-1);
#9477=ORIENTED_EDGE('',*,*,#9476,.T.);
#9478=ORIENTED_EDGE('',*,*,#5400,.T.);
#9479=ORIENTED_EDGE('',*,*,#9462,.F.);
#9481=ORIENTED_EDGE('',*,*,#9480,.F.);
#9482=EDGE_LOOP('',(#9477,#9478,#9479,#9481));
#9483=FACE_OUTER_BOUND('',#9482,.F.);
#9484=ADVANCED_FACE('',(#9483),#9475,.T.);
#9485=CARTESIAN_POINT('',(2.87E1,-2.3587082E2,1.49E1));
#9486=DIRECTION('',(0.E0,1.E0,0.E0));
#9487=DIRECTION('',(-1.E0,0.E0,0.E0));
#9488=AXIS2_PLACEMENT_3D('',#9485,#9486,#9487);
#9489=CYLINDRICAL_SURFACE('',#9488,1.E-1);
#9490=ORIENTED_EDGE('',*,*,#9476,.F.);
#9492=ORIENTED_EDGE('',*,*,#9491,.T.);
#9494=ORIENTED_EDGE('',*,*,#9493,.F.);
#9495=ORIENTED_EDGE('',*,*,#5402,.T.);
#9496=EDGE_LOOP('',(#9490,#9492,#9494,#9495));
#9497=FACE_OUTER_BOUND('',#9496,.F.);
#9498=ADVANCED_FACE('',(#9497),#9489,.T.);
#9499=CARTESIAN_POINT('',(2.86E1,-5.1625E1,1.5E1));
#9500=DIRECTION('',(1.E0,0.E0,0.E0));
#9501=DIRECTION('',(0.E0,1.E0,0.E0));
#9502=AXIS2_PLACEMENT_3D('',#9499,#9500,#9501);
#9503=PLANE('',#9502);
#9505=ORIENTED_EDGE('',*,*,#9504,.T.);
#9506=ORIENTED_EDGE('',*,*,#5220,.T.);
#9508=ORIENTED_EDGE('',*,*,#9507,.F.);
#9510=ORIENTED_EDGE('',*,*,#9509,.F.);
#9512=ORIENTED_EDGE('',*,*,#9511,.F.);
#9514=ORIENTED_EDGE('',*,*,#9513,.T.);
#9516=ORIENTED_EDGE('',*,*,#9515,.F.);
#9517=ORIENTED_EDGE('',*,*,#9491,.F.);
#9518=EDGE_LOOP('',(#9505,#9506,#9508,#9510,#9512,#9514,#9516,#9517));
#9519=FACE_OUTER_BOUND('',#9518,.F.);
#9520=ADVANCED_FACE('',(#9519),#9503,.F.);
#9521=CARTESIAN_POINT('',(2.81E1,-3.522499999999E1,1.526287150697E1));
#9522=DIRECTION('',(0.E0,0.E0,-1.E0));
#9523=DIRECTION('',(1.E0,1.421085471520E-14,0.E0));
#9524=AXIS2_PLACEMENT_3D('',#9521,#9522,#9523);
#9525=CYLINDRICAL_SURFACE('',#9524,5.E-1);
#9526=ORIENTED_EDGE('',*,*,#9504,.F.);
#9527=ORIENTED_EDGE('',*,*,#9480,.T.);
#9529=ORIENTED_EDGE('',*,*,#9528,.T.);
#9530=ORIENTED_EDGE('',*,*,#5222,.T.);
#9531=EDGE_LOOP('',(#9526,#9527,#9529,#9530));
#9532=FACE_OUTER_BOUND('',#9531,.F.);
#9533=ADVANCED_FACE('',(#9532),#9525,.F.);
#9534=CARTESIAN_POINT('',(1.135E1,-3.572499999999E1,1.5E1));
#9535=DIRECTION('',(0.E0,-1.E0,0.E0));
#9536=DIRECTION('',(1.E0,0.E0,0.E0));
#9537=AXIS2_PLACEMENT_3D('',#9534,#9535,#9536);
#9538=PLANE('',#9537);
#9539=ORIENTED_EDGE('',*,*,#9528,.F.);
#9540=ORIENTED_EDGE('',*,*,#9466,.F.);
#9542=ORIENTED_EDGE('',*,*,#9541,.T.);
#9543=ORIENTED_EDGE('',*,*,#5196,.T.);
#9544=EDGE_LOOP('',(#9539,#9540,#9542,#9543));
#9545=FACE_OUTER_BOUND('',#9544,.F.);
#9546=ADVANCED_FACE('',(#9545),#9538,.F.);
#9547=CARTESIAN_POINT('',(1.19E1,-3.522499999999E1,1.516287150697E1));
#9548=DIRECTION('',(0.E0,0.E0,-1.E0));
#9549=DIRECTION('',(0.E0,-1.E0,0.E0));
#9550=AXIS2_PLACEMENT_3D('',#9547,#9548,#9549);
#9551=CYLINDRICAL_SURFACE('',#9550,5.E-1);
#9552=ORIENTED_EDGE('',*,*,#9541,.F.);
#9553=ORIENTED_EDGE('',*,*,#9452,.T.);
#9555=ORIENTED_EDGE('',*,*,#9554,.T.);
#9556=ORIENTED_EDGE('',*,*,#5198,.T.);
#9557=EDGE_LOOP('',(#9552,#9553,#9555,#9556));
#9558=FACE_OUTER_BOUND('',#9557,.F.);
#9559=ADVANCED_FACE('',(#9558),#9551,.F.);
#9560=CARTESIAN_POINT('',(1.14E1,5.1625E1,1.5E1));
#9561=DIRECTION('',(-1.E0,0.E0,0.E0));
#9562=DIRECTION('',(0.E0,-1.E0,0.E0));
#9563=AXIS2_PLACEMENT_3D('',#9560,#9561,#9562);
#9564=PLANE('',#9563);
#9565=ORIENTED_EDGE('',*,*,#9554,.F.);
#9566=ORIENTED_EDGE('',*,*,#9438,.F.);
#9568=ORIENTED_EDGE('',*,*,#9567,.F.);
#9570=ORIENTED_EDGE('',*,*,#9569,.T.);
#9572=ORIENTED_EDGE('',*,*,#9571,.F.);
#9574=ORIENTED_EDGE('',*,*,#9573,.F.);
#9576=ORIENTED_EDGE('',*,*,#9575,.F.);
#9577=ORIENTED_EDGE('',*,*,#5200,.F.);
#9578=EDGE_LOOP('',(#9565,#9566,#9568,#9570,#9572,#9574,#9576,#9577));
#9579=FACE_OUTER_BOUND('',#9578,.F.);
#9580=ADVANCED_FACE('',(#9579),#9564,.F.);
#9581=CARTESIAN_POINT('',(1.09E1,-1.779701989743E0,3.57058E1));
#9582=DIRECTION('',(0.E0,0.E0,-1.E0));
#9583=DIRECTION('',(0.E0,1.E0,0.E0));
#9584=AXIS2_PLACEMENT_3D('',#9581,#9582,#9583);
#9585=CYLINDRICAL_SURFACE('',#9584,5.E-1);
#9587=ORIENTED_EDGE('',*,*,#9586,.T.);
#9589=ORIENTED_EDGE('',*,*,#9588,.F.);
#9590=ORIENTED_EDGE('',*,*,#9567,.T.);
#9592=ORIENTED_EDGE('',*,*,#9591,.T.);
#9593=EDGE_LOOP('',(#9587,#9589,#9590,#9592));
#9594=FACE_OUTER_BOUND('',#9593,.F.);
#9595=ADVANCED_FACE('',(#9594),#9585,.T.);
#9596=CARTESIAN_POINT('',(-5.E1,-1.279701989743E0,1.1E1));
#9597=DIRECTION('',(0.E0,-1.E0,0.E0));
#9598=DIRECTION('',(0.E0,0.E0,1.E0));
#9599=AXIS2_PLACEMENT_3D('',#9596,#9597,#9598);
#9600=PLANE('',#9599);
#9602=ORIENTED_EDGE('',*,*,#9601,.F.);
#9604=ORIENTED_EDGE('',*,*,#9603,.F.);
#9605=ORIENTED_EDGE('',*,*,#9586,.F.);
#9607=ORIENTED_EDGE('',*,*,#9606,.F.);
#9608=EDGE_LOOP('',(#9602,#9604,#9605,#9607));
#9609=FACE_OUTER_BOUND('',#9608,.F.);
#9610=ADVANCED_FACE('',(#9609),#9600,.F.);
#9611=CARTESIAN_POINT('',(-1.065E1,-1.779701989743E0,-2.02058E1));
#9612=DIRECTION('',(0.E0,0.E0,1.E0));
#9613=DIRECTION('',(0.E0,1.E0,0.E0));
#9614=AXIS2_PLACEMENT_3D('',#9611,#9612,#9613);
#9615=CYLINDRICAL_SURFACE('',#9614,5.E-1);
#9616=ORIENTED_EDGE('',*,*,#9601,.T.);
#9618=ORIENTED_EDGE('',*,*,#9617,.F.);
#9620=ORIENTED_EDGE('',*,*,#9619,.T.);
#9622=ORIENTED_EDGE('',*,*,#9621,.F.);
#9623=EDGE_LOOP('',(#9616,#9618,#9620,#9622));
#9624=FACE_OUTER_BOUND('',#9623,.F.);
#9625=ADVANCED_FACE('',(#9624),#9615,.T.);
#9626=CARTESIAN_POINT('',(-1.057459738421E1,-1.287531098993E0,
1.441072670115E1));
#9627=CARTESIAN_POINT('',(-1.059900679108E1,-1.282217127717E0,
1.444125203339E1));
#9628=CARTESIAN_POINT('',(-1.064439792837E1,-1.277372113859E0,
1.449800483261E1));
#9629=CARTESIAN_POINT('',(-1.070904667696E1,-1.284035583600E0,
1.457878332890E1));
#9630=CARTESIAN_POINT('',(-1.076735595147E1,-1.301412919911E0,
1.465159712249E1));
#9631=CARTESIAN_POINT('',(-1.082099795266E1,-1.328174470280E0,
1.471854426413E1));
#9632=CARTESIAN_POINT('',(-1.086960348211E1,-1.363052274631E0,
1.477917192730E1));
#9633=CARTESIAN_POINT('',(-1.091251548156E1,-1.404521947257E0,
1.483266922112E1));
#9634=CARTESIAN_POINT('',(-1.094942294578E1,-1.451142451326E0,
1.487865768509E1));
#9635=CARTESIAN_POINT('',(-1.098016126769E1,-1.501494994417E0,
1.491694147039E1));
#9636=CARTESIAN_POINT('',(-1.100465997727E1,-1.554041821172E0,
1.494744167692E1));
#9637=CARTESIAN_POINT('',(-1.102302469947E1,-1.607030391040E0,
1.497029772143E1));
#9638=CARTESIAN_POINT('',(-1.103569292811E1,-1.658848454040E0,
1.498606026774E1));
#9639=CARTESIAN_POINT('',(-1.104338884997E1,-1.708410068555E0,
1.499563443824E1));
#9640=CARTESIAN_POINT('',(-1.104694610376E1,-1.755481822263E0,
1.500005947550E1));
#9641=CARTESIAN_POINT('',(-1.104705578947E1,-1.813477792628E0,
1.500019593105E1));
#9642=CARTESIAN_POINT('',(-1.104282323597E1,-1.855467347899E0,
1.499493080070E1));
#9643=CARTESIAN_POINT('',(-1.103835316945E1,-1.881957998403E0,
1.498936988039E1));
#9644=CARTESIAN_POINT('',(-1.061850854506E1,-1.293521733681E0,
1.436792903674E1));
#9645=CARTESIAN_POINT('',(-1.064262385538E1,-1.285596467760E0,
1.439787993449E1));
#9646=CARTESIAN_POINT('',(-1.068778754021E1,-1.275798276558E0,
1.445418637591E1));
#9647=CARTESIAN_POINT('',(-1.075271191076E1,-1.275454419928E0,
1.453610087337E1));
#9648=CARTESIAN_POINT('',(-1.081176968399E1,-1.286785268522E0,
1.461141676573E1));
#9649=CARTESIAN_POINT('',(-1.086659890718E1,-1.308464473203E0,
1.468204072668E1));
#9650=CARTESIAN_POINT('',(-1.091679650524E1,-1.339442157254E0,
1.474730689567E1));
#9651=CARTESIAN_POINT('',(-1.096164949730E1,-1.378421367837E0,
1.480612862191E1));
#9652=CARTESIAN_POINT('',(-1.100076828307E1,-1.424129605360E0,
1.485782683918E1));
#9653=CARTESIAN_POINT('',(-1.103387103680E1,-1.475257391172E0,
1.490186472068E1));
#9654=CARTESIAN_POINT('',(-1.106071654259E1,-1.530270985176E0,
1.493776984961E1));
#9655=CARTESIAN_POINT('',(-1.108119481946E1,-1.587231938296E0,
1.496526775105E1));
#9656=CARTESIAN_POINT('',(-1.109554276102E1,-1.644137648058E0,
1.498458503425E1));
#9657=CARTESIAN_POINT('',(-1.110436300451E1,-1.699407076352E0,
1.499647879413E1));
#9658=CARTESIAN_POINT('',(-1.110846887477E1,-1.752371184520E0,
1.500201983332E1));
#9659=CARTESIAN_POINT('',(-1.110859581448E1,-1.817817085975E0,
1.500219088199E1));
#9660=CARTESIAN_POINT('',(-1.110370907034E1,-1.865027807432E0,
1.499559719801E1));
#9661=CARTESIAN_POINT('',(-1.109859675748E1,-1.894479586890E0,
1.498870051539E1));
#9662=CARTESIAN_POINT('',(-1.064957384460E1,-1.341908052009E0,
1.434586055485E1));
#9663=CARTESIAN_POINT('',(-1.067348109397E1,-1.332624339922E0,
1.437266784311E1));
#9664=CARTESIAN_POINT('',(-1.071848386576E1,-1.319779562161E0,
1.442356660470E1));
#9665=CARTESIAN_POINT('',(-1.078360322726E1,-1.313912347138E0,
1.449902915284E1));
#9666=CARTESIAN_POINT('',(-1.084319053184E1,-1.319433543987E0,
1.456956817607E1));
#9667=CARTESIAN_POINT('',(-1.089885966467E1,-1.335138470707E0,
1.463676751991E1));
#9668=CARTESIAN_POINT('',(-1.095018358432E1,-1.360244343662E0,
1.469985223199E1));
#9669=CARTESIAN_POINT('',(-1.099640974702E1,-1.393750890545E0,
1.475761461999E1));
#9670=CARTESIAN_POINT('',(-1.103709294979E1,-1.434633414977E0,
1.480919829915E1));
#9671=CARTESIAN_POINT('',(-1.107186843959E1,-1.481786618294E0,
1.485384435689E1));
#9672=CARTESIAN_POINT('',(-1.110037420500E1,-1.533817606539E0,
1.489081086561E1));
#9673=CARTESIAN_POINT('',(-1.112234773291E1,-1.588814562713E0,
1.491951992312E1));
#9674=CARTESIAN_POINT('',(-1.113788400071E1,-1.644645226065E0,
1.493992094335E1));
#9675=CARTESIAN_POINT('',(-1.114749965447E1,-1.699478038651E0,
1.495258573576E1));
#9676=CARTESIAN_POINT('',(-1.115199364781E1,-1.752358721748E0,
1.495851400667E1));
#9677=CARTESIAN_POINT('',(-1.115213279401E1,-1.817835456006E0,
1.495869712213E1));
#9678=CARTESIAN_POINT('',(-1.114678323751E1,-1.864947153245E0,
1.495164221340E1));
#9679=CARTESIAN_POINT('',(-1.114121656238E1,-1.894102518476E0,
1.494430578848E1));
#9680=CARTESIAN_POINT('',(-1.064819399486E1,-1.402162829039E0,
1.435844439604E1));
#9681=CARTESIAN_POINT('',(-1.067211048583E1,-1.393630571281E0,
1.438152222229E1));
#9682=CARTESIAN_POINT('',(-1.071712040501E1,-1.381567907890E0,
1.442546372041E1));
#9683=CARTESIAN_POINT('',(-1.078223110545E1,-1.375146023130E0,
1.449095694312E1));
#9684=CARTESIAN_POINT('',(-1.084179488946E1,-1.378759749116E0,
1.455245388534E1));
#9685=CARTESIAN_POINT('',(-1.089742671542E1,-1.391367674204E0,
1.461128778758E1));
#9686=CARTESIAN_POINT('',(-1.094870060643E1,-1.412334606891E0,
1.466674737456E1));
#9687=CARTESIAN_POINT('',(-1.099486577602E1,-1.440839025507E0,
1.471773499666E1));
#9688=CARTESIAN_POINT('',(-1.103547949096E1,-1.476026962282E0,
1.476345210910E1));
#9689=CARTESIAN_POINT('',(-1.107018068164E1,-1.516963346356E0,
1.480317672101E1));
#9690=CARTESIAN_POINT('',(-1.109861270211E1,-1.562444100095E0,
1.483619143588E1));
#9691=CARTESIAN_POINT('',(-1.112051981437E1,-1.610779776842E0,
1.486191682279E1));
#9692=CARTESIAN_POINT('',(-1.113600329943E1,-1.660050953985E0,
1.488024684386E1));
#9693=CARTESIAN_POINT('',(-1.114558362288E1,-1.708578184903E0,
1.489164766280E1));
#9694=CARTESIAN_POINT('',(-1.115006037668E1,-1.755452296786E0,
1.489699008834E1));
#9695=CARTESIAN_POINT('',(-1.115019898069E1,-1.813521312958E0,
1.489715513127E1));
#9696=CARTESIAN_POINT('',(-1.114486998127E1,-1.855276270556E0,
1.489079731621E1));
#9697=CARTESIAN_POINT('',(-1.113932348784E1,-1.881064687928E0,
1.488419460489E1));
#9698=(BOUNDED_SURFACE()B_SPLINE_SURFACE(3,3,((#9626,#9627,#9628,#9629,#9630,
#9631,#9632,#9633,#9634,#9635,#9636,#9637,#9638,#9639,#9640,#9641,#9642,#9643),(
#9644,#9645,#9646,#9647,#9648,#9649,#9650,#9651,#9652,#9653,#9654,#9655,#9656,
#9657,#9658,#9659,#9660,#9661),(#9662,#9663,#9664,#9665,#9666,#9667,#9668,#9669,
#9670,#9671,#9672,#9673,#9674,#9675,#9676,#9677,#9678,#9679),(#9680,#9681,#9682,
#9683,#9684,#9685,#9686,#9687,#9688,#9689,#9690,#9691,#9692,#9693,#9694,#9695,
#9696,#9697)),.UNSPECIFIED.,.F.,.F.,.F.)B_SPLINE_SURFACE_WITH_KNOTS((4,4),(4,1,
1,1,1,1,1,1,1,1,1,1,1,1,1,4),(0.E0,1.E0),(-1.007274039370E-1,0.E0,
8.641990331060E-2,1.676434215887E-1,2.451920657949E-1,3.184866816129E-1,
3.872202327964E-1,4.513631589856E-1,5.113670022556E-1,5.671609832594E-1,
6.185039789197E-1,6.654876982042E-1,7.084466820294E-1,7.480381499081E-1,
7.856980973065E-1,8.554774525246E-1),.UNSPECIFIED.)GEOMETRIC_REPRESENTATION_ITEM()RATIONAL_B_SPLINE_SURFACE(((1.187262853654E0,1.187262853654E0,1.187262853654E0,
1.187262853654E0,1.187262853654E0,1.187262853654E0,1.187262853654E0,
1.187262853654E0,1.187262853654E0,1.187262853654E0,1.187262853654E0,
1.187262853654E0,1.187262853654E0,1.187262853654E0,1.187262853654E0,
1.187262853654E0,1.187262853654E0,1.187262853654E0),(9.375790487821E-1,
9.375790487821E-1,9.375790487821E-1,9.375790487821E-1,9.375790487821E-1,
9.375790487821E-1,9.375790487821E-1,9.375790487821E-1,9.375790487821E-1,
9.375790487821E-1,9.375790487821E-1,9.375790487821E-1,9.375790487821E-1,
9.375790487821E-1,9.375790487821E-1,9.375790487821E-1,9.375790487821E-1,
9.375790487821E-1),(9.375790487821E-1,9.375790487821E-1,9.375790487821E-1,
9.375790487821E-1,9.375790487821E-1,9.375790487821E-1,9.375790487821E-1,
9.375790487821E-1,9.375790487821E-1,9.375790487821E-1,9.375790487821E-1,
9.375790487821E-1,9.375790487821E-1,9.375790487821E-1,9.375790487821E-1,
9.375790487821E-1,9.375790487821E-1,9.375790487821E-1),(1.187262853654E0,
1.187262853654E0,1.187262853654E0,1.187262853654E0,1.187262853654E0,
1.187262853654E0,1.187262853654E0,1.187262853654E0,1.187262853654E0,
1.187262853654E0,1.187262853654E0,1.187262853654E0,1.187262853654E0,
1.187262853654E0,1.187262853654E0,1.187262853654E0,1.187262853654E0,
1.187262853654E0)))REPRESENTATION_ITEM('')SURFACE());
#9700=ORIENTED_EDGE('',*,*,#9699,.T.);
#9701=ORIENTED_EDGE('',*,*,#9617,.T.);
#9703=ORIENTED_EDGE('',*,*,#9702,.F.);
#9704=EDGE_LOOP('',(#9700,#9701,#9703));
#9705=FACE_OUTER_BOUND('',#9704,.F.);
#9706=ADVANCED_FACE('',(#9705),#9698,.T.);
#9707=CARTESIAN_POINT('',(-1.105E1,2.7054E2,1.49E1));
#9708=DIRECTION('',(0.E0,-1.E0,0.E0));
#9709=DIRECTION('',(0.E0,0.E0,1.E0));
#9710=AXIS2_PLACEMENT_3D('',#9707,#9708,#9709);
#9711=CYLINDRICAL_SURFACE('',#9710,1.E-1);
#9713=ORIENTED_EDGE('',*,*,#9712,.F.);
#9715=ORIENTED_EDGE('',*,*,#9714,.T.);
#9716=ORIENTED_EDGE('',*,*,#9699,.F.);
#9717=ORIENTED_EDGE('',*,*,#5421,.T.);
#9718=EDGE_LOOP('',(#9713,#9715,#9716,#9717));
#9719=FACE_OUTER_BOUND('',#9718,.F.);
#9720=ADVANCED_FACE('',(#9719),#9711,.T.);
#9721=CARTESIAN_POINT('',(-1.165E1,-3.537499999999E1,1.49E1));
#9722=DIRECTION('',(0.E0,0.E0,-1.E0));
#9723=DIRECTION('',(0.E0,-1.E0,0.E0));
#9724=AXIS2_PLACEMENT_3D('',#9721,#9722,#9723);
#9725=TOROIDAL_SURFACE('',#9724,6.E-1,1.E-1);
#9726=ORIENTED_EDGE('',*,*,#9712,.T.);
#9727=ORIENTED_EDGE('',*,*,#5419,.T.);
#9729=ORIENTED_EDGE('',*,*,#9728,.F.);
#9731=ORIENTED_EDGE('',*,*,#9730,.F.);
#9732=EDGE_LOOP('',(#9726,#9727,#9729,#9731));
#9733=FACE_OUTER_BOUND('',#9732,.F.);
#9734=ADVANCED_FACE('',(#9733),#9725,.T.);
#9735=CARTESIAN_POINT('',(-1.8036E2,-3.597499999999E1,1.49E1));
#9736=DIRECTION('',(1.E0,0.E0,0.E0));
#9737=DIRECTION('',(0.E0,1.E0,0.E0));
#9738=AXIS2_PLACEMENT_3D('',#9735,#9736,#9737);
#9739=CYLINDRICAL_SURFACE('',#9738,1.E-1);
#9740=ORIENTED_EDGE('',*,*,#9728,.T.);
#9741=ORIENTED_EDGE('',*,*,#5417,.T.);
#9743=ORIENTED_EDGE('',*,*,#9742,.F.);
#9745=ORIENTED_EDGE('',*,*,#9744,.T.);
#9746=EDGE_LOOP('',(#9740,#9741,#9743,#9745));
#9747=FACE_OUTER_BOUND('',#9746,.F.);
#9748=ADVANCED_FACE('',(#9747),#9739,.T.);
#9749=CARTESIAN_POINT('',(-2.835E1,-3.537499999999E1,1.49E1));
#9750=DIRECTION('',(0.E0,0.E0,-1.E0));
#9751=DIRECTION('',(-1.E0,1.053971724711E-12,0.E0));
#9752=AXIS2_PLACEMENT_3D('',#9749,#9750,#9751);
#9753=TOROIDAL_SURFACE('',#9752,6.E-1,1.E-1);
#9754=ORIENTED_EDGE('',*,*,#9742,.T.);
#9755=ORIENTED_EDGE('',*,*,#5415,.T.);
#9757=ORIENTED_EDGE('',*,*,#9756,.F.);
#9759=ORIENTED_EDGE('',*,*,#9758,.F.);
#9760=EDGE_LOOP('',(#9754,#9755,#9757,#9759));
#9761=FACE_OUTER_BOUND('',#9760,.F.);
#9762=ADVANCED_FACE('',(#9761),#9753,.T.);
#9763=CARTESIAN_POINT('',(-2.895E1,2.7054E2,1.49E1));
#9764=DIRECTION('',(0.E0,-1.E0,0.E0));
#9765=DIRECTION('',(1.E0,0.E0,0.E0));
#9766=AXIS2_PLACEMENT_3D('',#9763,#9764,#9765);
#9767=CYLINDRICAL_SURFACE('',#9766,1.E-1);
#9768=ORIENTED_EDGE('',*,*,#9756,.T.);
#9769=ORIENTED_EDGE('',*,*,#5413,.T.);
#9771=ORIENTED_EDGE('',*,*,#9770,.F.);
#9773=ORIENTED_EDGE('',*,*,#9772,.T.);
#9774=EDGE_LOOP('',(#9768,#9769,#9771,#9773));
#9775=FACE_OUTER_BOUND('',#9774,.F.);
#9776=ADVANCED_FACE('',(#9775),#9767,.T.);
#9777=CARTESIAN_POINT('',(-2.943927329885E1,-1.287531098993E0,
1.442459738421E1));
#9778=CARTESIAN_POINT('',(-2.940874796661E1,-1.282217127717E0,
1.444900679108E1));
#9779=CARTESIAN_POINT('',(-2.935199516739E1,-1.277372113859E0,
1.449439792837E1));
#9780=CARTESIAN_POINT('',(-2.927121667110E1,-1.284035583600E0,
1.455904667696E1));
#9781=CARTESIAN_POINT('',(-2.919840287751E1,-1.301412919912E0,
1.461735595147E1));
#9782=CARTESIAN_POINT('',(-2.913145573587E1,-1.328174470281E0,
1.467099795266E1));
#9783=CARTESIAN_POINT('',(-2.907082807269E1,-1.363052274633E0,
1.471960348212E1));
#9784=CARTESIAN_POINT('',(-2.901733077887E1,-1.404521947260E0,
1.476251548157E1));
#9785=CARTESIAN_POINT('',(-2.897134231490E1,-1.451142451330E0,
1.479942294578E1));
#9786=CARTESIAN_POINT('',(-2.893305852960E1,-1.501494994422E0,
1.483016126769E1));
#9787=CARTESIAN_POINT('',(-2.890255832308E1,-1.554041821178E0,
1.485465997727E1));
#9788=CARTESIAN_POINT('',(-2.887970227857E1,-1.607030391046E0,
1.487302469947E1));
#9789=CARTESIAN_POINT('',(-2.886393973226E1,-1.658848454045E0,
1.488569292812E1));
#9790=CARTESIAN_POINT('',(-2.885436556176E1,-1.708410068559E0,
1.489338884997E1));
#9791=CARTESIAN_POINT('',(-2.884994052450E1,-1.755481822267E0,
1.489694610376E1));
#9792=CARTESIAN_POINT('',(-2.884980406895E1,-1.813477792628E0,
1.489705578947E1));
#9793=CARTESIAN_POINT('',(-2.885506919930E1,-1.855467347897E0,
1.489282323597E1));
#9794=CARTESIAN_POINT('',(-2.886063011961E1,-1.881957998397E0,
1.488835316945E1));
#9795=CARTESIAN_POINT('',(-2.948207096327E1,-1.293521733682E0,
1.446850854506E1));
#9796=CARTESIAN_POINT('',(-2.945212006551E1,-1.285596467760E0,
1.449262385538E1));
#9797=CARTESIAN_POINT('',(-2.939581362409E1,-1.275798276558E0,
1.453778754021E1));
#9798=CARTESIAN_POINT('',(-2.931389912663E1,-1.275454419928E0,
1.460271191076E1));
#9799=CARTESIAN_POINT('',(-2.923858323426E1,-1.286785268523E0,
1.466176968399E1));
#9800=CARTESIAN_POINT('',(-2.916795927331E1,-1.308464473204E0,
1.471659890718E1));
#9801=CARTESIAN_POINT('',(-2.910269310432E1,-1.339442157256E0,
1.476679650525E1));
#9802=CARTESIAN_POINT('',(-2.904387137809E1,-1.378421367840E0,
1.481164949730E1));
#9803=CARTESIAN_POINT('',(-2.899217316082E1,-1.424129605364E0,
1.485076828308E1));
#9804=CARTESIAN_POINT('',(-2.894813527932E1,-1.475257391177E0,
1.488387103680E1));
#9805=CARTESIAN_POINT('',(-2.891223015039E1,-1.530270985182E0,
1.491071654260E1));
#9806=CARTESIAN_POINT('',(-2.888473224895E1,-1.587231938302E0,
1.493119481946E1));
#9807=CARTESIAN_POINT('',(-2.886541496575E1,-1.644137648063E0,
1.494554276102E1));
#9808=CARTESIAN_POINT('',(-2.885352120586E1,-1.699407076357E0,
1.495436300451E1));
#9809=CARTESIAN_POINT('',(-2.884798016668E1,-1.752371184524E0,
1.495846887477E1));
#9810=CARTESIAN_POINT('',(-2.884780911801E1,-1.817817085975E0,
1.495859581448E1));
#9811=CARTESIAN_POINT('',(-2.885440280199E1,-1.865027807430E0,
1.495370907034E1));
#9812=CARTESIAN_POINT('',(-2.886129948461E1,-1.894479586884E0,
1.494859675748E1));
#9813=CARTESIAN_POINT('',(-2.950413944515E1,-1.341908052009E0,
1.449957384460E1));
#9814=CARTESIAN_POINT('',(-2.947733215689E1,-1.332624339922E0,
1.452348109397E1));
#9815=CARTESIAN_POINT('',(-2.942643339530E1,-1.319779562161E0,
1.456848386576E1));
#9816=CARTESIAN_POINT('',(-2.935097084716E1,-1.313912347137E0,
1.463360322726E1));
#9817=CARTESIAN_POINT('',(-2.928043182393E1,-1.319433543987E0,
1.469319053184E1));
#9818=CARTESIAN_POINT('',(-2.921323248008E1,-1.335138470708E0,
1.474885966467E1));
#9819=CARTESIAN_POINT('',(-2.915014776800E1,-1.360244343663E0,
1.480018358433E1));
#9820=CARTESIAN_POINT('',(-2.909238538001E1,-1.393750890548E0,
1.484640974702E1));
#9821=CARTESIAN_POINT('',(-2.904080170085E1,-1.434633414981E0,
1.488709294980E1));
#9822=CARTESIAN_POINT('',(-2.899615564310E1,-1.481786618299E0,
1.492186843960E1));
#9823=CARTESIAN_POINT('',(-2.895918913439E1,-1.533817606545E0,
1.495037420501E1));
#9824=CARTESIAN_POINT('',(-2.893048007688E1,-1.588814562718E0,
1.497234773291E1));
#9825=CARTESIAN_POINT('',(-2.891007905665E1,-1.644645226071E0,
1.498788400071E1));
#9826=CARTESIAN_POINT('',(-2.889741426424E1,-1.699478038656E0,
1.499749965447E1));
#9827=CARTESIAN_POINT('',(-2.889148599333E1,-1.752358721752E0,
1.500199364781E1));
#9828=CARTESIAN_POINT('',(-2.889130287787E1,-1.817835456007E0,
1.500213279401E1));
#9829=CARTESIAN_POINT('',(-2.889835778660E1,-1.864947153241E0,
1.499678323751E1));
#9830=CARTESIAN_POINT('',(-2.890569421152E1,-1.894102518464E0,
1.499121656238E1));
#9831=CARTESIAN_POINT('',(-2.949155560396E1,-1.402162829040E0,
1.449819399486E1));
#9832=CARTESIAN_POINT('',(-2.946847777771E1,-1.393630571281E0,
1.452211048583E1));
#9833=CARTESIAN_POINT('',(-2.942453627959E1,-1.381567907890E0,
1.456712040501E1));
#9834=CARTESIAN_POINT('',(-2.935904305688E1,-1.375146023130E0,
1.463223110545E1));
#9835=CARTESIAN_POINT('',(-2.929754611466E1,-1.378759749116E0,
1.469179488946E1));
#9836=CARTESIAN_POINT('',(-2.923871221241E1,-1.391367674204E0,
1.474742671542E1));
#9837=CARTESIAN_POINT('',(-2.918325262543E1,-1.412334606893E0,
1.479870060644E1));
#9838=CARTESIAN_POINT('',(-2.913226500334E1,-1.440839025509E0,
1.484486577602E1));
#9839=CARTESIAN_POINT('',(-2.908654789090E1,-1.476026962286E0,
1.488547949097E1));
#9840=CARTESIAN_POINT('',(-2.904682327898E1,-1.516963346360E0,
1.492018068165E1));
#9841=CARTESIAN_POINT('',(-2.901380856412E1,-1.562444100100E0,
1.494861270211E1));
#9842=CARTESIAN_POINT('',(-2.898808317721E1,-1.610779776847E0,
1.497051981437E1));
#9843=CARTESIAN_POINT('',(-2.896975315613E1,-1.660050953990E0,
1.498600329943E1));
#9844=CARTESIAN_POINT('',(-2.895835233720E1,-1.708578184908E0,
1.499558362288E1));
#9845=CARTESIAN_POINT('',(-2.895300991166E1,-1.755452296790E0,
1.500006037668E1));
#9846=CARTESIAN_POINT('',(-2.895284486873E1,-1.813521312958E0,
1.500019898069E1));
#9847=CARTESIAN_POINT('',(-2.895920268379E1,-1.855276270554E0,
1.499486998127E1));
#9848=CARTESIAN_POINT('',(-2.896580539511E1,-1.881064687922E0,
1.498932348784E1));
#9849=(BOUNDED_SURFACE()B_SPLINE_SURFACE(3,3,((#9777,#9778,#9779,#9780,#9781,
#9782,#9783,#9784,#9785,#9786,#9787,#9788,#9789,#9790,#9791,#9792,#9793,#9794),(
#9795,#9796,#9797,#9798,#9799,#9800,#9801,#9802,#9803,#9804,#9805,#9806,#9807,
#9808,#9809,#9810,#9811,#9812),(#9813,#9814,#9815,#9816,#9817,#9818,#9819,#9820,
#9821,#9822,#9823,#9824,#9825,#9826,#9827,#9828,#9829,#9830),(#9831,#9832,#9833,
#9834,#9835,#9836,#9837,#9838,#9839,#9840,#9841,#9842,#9843,#9844,#9845,#9846,
#9847,#9848)),.UNSPECIFIED.,.F.,.F.,.F.)B_SPLINE_SURFACE_WITH_KNOTS((4,4),(4,1,
1,1,1,1,1,1,1,1,1,1,1,1,1,4),(0.E0,1.E0),(-1.007274039369E-1,0.E0,
8.641990331181E-2,1.676434215911E-1,2.451920657982E-1,3.184866816171E-1,
3.872202328013E-1,4.513631589911E-1,5.113670022614E-1,5.671609832651E-1,
6.185039789250E-1,6.654876982087E-1,7.084466820332E-1,7.480381499112E-1,
7.856980973089E-1,8.554774525200E-1),.UNSPECIFIED.)GEOMETRIC_REPRESENTATION_ITEM()RATIONAL_B_SPLINE_SURFACE(((1.187262853654E0,1.187262853654E0,1.187262853654E0,
1.187262853654E0,1.187262853654E0,1.187262853654E0,1.187262853654E0,
1.187262853654E0,1.187262853654E0,1.187262853654E0,1.187262853654E0,
1.187262853654E0,1.187262853654E0,1.187262853654E0,1.187262853654E0,
1.187262853654E0,1.187262853654E0,1.187262853654E0),(9.375790487822E-1,
9.375790487822E-1,9.375790487822E-1,9.375790487822E-1,9.375790487822E-1,
9.375790487822E-1,9.375790487822E-1,9.375790487822E-1,9.375790487822E-1,
9.375790487822E-1,9.375790487822E-1,9.375790487822E-1,9.375790487822E-1,
9.375790487822E-1,9.375790487822E-1,9.375790487822E-1,9.375790487822E-1,
9.375790487822E-1),(9.375790487822E-1,9.375790487822E-1,9.375790487822E-1,
9.375790487822E-1,9.375790487822E-1,9.375790487822E-1,9.375790487822E-1,
9.375790487822E-1,9.375790487822E-1,9.375790487822E-1,9.375790487822E-1,
9.375790487822E-1,9.375790487822E-1,9.375790487822E-1,9.375790487822E-1,
9.375790487822E-1,9.375790487822E-1,9.375790487822E-1),(1.187262853654E0,
1.187262853654E0,1.187262853654E0,1.187262853654E0,1.187262853654E0,
1.187262853654E0,1.187262853654E0,1.187262853654E0,1.187262853654E0,
1.187262853654E0,1.187262853654E0,1.187262853654E0,1.187262853654E0,
1.187262853654E0,1.187262853654E0,1.187262853654E0,1.187262853654E0,
1.187262853654E0)))REPRESENTATION_ITEM('')SURFACE());
#9850=ORIENTED_EDGE('',*,*,#9770,.T.);
#9852=ORIENTED_EDGE('',*,*,#9851,.T.);
#9854=ORIENTED_EDGE('',*,*,#9853,.F.);
#9855=EDGE_LOOP('',(#9850,#9852,#9854));
#9856=FACE_OUTER_BOUND('',#9855,.F.);
#9857=ADVANCED_FACE('',(#9856),#9849,.T.);
#9858=CARTESIAN_POINT('',(-1.8036E2,-1.779701989743E0,1.45E1));
#9859=DIRECTION('',(1.E0,0.E0,0.E0));
#9860=DIRECTION('',(0.E0,1.E0,0.E0));
#9861=AXIS2_PLACEMENT_3D('',#9858,#9859,#9860);
#9862=CYLINDRICAL_SURFACE('',#9861,5.E-1);
#9864=ORIENTED_EDGE('',*,*,#9863,.T.);
#9865=ORIENTED_EDGE('',*,*,#9851,.F.);
#9866=ORIENTED_EDGE('',*,*,#5411,.T.);
#9868=ORIENTED_EDGE('',*,*,#9867,.T.);
#9869=EDGE_LOOP('',(#9864,#9865,#9866,#9868));
#9870=FACE_OUTER_BOUND('',#9869,.F.);
#9871=ADVANCED_FACE('',(#9870),#9862,.T.);
#9872=CARTESIAN_POINT('',(-5.E1,-1.279701989743E0,1.1E1));
#9873=DIRECTION('',(0.E0,-1.E0,0.E0));
#9874=DIRECTION('',(0.E0,0.E0,1.E0));
#9875=AXIS2_PLACEMENT_3D('',#9872,#9873,#9874);
#9876=PLANE('',#9875);
#9878=ORIENTED_EDGE('',*,*,#9877,.F.);
#9880=ORIENTED_EDGE('',*,*,#9879,.F.);
#9882=ORIENTED_EDGE('',*,*,#9881,.F.);
#9883=ORIENTED_EDGE('',*,*,#9863,.F.);
#9884=EDGE_LOOP('',(#9878,#9880,#9882,#9883));
#9885=FACE_OUTER_BOUND('',#9884,.F.);
#9886=ADVANCED_FACE('',(#9885),#9876,.F.);
#9887=CARTESIAN_POINT('',(-4.95E1,-1.779701989743E0,-2.02058E1));
#9888=DIRECTION('',(0.E0,0.E0,1.E0));
#9889=DIRECTION('',(0.E0,1.E0,0.E0));
#9890=AXIS2_PLACEMENT_3D('',#9887,#9888,#9889);
#9891=CYLINDRICAL_SURFACE('',#9890,5.E-1);
#9892=ORIENTED_EDGE('',*,*,#9877,.T.);
#9893=ORIENTED_EDGE('',*,*,#9867,.F.);
#9894=ORIENTED_EDGE('',*,*,#5287,.T.);
#9896=ORIENTED_EDGE('',*,*,#9895,.F.);
#9897=EDGE_LOOP('',(#9892,#9893,#9894,#9896));
#9898=FACE_OUTER_BOUND('',#9897,.F.);
#9899=ADVANCED_FACE('',(#9898),#9891,.T.);
#9900=CARTESIAN_POINT('',(-5.E1,2.372029801026E1,1.1E1));
#9901=DIRECTION('',(0.E0,0.E0,-1.E0));
#9902=DIRECTION('',(0.E0,-1.E0,0.E0));
#9903=AXIS2_PLACEMENT_3D('',#9900,#9901,#9902);
#9904=PLANE('',#9903);
#9906=ORIENTED_EDGE('',*,*,#9905,.T.);
#9908=ORIENTED_EDGE('',*,*,#9907,.T.);
#9910=ORIENTED_EDGE('',*,*,#9909,.F.);
#9912=ORIENTED_EDGE('',*,*,#9911,.T.);
#9913=ORIENTED_EDGE('',*,*,#9879,.T.);
#9914=ORIENTED_EDGE('',*,*,#9895,.T.);
#9915=ORIENTED_EDGE('',*,*,#5285,.F.);
#9917=ORIENTED_EDGE('',*,*,#9916,.T.);
#9918=EDGE_LOOP('',(#9906,#9908,#9910,#9912,#9913,#9914,#9915,#9917));
#9919=FACE_OUTER_BOUND('',#9918,.F.);
#9920=ADVANCED_FACE('',(#9919),#9904,.F.);
#9921=CARTESIAN_POINT('',(-5.E1,2.372029801026E1,1.9E1));
#9922=DIRECTION('',(0.E0,1.E0,0.E0));
#9923=DIRECTION('',(0.E0,0.E0,-1.E0));
#9924=AXIS2_PLACEMENT_3D('',#9921,#9922,#9923);
#9925=PLANE('',#9924);
#9927=ORIENTED_EDGE('',*,*,#9926,.F.);
#9928=ORIENTED_EDGE('',*,*,#9905,.F.);
#9930=ORIENTED_EDGE('',*,*,#9929,.F.);
#9932=ORIENTED_EDGE('',*,*,#9931,.F.);
#9933=EDGE_LOOP('',(#9927,#9928,#9930,#9932));
#9934=FACE_OUTER_BOUND('',#9933,.F.);
#9935=ADVANCED_FACE('',(#9934),#9925,.F.);
#9936=CARTESIAN_POINT('',(-2.935E1,2.422029801026E1,-2.02058E1));
#9937=DIRECTION('',(0.E0,0.E0,1.E0));
#9938=DIRECTION('',(0.E0,-1.E0,0.E0));
#9939=AXIS2_PLACEMENT_3D('',#9936,#9937,#9938);
#9940=CYLINDRICAL_SURFACE('',#9939,5.E-1);
#9941=ORIENTED_EDGE('',*,*,#9926,.T.);
#9943=ORIENTED_EDGE('',*,*,#9942,.F.);
#9945=ORIENTED_EDGE('',*,*,#9944,.T.);
#9946=ORIENTED_EDGE('',*,*,#9907,.F.);
#9947=EDGE_LOOP('',(#9941,#9943,#9945,#9946));
#9948=FACE_OUTER_BOUND('',#9947,.F.);
#9949=ADVANCED_FACE('',(#9948),#9940,.T.);
#9950=CARTESIAN_POINT('',(-2.935E1,2.422029801026E1,1.45E1));
#9951=DIRECTION('',(1.E0,0.E0,1.999811427567E-11));
#9952=DIRECTION('',(-1.999811427567E-11,0.E0,1.E0));
#9953=AXIS2_PLACEMENT_3D('',#9950,#9951,#9952);
#9954=SPHERICAL_SURFACE('',#9953,5.E-1);
#9956=ORIENTED_EDGE('',*,*,#9955,.T.);
#9957=ORIENTED_EDGE('',*,*,#9942,.T.);
#9959=ORIENTED_EDGE('',*,*,#9958,.T.);
#9960=EDGE_LOOP('',(#9956,#9957,#9959));
#9961=FACE_OUTER_BOUND('',#9960,.F.);
#9962=ADVANCED_FACE('',(#9961),#9954,.T.);
#9963=CARTESIAN_POINT('',(-2.935E1,2.5092082E2,1.45E1));
#9964=DIRECTION('',(0.E0,-1.E0,0.E0));
#9965=DIRECTION('',(1.E0,0.E0,0.E0));
#9966=AXIS2_PLACEMENT_3D('',#9963,#9964,#9965);
#9967=CYLINDRICAL_SURFACE('',#9966,5.E-1);
#9968=ORIENTED_EDGE('',*,*,#9955,.F.);
#9970=ORIENTED_EDGE('',*,*,#9969,.T.);
#9972=ORIENTED_EDGE('',*,*,#9971,.F.);
#9974=ORIENTED_EDGE('',*,*,#9973,.T.);
#9975=EDGE_LOOP('',(#9968,#9970,#9972,#9974));
#9976=FACE_OUTER_BOUND('',#9975,.F.);
#9977=ADVANCED_FACE('',(#9976),#9967,.T.);
#9978=CARTESIAN_POINT('',(0.E0,0.E0,1.5E1));
#9979=DIRECTION('',(0.E0,0.E0,1.E0));
#9980=DIRECTION('',(1.E0,0.E0,0.E0));
#9981=AXIS2_PLACEMENT_3D('',#9978,#9979,#9980);
#9982=PLANE('',#9981);
#9984=ORIENTED_EDGE('',*,*,#9983,.F.);
#9986=ORIENTED_EDGE('',*,*,#9985,.F.);
#9988=ORIENTED_EDGE('',*,*,#9987,.F.);
#9990=ORIENTED_EDGE('',*,*,#9989,.F.);
#9992=ORIENTED_EDGE('',*,*,#9991,.F.);
#9994=ORIENTED_EDGE('',*,*,#9993,.F.);
#9996=ORIENTED_EDGE('',*,*,#9995,.T.);
#9998=ORIENTED_EDGE('',*,*,#9997,.F.);
#10000=ORIENTED_EDGE('',*,*,#9999,.F.);
#10002=ORIENTED_EDGE('',*,*,#10001,.F.);
#10004=ORIENTED_EDGE('',*,*,#10003,.T.);
#10006=ORIENTED_EDGE('',*,*,#10005,.F.);
#10008=ORIENTED_EDGE('',*,*,#10007,.F.);
#10010=ORIENTED_EDGE('',*,*,#10009,.F.);
#10012=ORIENTED_EDGE('',*,*,#10011,.F.);
#10014=ORIENTED_EDGE('',*,*,#10013,.F.);
#10016=ORIENTED_EDGE('',*,*,#10015,.F.);
#10018=ORIENTED_EDGE('',*,*,#10017,.F.);
#10020=ORIENTED_EDGE('',*,*,#10019,.T.);
#10021=ORIENTED_EDGE('',*,*,#9969,.F.);
#10023=ORIENTED_EDGE('',*,*,#10022,.F.);
#10024=ORIENTED_EDGE('',*,*,#5281,.T.);
#10025=ORIENTED_EDGE('',*,*,#5302,.T.);
#10026=ORIENTED_EDGE('',*,*,#5315,.F.);
#10027=ORIENTED_EDGE('',*,*,#5330,.T.);
#10028=ORIENTED_EDGE('',*,*,#5355,.T.);
#10030=ORIENTED_EDGE('',*,*,#10029,.F.);
#10031=ORIENTED_EDGE('',*,*,#9509,.T.);
#10033=ORIENTED_EDGE('',*,*,#10032,.T.);
#10035=ORIENTED_EDGE('',*,*,#10034,.T.);
#10036=EDGE_LOOP('',(#9984,#9986,#9988,#9990,#9992,#9994,#9996,#9998,#10000,
#10002,#10004,#10006,#10008,#10010,#10012,#10014,#10016,#10018,#10020,#10021,
#10023,#10024,#10025,#10026,#10027,#10028,#10030,#10031,#10033,#10035));
#10037=FACE_OUTER_BOUND('',#10036,.F.);
#10038=ADVANCED_FACE('',(#10037),#9982,.T.);
#10039=CARTESIAN_POINT('',(2.79E1,2.7054E2,1.49E1));
#10040=DIRECTION('',(0.E0,-1.E0,0.E0));
#10041=DIRECTION('',(0.E0,0.E0,1.E0));
#10042=AXIS2_PLACEMENT_3D('',#10039,#10040,#10041);
#10043=CYLINDRICAL_SURFACE('',#10042,1.E-1);
#10045=ORIENTED_EDGE('',*,*,#10044,.T.);
#10046=ORIENTED_EDGE('',*,*,#9983,.T.);
#10048=ORIENTED_EDGE('',*,*,#10047,.F.);
#10050=ORIENTED_EDGE('',*,*,#10049,.T.);
#10051=EDGE_LOOP('',(#10045,#10046,#10048,#10050));
#10052=FACE_OUTER_BOUND('',#10051,.F.);
#10053=ADVANCED_FACE('',(#10052),#10043,.T.);
#10054=CARTESIAN_POINT('',(2.73E1,6.3125E1,1.49E1));
#10055=DIRECTION('',(0.E0,0.E0,-1.E0));
#10056=DIRECTION('',(1.E0,-4.736951571734E-14,0.E0));
#10057=AXIS2_PLACEMENT_3D('',#10054,#10055,#10056);
#10058=TOROIDAL_SURFACE('',#10057,6.E-1,1.E-1);
#10060=ORIENTED_EDGE('',*,*,#10059,.T.);
#10061=ORIENTED_EDGE('',*,*,#9985,.T.);
#10062=ORIENTED_EDGE('',*,*,#10044,.F.);
#10064=ORIENTED_EDGE('',*,*,#10063,.F.);
#10065=EDGE_LOOP('',(#10060,#10061,#10062,#10064));
#10066=FACE_OUTER_BOUND('',#10065,.F.);
#10067=ADVANCED_FACE('',(#10066),#10058,.T.);
#10068=CARTESIAN_POINT('',(-1.8036E2,6.3725E1,1.49E1));
#10069=DIRECTION('',(1.E0,0.E0,0.E0));
#10070=DIRECTION('',(0.E0,0.E0,1.E0));
#10071=AXIS2_PLACEMENT_3D('',#10068,#10069,#10070);
#10072=CYLINDRICAL_SURFACE('',#10071,1.E-1);
#10074=ORIENTED_EDGE('',*,*,#10073,.T.);
#10075=ORIENTED_EDGE('',*,*,#9987,.T.);
#10076=ORIENTED_EDGE('',*,*,#10059,.F.);
#10078=ORIENTED_EDGE('',*,*,#10077,.T.);
#10079=EDGE_LOOP('',(#10074,#10075,#10076,#10078));
#10080=FACE_OUTER_BOUND('',#10079,.F.);
#10081=ADVANCED_FACE('',(#10080),#10072,.T.);
#10082=CARTESIAN_POINT('',(1.27E1,6.3125E1,1.49E1));
#10083=DIRECTION('',(0.E0,0.E0,-1.E0));
#10084=DIRECTION('',(-1.776356839400E-14,1.E0,0.E0));
#10085=AXIS2_PLACEMENT_3D('',#10082,#10083,#10084);
#10086=TOROIDAL_SURFACE('',#10085,6.E-1,1.E-1);
#10088=ORIENTED_EDGE('',*,*,#10087,.T.);
#10089=ORIENTED_EDGE('',*,*,#9989,.T.);
#10090=ORIENTED_EDGE('',*,*,#10073,.F.);
#10092=ORIENTED_EDGE('',*,*,#10091,.F.);
#10093=EDGE_LOOP('',(#10088,#10089,#10090,#10092));
#10094=FACE_OUTER_BOUND('',#10093,.F.);
#10095=ADVANCED_FACE('',(#10094),#10086,.T.);
#10096=CARTESIAN_POINT('',(1.21E1,-2.548864629059E2,1.49E1));
#10097=DIRECTION('',(0.E0,1.E0,0.E0));
#10098=DIRECTION('',(0.E0,0.E0,1.E0));
#10099=AXIS2_PLACEMENT_3D('',#10096,#10097,#10098);
#10100=CYLINDRICAL_SURFACE('',#10099,1.E-1);
#10101=ORIENTED_EDGE('',*,*,#10087,.F.);
#10103=ORIENTED_EDGE('',*,*,#10102,.T.);
#10105=ORIENTED_EDGE('',*,*,#10104,.F.);
#10106=ORIENTED_EDGE('',*,*,#9991,.T.);
#10107=EDGE_LOOP('',(#10101,#10103,#10105,#10106));
#10108=FACE_OUTER_BOUND('',#10107,.F.);
#10109=ADVANCED_FACE('',(#10108),#10100,.T.);
#10110=CARTESIAN_POINT('',(1.22E1,6.3625E1,1.5E1));
#10111=DIRECTION('',(-1.E0,0.E0,0.E0));
#10112=DIRECTION('',(0.E0,-1.E0,0.E0));
#10113=AXIS2_PLACEMENT_3D('',#10110,#10111,#10112);
#10114=PLANE('',#10113);
#10116=ORIENTED_EDGE('',*,*,#10115,.T.);
#10117=ORIENTED_EDGE('',*,*,#5206,.T.);
#10119=ORIENTED_EDGE('',*,*,#10118,.T.);
#10120=ORIENTED_EDGE('',*,*,#10102,.F.);
#10121=EDGE_LOOP('',(#10116,#10117,#10119,#10120));
#10122=FACE_OUTER_BOUND('',#10121,.F.);
#10123=ADVANCED_FACE('',(#10122),#10114,.F.);
#10124=CARTESIAN_POINT('',(1.27E1,6.3125E1,1.516287150697E1));
#10125=DIRECTION('',(0.E0,0.E0,-1.E0));
#10126=DIRECTION('',(-1.E0,0.E0,0.E0));
#10127=AXIS2_PLACEMENT_3D('',#10124,#10125,#10126);
#10128=CYLINDRICAL_SURFACE('',#10127,5.E-1);
#10129=ORIENTED_EDGE('',*,*,#10115,.F.);
#10130=ORIENTED_EDGE('',*,*,#10091,.T.);
#10132=ORIENTED_EDGE('',*,*,#10131,.T.);
#10133=ORIENTED_EDGE('',*,*,#5208,.T.);
#10134=EDGE_LOOP('',(#10129,#10130,#10132,#10133));
#10135=FACE_OUTER_BOUND('',#10134,.F.);
#10136=ADVANCED_FACE('',(#10135),#10128,.F.);
#10137=CARTESIAN_POINT('',(2.78E1,6.3625E1,1.5E1));
#10138=DIRECTION('',(0.E0,1.E0,0.E0));
#10139=DIRECTION('',(-1.E0,0.E0,0.E0));
#10140=AXIS2_PLACEMENT_3D('',#10137,#10138,#10139);
#10141=PLANE('',#10140);
#10142=ORIENTED_EDGE('',*,*,#10131,.F.);
#10143=ORIENTED_EDGE('',*,*,#10077,.F.);
#10145=ORIENTED_EDGE('',*,*,#10144,.T.);
#10146=ORIENTED_EDGE('',*,*,#5210,.T.);
#10147=EDGE_LOOP('',(#10142,#10143,#10145,#10146));
#10148=FACE_OUTER_BOUND('',#10147,.F.);
#10149=ADVANCED_FACE('',(#10148),#10141,.F.);
#10150=CARTESIAN_POINT('',(2.73E1,6.3125E1,1.516287150697E1));
#10151=DIRECTION('',(0.E0,0.E0,-1.E0));
#10152=DIRECTION('',(0.E0,1.E0,0.E0));
#10153=AXIS2_PLACEMENT_3D('',#10150,#10151,#10152);
#10154=CYLINDRICAL_SURFACE('',#10153,5.E-1);
#10155=ORIENTED_EDGE('',*,*,#10144,.F.);
#10156=ORIENTED_EDGE('',*,*,#10063,.T.);
#10158=ORIENTED_EDGE('',*,*,#10157,.T.);
#10159=ORIENTED_EDGE('',*,*,#5212,.T.);
#10160=EDGE_LOOP('',(#10155,#10156,#10158,#10159));
#10161=FACE_OUTER_BOUND('',#10160,.F.);
#10162=ADVANCED_FACE('',(#10161),#10154,.F.);
#10163=CARTESIAN_POINT('',(2.78E1,3.9625E1,1.5E1));
#10164=DIRECTION('',(1.E0,0.E0,0.E0));
#10165=DIRECTION('',(0.E0,1.E0,0.E0));
#10166=AXIS2_PLACEMENT_3D('',#10163,#10164,#10165);
#10167=PLANE('',#10166);
#10168=ORIENTED_EDGE('',*,*,#10157,.F.);
#10169=ORIENTED_EDGE('',*,*,#10049,.F.);
#10171=ORIENTED_EDGE('',*,*,#10170,.F.);
#10172=ORIENTED_EDGE('',*,*,#5214,.T.);
#10173=EDGE_LOOP('',(#10168,#10169,#10171,#10172));
#10174=FACE_OUTER_BOUND('',#10173,.F.);
#10175=ADVANCED_FACE('',(#10174),#10167,.F.);
#10176=CARTESIAN_POINT('',(2.865E1,5.1625E1,1.5E1));
#10177=DIRECTION('',(0.E0,1.E0,0.E0));
#10178=DIRECTION('',(-1.E0,0.E0,0.E0));
#10179=AXIS2_PLACEMENT_3D('',#10176,#10177,#10178);
#10180=PLANE('',#10179);
#10182=ORIENTED_EDGE('',*,*,#10181,.F.);
#10183=ORIENTED_EDGE('',*,*,#5216,.F.);
#10184=ORIENTED_EDGE('',*,*,#10170,.T.);
#10185=ORIENTED_EDGE('',*,*,#10047,.T.);
#10186=ORIENTED_EDGE('',*,*,#10034,.F.);
#10187=EDGE_LOOP('',(#10182,#10183,#10184,#10185,#10186));
#10188=FACE_OUTER_BOUND('',#10187,.F.);
#10189=ADVANCED_FACE('',(#10188),#10180,.F.);
#10190=CARTESIAN_POINT('',(2.81E1,5.1125E1,3.4554E1));
#10191=DIRECTION('',(0.E0,0.E0,-1.E0));
#10192=DIRECTION('',(0.E0,1.E0,0.E0));
#10193=AXIS2_PLACEMENT_3D('',#10190,#10191,#10192);
#10194=CYLINDRICAL_SURFACE('',#10193,5.E-1);
#10195=ORIENTED_EDGE('',*,*,#10181,.T.);
#10196=ORIENTED_EDGE('',*,*,#10032,.F.);
#10197=ORIENTED_EDGE('',*,*,#9507,.T.);
#10198=ORIENTED_EDGE('',*,*,#5218,.F.);
#10199=EDGE_LOOP('',(#10195,#10196,#10197,#10198));
#10200=FACE_OUTER_BOUND('',#10199,.F.);
#10201=ADVANCED_FACE('',(#10200),#10194,.F.);
#10202=CARTESIAN_POINT('',(2.865E1,5.1625E1,1.5E1));
#10203=DIRECTION('',(0.E0,1.E0,0.E0));
#10204=DIRECTION('',(-1.E0,0.E0,0.E0));
#10205=AXIS2_PLACEMENT_3D('',#10202,#10203,#10204);
#10206=PLANE('',#10205);
#10208=ORIENTED_EDGE('',*,*,#10207,.T.);
#10209=ORIENTED_EDGE('',*,*,#9993,.T.);
#10210=ORIENTED_EDGE('',*,*,#10104,.T.);
#10211=ORIENTED_EDGE('',*,*,#10118,.F.);
#10212=ORIENTED_EDGE('',*,*,#5204,.F.);
#10214=ORIENTED_EDGE('',*,*,#10213,.F.);
#10215=EDGE_LOOP('',(#10208,#10209,#10210,#10211,#10212,#10214));
#10216=FACE_OUTER_BOUND('',#10215,.F.);
#10217=ADVANCED_FACE('',(#10216),#10206,.F.);
#10218=CARTESIAN_POINT('',(1.09E1,5.1125E1,1.45E1));
#10219=DIRECTION('',(0.E0,1.E0,0.E0));
#10220=DIRECTION('',(7.031035796248E-1,0.E0,-7.110874463234E-1));
#10221=AXIS2_PLACEMENT_3D('',#10218,#10219,#10220);
#10222=TOROIDAL_SURFACE('',#10221,9.999997603584E-1,5.E-1);
#10223=ORIENTED_EDGE('',*,*,#10207,.F.);
#10225=ORIENTED_EDGE('',*,*,#10224,.T.);
#10227=ORIENTED_EDGE('',*,*,#10226,.T.);
#10228=ORIENTED_EDGE('',*,*,#9995,.F.);
#10229=EDGE_LOOP('',(#10223,#10225,#10227,#10228));
#10230=FACE_OUTER_BOUND('',#10229,.F.);
#10231=ADVANCED_FACE('',(#10230),#10222,.F.);
#10232=CARTESIAN_POINT('',(1.19E1,5.1125E1,-1.9554E1));
#10233=DIRECTION('',(0.E0,0.E0,1.E0));
#10234=DIRECTION('',(0.E0,1.E0,0.E0));
#10235=AXIS2_PLACEMENT_3D('',#10232,#10233,#10234);
#10236=CYLINDRICAL_SURFACE('',#10235,5.E-1);
#10237=ORIENTED_EDGE('',*,*,#9575,.T.);
#10238=ORIENTED_EDGE('',*,*,#10224,.F.);
#10239=ORIENTED_EDGE('',*,*,#10213,.T.);
#10240=ORIENTED_EDGE('',*,*,#5202,.F.);
#10241=EDGE_LOOP('',(#10237,#10238,#10239,#10240));
#10242=FACE_OUTER_BOUND('',#10241,.F.);
#10243=ADVANCED_FACE('',(#10242),#10236,.F.);
#10244=CARTESIAN_POINT('',(1.09E1,1.222402561546E1,1.45E1));
#10245=DIRECTION('',(0.E0,1.E0,0.E0));
#10246=DIRECTION('',(0.E0,0.E0,1.E0));
#10247=AXIS2_PLACEMENT_3D('',#10244,#10245,#10246);
#10248=CYLINDRICAL_SURFACE('',#10247,5.E-1);
#10250=ORIENTED_EDGE('',*,*,#10249,.F.);
#10251=ORIENTED_EDGE('',*,*,#9997,.T.);
#10252=ORIENTED_EDGE('',*,*,#10226,.F.);
#10253=ORIENTED_EDGE('',*,*,#9573,.T.);
#10254=EDGE_LOOP('',(#10250,#10251,#10252,#10253));
#10255=FACE_OUTER_BOUND('',#10254,.F.);
#10256=ADVANCED_FACE('',(#10255),#10248,.T.);
#10257=CARTESIAN_POINT('',(1.09E1,2.422029801026E1,1.45E1));
#10258=DIRECTION('',(0.E0,0.E0,1.E0));
#10259=DIRECTION('',(-1.E0,0.E0,0.E0));
#10260=AXIS2_PLACEMENT_3D('',#10257,#10258,#10259);
#10261=SPHERICAL_SURFACE('',#10260,5.E-1);
#10262=ORIENTED_EDGE('',*,*,#10249,.T.);
#10264=ORIENTED_EDGE('',*,*,#10263,.T.);
#10266=ORIENTED_EDGE('',*,*,#10265,.T.);
#10267=EDGE_LOOP('',(#10262,#10264,#10266));
#10268=FACE_OUTER_BOUND('',#10267,.F.);
#10269=ADVANCED_FACE('',(#10268),#10261,.T.);
#10270=CARTESIAN_POINT('',(1.09E1,2.422029801026E1,-2.02058E1));
#10271=DIRECTION('',(0.E0,0.E0,1.E0));
#10272=DIRECTION('',(0.E0,-1.E0,0.E0));
#10273=AXIS2_PLACEMENT_3D('',#10270,#10271,#10272);
#10274=CYLINDRICAL_SURFACE('',#10273,5.E-1);
#10276=ORIENTED_EDGE('',*,*,#10275,.T.);
#10277=ORIENTED_EDGE('',*,*,#10263,.F.);
#10278=ORIENTED_EDGE('',*,*,#9571,.T.);
#10280=ORIENTED_EDGE('',*,*,#10279,.F.);
#10281=EDGE_LOOP('',(#10276,#10277,#10278,#10280));
#10282=FACE_OUTER_BOUND('',#10281,.F.);
#10283=ADVANCED_FACE('',(#10282),#10274,.T.);
#10284=CARTESIAN_POINT('',(-5.E1,2.372029801026E1,1.9E1));
#10285=DIRECTION('',(0.E0,1.E0,0.E0));
#10286=DIRECTION('',(0.E0,0.E0,-1.E0));
#10287=AXIS2_PLACEMENT_3D('',#10284,#10285,#10286);
#10288=PLANE('',#10287);
#10289=ORIENTED_EDGE('',*,*,#10275,.F.);
#10291=ORIENTED_EDGE('',*,*,#10290,.F.);
#10293=ORIENTED_EDGE('',*,*,#10292,.F.);
#10295=ORIENTED_EDGE('',*,*,#10294,.F.);
#10296=EDGE_LOOP('',(#10289,#10291,#10293,#10295));
#10297=FACE_OUTER_BOUND('',#10296,.F.);
#10298=ADVANCED_FACE('',(#10297),#10288,.F.);
#10299=CARTESIAN_POINT('',(-5.E1,2.372029801026E1,1.1E1));
#10300=DIRECTION('',(0.E0,0.E0,-1.E0));
#10301=DIRECTION('',(0.E0,-1.E0,0.E0));
#10302=AXIS2_PLACEMENT_3D('',#10299,#10300,#10301);
#10303=PLANE('',#10302);
#10304=ORIENTED_EDGE('',*,*,#10290,.T.);
#10305=ORIENTED_EDGE('',*,*,#10279,.T.);
#10306=ORIENTED_EDGE('',*,*,#9569,.F.);
#10307=ORIENTED_EDGE('',*,*,#9588,.T.);
#10308=ORIENTED_EDGE('',*,*,#9603,.T.);
#10309=ORIENTED_EDGE('',*,*,#9621,.T.);
#10311=ORIENTED_EDGE('',*,*,#10310,.F.);
#10313=ORIENTED_EDGE('',*,*,#10312,.T.);
#10314=EDGE_LOOP('',(#10304,#10305,#10306,#10307,#10308,#10309,#10311,#10313));
#10315=FACE_OUTER_BOUND('',#10314,.F.);
#10316=ADVANCED_FACE('',(#10315),#10303,.F.);
#10317=CARTESIAN_POINT('',(-1.115E1,-5.1775E1,1.5E1));
#10318=DIRECTION('',(1.E0,0.E0,0.E0));
#10319=DIRECTION('',(0.E0,1.E0,0.E0));
#10320=AXIS2_PLACEMENT_3D('',#10317,#10318,#10319);
#10321=PLANE('',#10320);
#10323=ORIENTED_EDGE('',*,*,#10322,.T.);
#10324=ORIENTED_EDGE('',*,*,#5226,.F.);
#10326=ORIENTED_EDGE('',*,*,#10325,.F.);
#10328=ORIENTED_EDGE('',*,*,#10327,.F.);
#10330=ORIENTED_EDGE('',*,*,#10329,.F.);
#10331=ORIENTED_EDGE('',*,*,#10310,.T.);
#10332=ORIENTED_EDGE('',*,*,#9619,.F.);
#10333=ORIENTED_EDGE('',*,*,#9714,.F.);
#10334=EDGE_LOOP('',(#10323,#10324,#10326,#10328,#10330,#10331,#10332,#10333));
#10335=FACE_OUTER_BOUND('',#10334,.F.);
#10336=ADVANCED_FACE('',(#10335),#10321,.F.);
#10337=CARTESIAN_POINT('',(-1.165E1,-3.537499999999E1,1.516287150697E1));
#10338=DIRECTION('',(0.E0,0.E0,-1.E0));
#10339=DIRECTION('',(1.E0,0.E0,0.E0));
#10340=AXIS2_PLACEMENT_3D('',#10337,#10338,#10339);
#10341=CYLINDRICAL_SURFACE('',#10340,5.E-1);
#10342=ORIENTED_EDGE('',*,*,#10322,.F.);
#10343=ORIENTED_EDGE('',*,*,#9730,.T.);
#10345=ORIENTED_EDGE('',*,*,#10344,.T.);
#10346=ORIENTED_EDGE('',*,*,#5228,.T.);
#10347=EDGE_LOOP('',(#10342,#10343,#10345,#10346));
#10348=FACE_OUTER_BOUND('',#10347,.F.);
#10349=ADVANCED_FACE('',(#10348),#10341,.F.);
#10350=CARTESIAN_POINT('',(-2.875E1,-3.587499999999E1,1.5E1));
#10351=DIRECTION('',(0.E0,-1.E0,0.E0));
#10352=DIRECTION('',(1.E0,0.E0,0.E0));
#10353=AXIS2_PLACEMENT_3D('',#10350,#10351,#10352);
#10354=PLANE('',#10353);
#10355=ORIENTED_EDGE('',*,*,#10344,.F.);
#10356=ORIENTED_EDGE('',*,*,#9744,.F.);
#10358=ORIENTED_EDGE('',*,*,#10357,.T.);
#10359=ORIENTED_EDGE('',*,*,#5230,.T.);
#10360=EDGE_LOOP('',(#10355,#10356,#10358,#10359));
#10361=FACE_OUTER_BOUND('',#10360,.F.);
#10362=ADVANCED_FACE('',(#10361),#10354,.F.);
#10363=CARTESIAN_POINT('',(-2.835E1,-3.537499999999E1,1.516287150697E1));
#10364=DIRECTION('',(0.E0,0.E0,-1.E0));
#10365=DIRECTION('',(0.E0,-1.E0,0.E0));
#10366=AXIS2_PLACEMENT_3D('',#10363,#10364,#10365);
#10367=CYLINDRICAL_SURFACE('',#10366,5.E-1);
#10368=ORIENTED_EDGE('',*,*,#10357,.F.);
#10369=ORIENTED_EDGE('',*,*,#9758,.T.);
#10371=ORIENTED_EDGE('',*,*,#10370,.T.);
#10372=ORIENTED_EDGE('',*,*,#5232,.T.);
#10373=EDGE_LOOP('',(#10368,#10369,#10371,#10372));
#10374=FACE_OUTER_BOUND('',#10373,.F.);
#10375=ADVANCED_FACE('',(#10374),#10367,.F.);
#10376=CARTESIAN_POINT('',(-2.885E1,5.1775E1,1.5E1));
#10377=DIRECTION('',(-1.E0,0.E0,0.E0));
#10378=DIRECTION('',(0.E0,-1.E0,0.E0));
#10379=AXIS2_PLACEMENT_3D('',#10376,#10377,#10378);
#10380=PLANE('',#10379);
#10381=ORIENTED_EDGE('',*,*,#10370,.F.);
#10382=ORIENTED_EDGE('',*,*,#9772,.F.);
#10384=ORIENTED_EDGE('',*,*,#10383,.F.);
#10385=ORIENTED_EDGE('',*,*,#9909,.T.);
#10386=ORIENTED_EDGE('',*,*,#9944,.F.);
#10387=ORIENTED_EDGE('',*,*,#9973,.F.);
#10389=ORIENTED_EDGE('',*,*,#10388,.F.);
#10390=ORIENTED_EDGE('',*,*,#5234,.F.);
#10391=EDGE_LOOP('',(#10381,#10382,#10384,#10385,#10386,#10387,#10389,#10390));
#10392=FACE_OUTER_BOUND('',#10391,.F.);
#10393=ADVANCED_FACE('',(#10392),#10380,.F.);
#10394=CARTESIAN_POINT('',(-2.935E1,-1.779701989743E0,3.57058E1));
#10395=DIRECTION('',(0.E0,0.E0,-1.E0));
#10396=DIRECTION('',(0.E0,1.E0,0.E0));
#10397=AXIS2_PLACEMENT_3D('',#10394,#10395,#10396);
#10398=CYLINDRICAL_SURFACE('',#10397,5.E-1);
#10399=ORIENTED_EDGE('',*,*,#9881,.T.);
#10400=ORIENTED_EDGE('',*,*,#9911,.F.);
#10401=ORIENTED_EDGE('',*,*,#10383,.T.);
#10402=ORIENTED_EDGE('',*,*,#9853,.T.);
#10403=EDGE_LOOP('',(#10399,#10400,#10401,#10402));
#10404=FACE_OUTER_BOUND('',#10403,.F.);
#10405=ADVANCED_FACE('',(#10404),#10398,.T.);
#10406=CARTESIAN_POINT('',(-2.835E1,5.1275E1,-1.9554E1));
#10407=DIRECTION('',(0.E0,0.E0,1.E0));
#10408=DIRECTION('',(0.E0,1.E0,0.E0));
#10409=AXIS2_PLACEMENT_3D('',#10406,#10407,#10408);
#10410=CYLINDRICAL_SURFACE('',#10409,5.E-1);
#10411=ORIENTED_EDGE('',*,*,#10388,.T.);
#10413=ORIENTED_EDGE('',*,*,#10412,.F.);
#10415=ORIENTED_EDGE('',*,*,#10414,.T.);
#10416=ORIENTED_EDGE('',*,*,#5236,.F.);
#10417=EDGE_LOOP('',(#10411,#10413,#10415,#10416));
#10418=FACE_OUTER_BOUND('',#10417,.F.);
#10419=ADVANCED_FACE('',(#10418),#10410,.F.);
#10420=CARTESIAN_POINT('',(-2.935E1,5.1275E1,1.45E1));
#10421=DIRECTION('',(0.E0,-1.E0,0.E0));
#10422=DIRECTION('',(8.488603004294E-1,0.E0,-5.286172437169E-1));
#10423=AXIS2_PLACEMENT_3D('',#10420,#10421,#10422);
#10424=TOROIDAL_SURFACE('',#10423,9.999998181726E-1,5.E-1);
#10426=ORIENTED_EDGE('',*,*,#10425,.F.);
#10427=ORIENTED_EDGE('',*,*,#10412,.T.);
#10428=ORIENTED_EDGE('',*,*,#9971,.T.);
#10429=ORIENTED_EDGE('',*,*,#10019,.F.);
#10430=EDGE_LOOP('',(#10426,#10427,#10428,#10429));
#10431=FACE_OUTER_BOUND('',#10430,.F.);
#10432=ADVANCED_FACE('',(#10431),#10424,.F.);
#10433=CARTESIAN_POINT('',(-1.125E1,5.1775E1,1.5E1));
#10434=DIRECTION('',(0.E0,1.E0,0.E0));
#10435=DIRECTION('',(-1.E0,0.E0,0.E0));
#10436=AXIS2_PLACEMENT_3D('',#10433,#10434,#10435);
#10437=PLANE('',#10436);
#10438=ORIENTED_EDGE('',*,*,#10425,.T.);
#10439=ORIENTED_EDGE('',*,*,#10017,.T.);
#10441=ORIENTED_EDGE('',*,*,#10440,.T.);
#10443=ORIENTED_EDGE('',*,*,#10442,.F.);
#10444=ORIENTED_EDGE('',*,*,#5238,.F.);
#10445=ORIENTED_EDGE('',*,*,#10414,.F.);
#10446=EDGE_LOOP('',(#10438,#10439,#10441,#10443,#10444,#10445));
#10447=FACE_OUTER_BOUND('',#10446,.F.);
#10448=ADVANCED_FACE('',(#10447),#10437,.F.);
#10449=CARTESIAN_POINT('',(-2.79E1,-2.319995352497E2,1.49E1));
#10450=DIRECTION('',(0.E0,1.E0,0.E0));
#10451=DIRECTION('',(0.E0,0.E0,1.E0));
#10452=AXIS2_PLACEMENT_3D('',#10449,#10450,#10451);
#10453=CYLINDRICAL_SURFACE('',#10452,1.E-1);
#10455=ORIENTED_EDGE('',*,*,#10454,.F.);
#10457=ORIENTED_EDGE('',*,*,#10456,.T.);
#10458=ORIENTED_EDGE('',*,*,#10440,.F.);
#10459=ORIENTED_EDGE('',*,*,#10015,.T.);
#10460=EDGE_LOOP('',(#10455,#10457,#10458,#10459));
#10461=FACE_OUTER_BOUND('',#10460,.F.);
#10462=ADVANCED_FACE('',(#10461),#10453,.T.);
#10463=CARTESIAN_POINT('',(-2.73E1,6.3275E1,1.49E1));
#10464=DIRECTION('',(0.E0,0.E0,-1.E0));
#10465=DIRECTION('',(3.552713678800E-14,1.E0,0.E0));
#10466=AXIS2_PLACEMENT_3D('',#10463,#10464,#10465);
#10467=TOROIDAL_SURFACE('',#10466,6.E-1,1.E-1);
#10468=ORIENTED_EDGE('',*,*,#10454,.T.);
#10469=ORIENTED_EDGE('',*,*,#10013,.T.);
#10471=ORIENTED_EDGE('',*,*,#10470,.F.);
#10473=ORIENTED_EDGE('',*,*,#10472,.F.);
#10474=EDGE_LOOP('',(#10468,#10469,#10471,#10473));
#10475=FACE_OUTER_BOUND('',#10474,.F.);
#10476=ADVANCED_FACE('',(#10475),#10467,.T.);
#10477=CARTESIAN_POINT('',(-1.8036E2,6.3875E1,1.49E1));
#10478=DIRECTION('',(1.E0,0.E0,0.E0));
#10479=DIRECTION('',(0.E0,0.E0,1.E0));
#10480=AXIS2_PLACEMENT_3D('',#10477,#10478,#10479);
#10481=CYLINDRICAL_SURFACE('',#10480,1.E-1);
#10483=ORIENTED_EDGE('',*,*,#10482,.F.);
#10485=ORIENTED_EDGE('',*,*,#10484,.T.);
#10486=ORIENTED_EDGE('',*,*,#10470,.T.);
#10487=ORIENTED_EDGE('',*,*,#10011,.T.);
#10488=EDGE_LOOP('',(#10483,#10485,#10486,#10487));
#10489=FACE_OUTER_BOUND('',#10488,.F.);
#10490=ADVANCED_FACE('',(#10489),#10481,.T.);
#10491=CARTESIAN_POINT('',(-1.27E1,6.3275E1,1.49E1));
#10492=DIRECTION('',(0.E0,0.E0,-1.E0));
#10493=DIRECTION('',(1.E0,1.184237892934E-14,0.E0));
#10494=AXIS2_PLACEMENT_3D('',#10491,#10492,#10493);
#10495=TOROIDAL_SURFACE('',#10494,6.E-1,1.E-1);
#10496=ORIENTED_EDGE('',*,*,#10482,.T.);
#10497=ORIENTED_EDGE('',*,*,#10009,.T.);
#10499=ORIENTED_EDGE('',*,*,#10498,.F.);
#10501=ORIENTED_EDGE('',*,*,#10500,.F.);
#10502=EDGE_LOOP('',(#10496,#10497,#10499,#10501));
#10503=FACE_OUTER_BOUND('',#10502,.F.);
#10504=ADVANCED_FACE('',(#10503),#10495,.T.);
#10505=CARTESIAN_POINT('',(-1.21E1,2.7054E2,1.49E1));
#10506=DIRECTION('',(0.E0,-1.E0,0.E0));
#10507=DIRECTION('',(0.E0,0.E0,1.E0));
#10508=AXIS2_PLACEMENT_3D('',#10505,#10506,#10507);
#10509=CYLINDRICAL_SURFACE('',#10508,1.E-1);
#10510=ORIENTED_EDGE('',*,*,#10498,.T.);
#10511=ORIENTED_EDGE('',*,*,#10007,.T.);
#10513=ORIENTED_EDGE('',*,*,#10512,.F.);
#10515=ORIENTED_EDGE('',*,*,#10514,.T.);
#10516=EDGE_LOOP('',(#10510,#10511,#10513,#10515));
#10517=FACE_OUTER_BOUND('',#10516,.F.);
#10518=ADVANCED_FACE('',(#10517),#10509,.T.);
#10519=CARTESIAN_POINT('',(-1.125E1,5.1775E1,1.5E1));
#10520=DIRECTION('',(0.E0,1.E0,0.E0));
#10521=DIRECTION('',(-1.E0,0.E0,0.E0));
#10522=AXIS2_PLACEMENT_3D('',#10519,#10520,#10521);
#10523=PLANE('',#10522);
#10525=ORIENTED_EDGE('',*,*,#10524,.T.);
#10527=ORIENTED_EDGE('',*,*,#10526,.F.);
#10528=ORIENTED_EDGE('',*,*,#5250,.F.);
#10530=ORIENTED_EDGE('',*,*,#10529,.T.);
#10531=ORIENTED_EDGE('',*,*,#10512,.T.);
#10532=ORIENTED_EDGE('',*,*,#10005,.T.);
#10533=EDGE_LOOP('',(#10525,#10527,#10528,#10530,#10531,#10532));
#10534=FACE_OUTER_BOUND('',#10533,.F.);
#10535=ADVANCED_FACE('',(#10534),#10523,.F.);
#10536=CARTESIAN_POINT('',(-1.065E1,5.1275E1,1.45E1));
#10537=DIRECTION('',(0.E0,-1.E0,0.E0));
#10538=DIRECTION('',(-8.599802571782E-1,0.E0,-5.103273040546E-1));
#10539=AXIS2_PLACEMENT_3D('',#10536,#10537,#10538);
#10540=TOROIDAL_SURFACE('',#10539,9.999998181726E-1,5.E-1);
#10542=ORIENTED_EDGE('',*,*,#10541,.T.);
#10544=ORIENTED_EDGE('',*,*,#10543,.T.);
#10545=ORIENTED_EDGE('',*,*,#10524,.F.);
#10546=ORIENTED_EDGE('',*,*,#10003,.F.);
#10547=EDGE_LOOP('',(#10542,#10544,#10545,#10546));
#10548=FACE_OUTER_BOUND('',#10547,.F.);
#10549=ADVANCED_FACE('',(#10548),#10540,.F.);
#10550=CARTESIAN_POINT('',(-1.065E1,2.5092082E2,1.45E1));
#10551=DIRECTION('',(0.E0,-1.E0,0.E0));
#10552=DIRECTION('',(0.E0,0.E0,1.E0));
#10553=AXIS2_PLACEMENT_3D('',#10550,#10551,#10552);
#10554=CYLINDRICAL_SURFACE('',#10553,5.E-1);
#10556=ORIENTED_EDGE('',*,*,#10555,.F.);
#10557=ORIENTED_EDGE('',*,*,#10327,.T.);
#10558=ORIENTED_EDGE('',*,*,#10541,.F.);
#10559=ORIENTED_EDGE('',*,*,#10001,.T.);
#10560=EDGE_LOOP('',(#10556,#10557,#10558,#10559));
#10561=FACE_OUTER_BOUND('',#10560,.F.);
#10562=ADVANCED_FACE('',(#10561),#10554,.T.);
#10563=CARTESIAN_POINT('',(-1.065E1,2.422029801026E1,1.45E1));
#10564=DIRECTION('',(-1.999811427567E-11,0.E0,1.E0));
#10565=DIRECTION('',(-1.E0,1.507305038070E-14,-1.999811427567E-11));
#10566=AXIS2_PLACEMENT_3D('',#10563,#10564,#10565);
#10567=SPHERICAL_SURFACE('',#10566,5.E-1);
#10568=ORIENTED_EDGE('',*,*,#10555,.T.);
#10570=ORIENTED_EDGE('',*,*,#10569,.T.);
#10572=ORIENTED_EDGE('',*,*,#10571,.T.);
#10573=EDGE_LOOP('',(#10568,#10570,#10572));
#10574=FACE_OUTER_BOUND('',#10573,.F.);
#10575=ADVANCED_FACE('',(#10574),#10567,.T.);
#10576=CARTESIAN_POINT('',(1.167282165715E1,2.422029801026E1,1.45E1));
#10577=DIRECTION('',(-1.E0,0.E0,0.E0));
#10578=DIRECTION('',(0.E0,-1.E0,0.E0));
#10579=AXIS2_PLACEMENT_3D('',#10576,#10577,#10578);
#10580=CYLINDRICAL_SURFACE('',#10579,5.E-1);
#10581=ORIENTED_EDGE('',*,*,#10294,.T.);
#10582=ORIENTED_EDGE('',*,*,#10569,.F.);
#10583=ORIENTED_EDGE('',*,*,#9999,.T.);
#10584=ORIENTED_EDGE('',*,*,#10265,.F.);
#10585=EDGE_LOOP('',(#10581,#10582,#10583,#10584));
#10586=FACE_OUTER_BOUND('',#10585,.F.);
#10587=ADVANCED_FACE('',(#10586),#10580,.T.);
#10588=CARTESIAN_POINT('',(-1.065E1,2.422029801026E1,1.529160026250E1));
#10589=DIRECTION('',(0.E0,0.E0,-1.E0));
#10590=DIRECTION('',(0.E0,-1.E0,0.E0));
#10591=AXIS2_PLACEMENT_3D('',#10588,#10589,#10590);
#10592=CYLINDRICAL_SURFACE('',#10591,5.E-1);
#10593=ORIENTED_EDGE('',*,*,#10329,.T.);
#10594=ORIENTED_EDGE('',*,*,#10571,.F.);
#10595=ORIENTED_EDGE('',*,*,#10292,.T.);
#10596=ORIENTED_EDGE('',*,*,#10312,.F.);
#10597=EDGE_LOOP('',(#10593,#10594,#10595,#10596));
#10598=FACE_OUTER_BOUND('',#10597,.F.);
#10599=ADVANCED_FACE('',(#10598),#10592,.T.);
#10600=CARTESIAN_POINT('',(-1.165E1,5.1275E1,-1.9554E1));
#10601=DIRECTION('',(0.E0,0.E0,1.E0));
#10602=DIRECTION('',(1.E0,0.E0,0.E0));
#10603=AXIS2_PLACEMENT_3D('',#10600,#10601,#10602);
#10604=CYLINDRICAL_SURFACE('',#10603,5.E-1);
#10605=ORIENTED_EDGE('',*,*,#10526,.T.);
#10606=ORIENTED_EDGE('',*,*,#10543,.F.);
#10607=ORIENTED_EDGE('',*,*,#10325,.T.);
#10608=ORIENTED_EDGE('',*,*,#5252,.F.);
#10609=EDGE_LOOP('',(#10605,#10606,#10607,#10608));
#10610=FACE_OUTER_BOUND('',#10609,.F.);
#10611=ADVANCED_FACE('',(#10610),#10604,.F.);
#10612=CARTESIAN_POINT('',(-1.22E1,5.1775E1,1.5E1));
#10613=DIRECTION('',(1.E0,0.E0,0.E0));
#10614=DIRECTION('',(0.E0,1.E0,0.E0));
#10615=AXIS2_PLACEMENT_3D('',#10612,#10613,#10614);
#10616=PLANE('',#10615);
#10618=ORIENTED_EDGE('',*,*,#10617,.F.);
#10619=ORIENTED_EDGE('',*,*,#10514,.F.);
#10620=ORIENTED_EDGE('',*,*,#10529,.F.);
#10621=ORIENTED_EDGE('',*,*,#5248,.T.);
#10622=EDGE_LOOP('',(#10618,#10619,#10620,#10621));
#10623=FACE_OUTER_BOUND('',#10622,.F.);
#10624=ADVANCED_FACE('',(#10623),#10616,.F.);
#10625=CARTESIAN_POINT('',(-1.27E1,6.3275E1,1.516287150697E1));
#10626=DIRECTION('',(0.E0,0.E0,-1.E0));
#10627=DIRECTION('',(0.E0,1.E0,0.E0));
#10628=AXIS2_PLACEMENT_3D('',#10625,#10626,#10627);
#10629=CYLINDRICAL_SURFACE('',#10628,5.E-1);
#10631=ORIENTED_EDGE('',*,*,#10630,.F.);
#10632=ORIENTED_EDGE('',*,*,#10500,.T.);
#10633=ORIENTED_EDGE('',*,*,#10617,.T.);
#10634=ORIENTED_EDGE('',*,*,#5246,.T.);
#10635=EDGE_LOOP('',(#10631,#10632,#10633,#10634));
#10636=FACE_OUTER_BOUND('',#10635,.F.);
#10637=ADVANCED_FACE('',(#10636),#10629,.F.);
#10638=CARTESIAN_POINT('',(-1.22E1,6.3775E1,1.5E1));
#10639=DIRECTION('',(0.E0,1.E0,0.E0));
#10640=DIRECTION('',(-1.E0,0.E0,0.E0));
#10641=AXIS2_PLACEMENT_3D('',#10638,#10639,#10640);
#10642=PLANE('',#10641);
#10643=ORIENTED_EDGE('',*,*,#10630,.T.);
#10644=ORIENTED_EDGE('',*,*,#5244,.T.);
#10646=ORIENTED_EDGE('',*,*,#10645,.F.);
#10647=ORIENTED_EDGE('',*,*,#10484,.F.);
#10648=EDGE_LOOP('',(#10643,#10644,#10646,#10647));
#10649=FACE_OUTER_BOUND('',#10648,.F.);
#10650=ADVANCED_FACE('',(#10649),#10642,.F.);
#10651=CARTESIAN_POINT('',(-2.73E1,6.3275E1,1.516287150697E1));
#10652=DIRECTION('',(0.E0,0.E0,-1.E0));
#10653=DIRECTION('',(-1.E0,0.E0,0.E0));
#10654=AXIS2_PLACEMENT_3D('',#10651,#10652,#10653);
#10655=CYLINDRICAL_SURFACE('',#10654,5.E-1);
#10657=ORIENTED_EDGE('',*,*,#10656,.F.);
#10658=ORIENTED_EDGE('',*,*,#10472,.T.);
#10659=ORIENTED_EDGE('',*,*,#10645,.T.);
#10660=ORIENTED_EDGE('',*,*,#5242,.T.);
#10661=EDGE_LOOP('',(#10657,#10658,#10659,#10660));
#10662=FACE_OUTER_BOUND('',#10661,.F.);
#10663=ADVANCED_FACE('',(#10662),#10655,.F.);
#10664=CARTESIAN_POINT('',(-2.78E1,6.3775E1,1.5E1));
#10665=DIRECTION('',(-1.E0,0.E0,0.E0));
#10666=DIRECTION('',(0.E0,-1.E0,0.E0));
#10667=AXIS2_PLACEMENT_3D('',#10664,#10665,#10666);
#10668=PLANE('',#10667);
#10669=ORIENTED_EDGE('',*,*,#10656,.T.);
#10670=ORIENTED_EDGE('',*,*,#5240,.T.);
#10671=ORIENTED_EDGE('',*,*,#10442,.T.);
#10672=ORIENTED_EDGE('',*,*,#10456,.F.);
#10673=EDGE_LOOP('',(#10669,#10670,#10671,#10672));
#10674=FACE_OUTER_BOUND('',#10673,.F.);
#10675=ADVANCED_FACE('',(#10674),#10668,.F.);
#10676=CARTESIAN_POINT('',(-2.857717834285E1,2.422029801026E1,1.45E1));
#10677=DIRECTION('',(-1.E0,0.E0,0.E0));
#10678=DIRECTION('',(0.E0,-1.E0,0.E0));
#10679=AXIS2_PLACEMENT_3D('',#10676,#10677,#10678);
#10680=CYLINDRICAL_SURFACE('',#10679,5.E-1);
#10681=ORIENTED_EDGE('',*,*,#10022,.T.);
#10682=ORIENTED_EDGE('',*,*,#9958,.F.);
#10683=ORIENTED_EDGE('',*,*,#9931,.T.);
#10685=ORIENTED_EDGE('',*,*,#10684,.F.);
#10686=EDGE_LOOP('',(#10681,#10682,#10683,#10685));
#10687=FACE_OUTER_BOUND('',#10686,.F.);
#10688=ADVANCED_FACE('',(#10687),#10680,.T.);
#10689=CARTESIAN_POINT('',(-4.95E1,2.422029801026E1,3.57058E1));
#10690=DIRECTION('',(0.E0,0.E0,-1.E0));
#10691=DIRECTION('',(0.E0,-1.E0,0.E0));
#10692=AXIS2_PLACEMENT_3D('',#10689,#10690,#10691);
#10693=CYLINDRICAL_SURFACE('',#10692,5.E-1);
#10694=ORIENTED_EDGE('',*,*,#9929,.T.);
#10695=ORIENTED_EDGE('',*,*,#9916,.F.);
#10696=ORIENTED_EDGE('',*,*,#5283,.T.);
#10697=ORIENTED_EDGE('',*,*,#10684,.T.);
#10698=EDGE_LOOP('',(#10694,#10695,#10696,#10697));
#10699=FACE_OUTER_BOUND('',#10698,.F.);
#10700=ADVANCED_FACE('',(#10699),#10693,.T.);
#10701=CARTESIAN_POINT('',(1.8036E2,2.422029801026E1,1.45E1));
#10702=DIRECTION('',(-1.E0,0.E0,0.E0));
#10703=DIRECTION('',(0.E0,-1.E0,0.E0));
#10704=AXIS2_PLACEMENT_3D('',#10701,#10702,#10703);
#10705=CYLINDRICAL_SURFACE('',#10704,5.E-1);
#10706=ORIENTED_EDGE('',*,*,#5353,.F.);
#10708=ORIENTED_EDGE('',*,*,#10707,.T.);
#10710=ORIENTED_EDGE('',*,*,#10709,.F.);
#10711=ORIENTED_EDGE('',*,*,#10029,.T.);
#10712=EDGE_LOOP('',(#10706,#10708,#10710,#10711));
#10713=FACE_OUTER_BOUND('',#10712,.F.);
#10714=ADVANCED_FACE('',(#10713),#10705,.T.);
#10715=CARTESIAN_POINT('',(-5.E1,2.372029801026E1,1.9E1));
#10716=DIRECTION('',(0.E0,1.E0,0.E0));
#10717=DIRECTION('',(0.E0,0.E0,-1.E0));
#10718=AXIS2_PLACEMENT_3D('',#10715,#10716,#10717);
#10719=PLANE('',#10718);
#10720=ORIENTED_EDGE('',*,*,#10707,.F.);
#10721=ORIENTED_EDGE('',*,*,#5351,.F.);
#10723=ORIENTED_EDGE('',*,*,#10722,.F.);
#10725=ORIENTED_EDGE('',*,*,#10724,.F.);
#10726=EDGE_LOOP('',(#10720,#10721,#10723,#10725));
#10727=FACE_OUTER_BOUND('',#10726,.F.);
#10728=ADVANCED_FACE('',(#10727),#10719,.F.);
#10729=CARTESIAN_POINT('',(-5.E1,2.372029801026E1,1.1E1));
#10730=DIRECTION('',(0.E0,0.E0,-1.E0));
#10731=DIRECTION('',(0.E0,-1.E0,0.E0));
#10732=AXIS2_PLACEMENT_3D('',#10729,#10730,#10731);
#10733=PLANE('',#10732);
#10734=ORIENTED_EDGE('',*,*,#9513,.F.);
#10736=ORIENTED_EDGE('',*,*,#10735,.T.);
#10737=ORIENTED_EDGE('',*,*,#10722,.T.);
#10738=ORIENTED_EDGE('',*,*,#5349,.T.);
#10740=ORIENTED_EDGE('',*,*,#10739,.T.);
#10742=ORIENTED_EDGE('',*,*,#10741,.T.);
#10743=EDGE_LOOP('',(#10734,#10736,#10737,#10738,#10740,#10742));
#10744=FACE_OUTER_BOUND('',#10743,.F.);
#10745=ADVANCED_FACE('',(#10744),#10733,.F.);
#10746=CARTESIAN_POINT('',(2.91E1,2.422029801026E1,-2.02058E1));
#10747=DIRECTION('',(0.E0,0.E0,1.E0));
#10748=DIRECTION('',(-1.E0,0.E0,0.E0));
#10749=AXIS2_PLACEMENT_3D('',#10746,#10747,#10748);
#10750=CYLINDRICAL_SURFACE('',#10749,5.E-1);
#10751=ORIENTED_EDGE('',*,*,#10724,.T.);
#10752=ORIENTED_EDGE('',*,*,#10735,.F.);
#10753=ORIENTED_EDGE('',*,*,#9511,.T.);
#10754=ORIENTED_EDGE('',*,*,#10709,.T.);
#10755=EDGE_LOOP('',(#10751,#10752,#10753,#10754));
#10756=FACE_OUTER_BOUND('',#10755,.F.);
#10757=ADVANCED_FACE('',(#10756),#10750,.T.);
#10758=CARTESIAN_POINT('',(-5.E1,-1.279701989743E0,1.1E1));
#10759=DIRECTION('',(0.E0,-1.E0,0.E0));
#10760=DIRECTION('',(0.E0,0.E0,1.E0));
#10761=AXIS2_PLACEMENT_3D('',#10758,#10759,#10760);
#10762=PLANE('',#10761);
#10764=ORIENTED_EDGE('',*,*,#10763,.F.);
#10765=ORIENTED_EDGE('',*,*,#10739,.F.);
#10766=ORIENTED_EDGE('',*,*,#5347,.T.);
#10768=ORIENTED_EDGE('',*,*,#10767,.F.);
#10769=EDGE_LOOP('',(#10764,#10765,#10766,#10768));
#10770=FACE_OUTER_BOUND('',#10769,.F.);
#10771=ADVANCED_FACE('',(#10770),#10762,.F.);
#10772=CARTESIAN_POINT('',(2.91E1,-1.779701989743E0,-2.02058E1));
#10773=DIRECTION('',(0.E0,0.E0,1.E0));
#10774=DIRECTION('',(-1.421085471520E-14,1.E0,0.E0));
#10775=AXIS2_PLACEMENT_3D('',#10772,#10773,#10774);
#10776=CYLINDRICAL_SURFACE('',#10775,5.E-1);
#10777=ORIENTED_EDGE('',*,*,#10763,.T.);
#10779=ORIENTED_EDGE('',*,*,#10778,.F.);
#10780=ORIENTED_EDGE('',*,*,#9515,.T.);
#10781=ORIENTED_EDGE('',*,*,#10741,.F.);
#10782=EDGE_LOOP('',(#10777,#10779,#10780,#10781));
#10783=FACE_OUTER_BOUND('',#10782,.F.);
#10784=ADVANCED_FACE('',(#10783),#10776,.T.);
#10785=CARTESIAN_POINT('',(2.917540261579E1,-1.287531098993E0,
1.441072670115E1));
#10786=CARTESIAN_POINT('',(2.915099320892E1,-1.282217127717E0,
1.444125203339E1));
#10787=CARTESIAN_POINT('',(2.910560207163E1,-1.277372113859E0,
1.449800483261E1));
#10788=CARTESIAN_POINT('',(2.904095332304E1,-1.284035583600E0,
1.457878332890E1));
#10789=CARTESIAN_POINT('',(2.898264404853E1,-1.301412919911E0,
1.465159712249E1));
#10790=CARTESIAN_POINT('',(2.892900204734E1,-1.328174470280E0,
1.471854426413E1));
#10791=CARTESIAN_POINT('',(2.888039651789E1,-1.363052274631E0,
1.477917192730E1));
#10792=CARTESIAN_POINT('',(2.883748451844E1,-1.404521947257E0,
1.483266922112E1));
#10793=CARTESIAN_POINT('',(2.880057705422E1,-1.451142451325E0,
1.487865768509E1));
#10794=CARTESIAN_POINT('',(2.876983873231E1,-1.501494994417E0,
1.491694147039E1));
#10795=CARTESIAN_POINT('',(2.874534002273E1,-1.554041821172E0,
1.494744167692E1));
#10796=CARTESIAN_POINT('',(2.872697530053E1,-1.607030391040E0,
1.497029772143E1));
#10797=CARTESIAN_POINT('',(2.871430707189E1,-1.658848454040E0,
1.498606026774E1));
#10798=CARTESIAN_POINT('',(2.870661115003E1,-1.708410068554E0,
1.499563443824E1));
#10799=CARTESIAN_POINT('',(2.870305389624E1,-1.755481822263E0,
1.500005947550E1));
#10800=CARTESIAN_POINT('',(2.870294421053E1,-1.813477792624E0,
1.500019593105E1));
#10801=CARTESIAN_POINT('',(2.870717676403E1,-1.855467347891E0,
1.499493080070E1));
#10802=CARTESIAN_POINT('',(2.871164683055E1,-1.881957998382E0,
1.498936988039E1));
#10803=CARTESIAN_POINT('',(2.913149145494E1,-1.293521733682E0,
1.436792903673E1));
#10804=CARTESIAN_POINT('',(2.910737614462E1,-1.285596467760E0,
1.439787993449E1));
#10805=CARTESIAN_POINT('',(2.906221245979E1,-1.275798276558E0,
1.445418637591E1));
#10806=CARTESIAN_POINT('',(2.899728808924E1,-1.275454419928E0,
1.453610087337E1));
#10807=CARTESIAN_POINT('',(2.893823031601E1,-1.286785268522E0,
1.461141676573E1));
#10808=CARTESIAN_POINT('',(2.888340109282E1,-1.308464473203E0,
1.468204072668E1));
#10809=CARTESIAN_POINT('',(2.883320349476E1,-1.339442157254E0,
1.474730689567E1));
#10810=CARTESIAN_POINT('',(2.878835050270E1,-1.378421367836E0,
1.480612862191E1));
#10811=CARTESIAN_POINT('',(2.874923171693E1,-1.424129605359E0,
1.485782683918E1));
#10812=CARTESIAN_POINT('',(2.871612896320E1,-1.475257391172E0,
1.490186472068E1));
#10813=CARTESIAN_POINT('',(2.868928345741E1,-1.530270985176E0,
1.493776984961E1));
#10814=CARTESIAN_POINT('',(2.866880518054E1,-1.587231938295E0,
1.496526775105E1));
#10815=CARTESIAN_POINT('',(2.865445723898E1,-1.644137648058E0,
1.498458503425E1));
#10816=CARTESIAN_POINT('',(2.864563699549E1,-1.699407076352E0,
1.499647879413E1));
#10817=CARTESIAN_POINT('',(2.864153112523E1,-1.752371184520E0,
1.500201983332E1));
#10818=CARTESIAN_POINT('',(2.864140418552E1,-1.817817085970E0,
1.500219088199E1));
#10819=CARTESIAN_POINT('',(2.864629092965E1,-1.865027807423E0,
1.499559719801E1));
#10820=CARTESIAN_POINT('',(2.865140324251E1,-1.894479586877E0,
1.498870051539E1));
#10821=CARTESIAN_POINT('',(2.910042615540E1,-1.341908052009E0,
1.434586055485E1));
#10822=CARTESIAN_POINT('',(2.907651890603E1,-1.332624339922E0,
1.437266784311E1));
#10823=CARTESIAN_POINT('',(2.903151613424E1,-1.319779562161E0,
1.442356660470E1));
#10824=CARTESIAN_POINT('',(2.896639677274E1,-1.313912347138E0,
1.449902915284E1));
#10825=CARTESIAN_POINT('',(2.890680946816E1,-1.319433543987E0,
1.456956817607E1));
#10826=CARTESIAN_POINT('',(2.885114033533E1,-1.335138470707E0,
1.463676751991E1));
#10827=CARTESIAN_POINT('',(2.879981641568E1,-1.360244343662E0,
1.469985223199E1));
#10828=CARTESIAN_POINT('',(2.875359025298E1,-1.393750890545E0,
1.475761461999E1));
#10829=CARTESIAN_POINT('',(2.871290705021E1,-1.434633414977E0,
1.480919829915E1));
#10830=CARTESIAN_POINT('',(2.867813156041E1,-1.481786618294E0,
1.485384435689E1));
#10831=CARTESIAN_POINT('',(2.864962579500E1,-1.533817606539E0,
1.489081086561E1));
#10832=CARTESIAN_POINT('',(2.862765226709E1,-1.588814562712E0,
1.491951992312E1));
#10833=CARTESIAN_POINT('',(2.861211599929E1,-1.644645226065E0,
1.493992094335E1));
#10834=CARTESIAN_POINT('',(2.860250034553E1,-1.699478038651E0,
1.495258573576E1));
#10835=CARTESIAN_POINT('',(2.859800635219E1,-1.752358721748E0,
1.495851400667E1));
#10836=CARTESIAN_POINT('',(2.859786720599E1,-1.817835456001E0,
1.495869712213E1));
#10837=CARTESIAN_POINT('',(2.860321676249E1,-1.864947153236E0,
1.495164221340E1));
#10838=CARTESIAN_POINT('',(2.860878343762E1,-1.894102518454E0,
1.494430578849E1));
#10839=CARTESIAN_POINT('',(2.910180600514E1,-1.402162829040E0,
1.435844439604E1));
#10840=CARTESIAN_POINT('',(2.907788951417E1,-1.393630571281E0,
1.438152222229E1));
#10841=CARTESIAN_POINT('',(2.903287959499E1,-1.381567907890E0,
1.442546372041E1));
#10842=CARTESIAN_POINT('',(2.896776889455E1,-1.375146023130E0,
1.449095694312E1));
#10843=CARTESIAN_POINT('',(2.890820511054E1,-1.378759749116E0,
1.455245388534E1));
#10844=CARTESIAN_POINT('',(2.885257328458E1,-1.391367674203E0,
1.461128778758E1));
#10845=CARTESIAN_POINT('',(2.880129939357E1,-1.412334606891E0,
1.466674737456E1));
#10846=CARTESIAN_POINT('',(2.875513422398E1,-1.440839025506E0,
1.471773499666E1));
#10847=CARTESIAN_POINT('',(2.871452050904E1,-1.476026962282E0,
1.476345210910E1));
#10848=CARTESIAN_POINT('',(2.867981931836E1,-1.516963346356E0,
1.480317672101E1));
#10849=CARTESIAN_POINT('',(2.865138729789E1,-1.562444100095E0,
1.483619143588E1));
#10850=CARTESIAN_POINT('',(2.862948018563E1,-1.610779776842E0,
1.486191682279E1));
#10851=CARTESIAN_POINT('',(2.861399670057E1,-1.660050953985E0,
1.488024684386E1));
#10852=CARTESIAN_POINT('',(2.860441637712E1,-1.708578184903E0,
1.489164766280E1));
#10853=CARTESIAN_POINT('',(2.859993962332E1,-1.755452296786E0,
1.489699008834E1));
#10854=CARTESIAN_POINT('',(2.859980101931E1,-1.813521312953E0,
1.489715513127E1));
#10855=CARTESIAN_POINT('',(2.860513001873E1,-1.855276270548E0,
1.489079731621E1));
#10856=CARTESIAN_POINT('',(2.861067651216E1,-1.881064687917E0,
1.488419460490E1));
#10857=(BOUNDED_SURFACE()B_SPLINE_SURFACE(3,3,((#10785,#10786,#10787,#10788,
#10789,#10790,#10791,#10792,#10793,#10794,#10795,#10796,#10797,#10798,#10799,
#10800,#10801,#10802),(#10803,#10804,#10805,#10806,#10807,#10808,#10809,#10810,
#10811,#10812,#10813,#10814,#10815,#10816,#10817,#10818,#10819,#10820),(#10821,
#10822,#10823,#10824,#10825,#10826,#10827,#10828,#10829,#10830,#10831,#10832,
#10833,#10834,#10835,#10836,#10837,#10838),(#10839,#10840,#10841,#10842,#10843,
#10844,#10845,#10846,#10847,#10848,#10849,#10850,#10851,#10852,#10853,#10854,
#10855,#10856)),.UNSPECIFIED.,.F.,.F.,.F.)B_SPLINE_SURFACE_WITH_KNOTS((4,4),(4,
1,1,1,1,1,1,1,1,1,1,1,1,1,1,4),(0.E0,1.E0),(-1.007274039367E-1,0.E0,
8.641990331058E-2,1.676434215886E-1,2.451920657948E-1,3.184866816128E-1,
3.872202327963E-1,4.513631589854E-1,5.113670022554E-1,5.671609832592E-1,
6.185039789196E-1,6.654876982040E-1,7.084466820293E-1,7.480381499080E-1,
7.856980973065E-1,8.554774525136E-1),.UNSPECIFIED.)GEOMETRIC_REPRESENTATION_ITEM()RATIONAL_B_SPLINE_SURFACE(((1.187262853654E0,1.187262853654E0,1.187262853654E0,
1.187262853654E0,1.187262853654E0,1.187262853654E0,1.187262853654E0,
1.187262853654E0,1.187262853654E0,1.187262853654E0,1.187262853654E0,
1.187262853654E0,1.187262853654E0,1.187262853654E0,1.187262853654E0,
1.187262853654E0,1.187262853654E0,1.187262853654E0),(9.375790487822E-1,
9.375790487822E-1,9.375790487822E-1,9.375790487822E-1,9.375790487822E-1,
9.375790487822E-1,9.375790487822E-1,9.375790487822E-1,9.375790487822E-1,
9.375790487822E-1,9.375790487822E-1,9.375790487822E-1,9.375790487822E-1,
9.375790487822E-1,9.375790487822E-1,9.375790487822E-1,9.375790487822E-1,
9.375790487822E-1),(9.375790487822E-1,9.375790487822E-1,9.375790487822E-1,
9.375790487822E-1,9.375790487822E-1,9.375790487822E-1,9.375790487822E-1,
9.375790487822E-1,9.375790487822E-1,9.375790487822E-1,9.375790487822E-1,
9.375790487822E-1,9.375790487822E-1,9.375790487822E-1,9.375790487822E-1,
9.375790487822E-1,9.375790487822E-1,9.375790487822E-1),(1.187262853654E0,
1.187262853654E0,1.187262853654E0,1.187262853654E0,1.187262853654E0,
1.187262853654E0,1.187262853654E0,1.187262853654E0,1.187262853654E0,
1.187262853654E0,1.187262853654E0,1.187262853654E0,1.187262853654E0,
1.187262853654E0,1.187262853654E0,1.187262853654E0,1.187262853654E0,
1.187262853654E0)))REPRESENTATION_ITEM('')SURFACE());
#10858=ORIENTED_EDGE('',*,*,#9493,.T.);
#10859=ORIENTED_EDGE('',*,*,#10778,.T.);
#10861=ORIENTED_EDGE('',*,*,#10860,.F.);
#10862=EDGE_LOOP('',(#10858,#10859,#10861));
#10863=FACE_OUTER_BOUND('',#10862,.F.);
#10864=ADVANCED_FACE('',(#10863),#10857,.T.);
#10865=CARTESIAN_POINT('',(-1.8036E2,-1.779701989743E0,1.45E1));
#10866=DIRECTION('',(1.E0,0.E0,0.E0));
#10867=DIRECTION('',(0.E0,1.E0,0.E0));
#10868=AXIS2_PLACEMENT_3D('',#10865,#10866,#10867);
#10869=CYLINDRICAL_SURFACE('',#10868,5.E-1);
#10870=ORIENTED_EDGE('',*,*,#10767,.T.);
#10871=ORIENTED_EDGE('',*,*,#5345,.F.);
#10872=ORIENTED_EDGE('',*,*,#5404,.T.);
#10873=ORIENTED_EDGE('',*,*,#10860,.T.);
#10874=EDGE_LOOP('',(#10870,#10871,#10872,#10873));
#10875=FACE_OUTER_BOUND('',#10874,.F.);
#10876=ADVANCED_FACE('',(#10875),#10869,.T.);
#10877=CARTESIAN_POINT('',(-1.8036E2,-1.779701989743E0,1.45E1));
#10878=DIRECTION('',(1.E0,0.E0,0.E0));
#10879=DIRECTION('',(0.E0,1.E0,0.E0));
#10880=AXIS2_PLACEMENT_3D('',#10877,#10878,#10879);
#10881=CYLINDRICAL_SURFACE('',#10880,5.E-1);
#10882=ORIENTED_EDGE('',*,*,#9606,.T.);
#10884=ORIENTED_EDGE('',*,*,#10883,.F.);
#10885=ORIENTED_EDGE('',*,*,#5423,.T.);
#10886=ORIENTED_EDGE('',*,*,#9702,.T.);
#10887=EDGE_LOOP('',(#10882,#10884,#10885,#10886));
#10888=FACE_OUTER_BOUND('',#10887,.F.);
#10889=ADVANCED_FACE('',(#10888),#10881,.T.);
#10890=CARTESIAN_POINT('',(1.081072670115E1,-1.287531098993E0,
1.442459738421E1));
#10891=CARTESIAN_POINT('',(1.084125203339E1,-1.282217127717E0,
1.444900679108E1));
#10892=CARTESIAN_POINT('',(1.089800483261E1,-1.277372113859E0,
1.449439792837E1));
#10893=CARTESIAN_POINT('',(1.097878332890E1,-1.284035583600E0,
1.455904667696E1));
#10894=CARTESIAN_POINT('',(1.105159712249E1,-1.301412919912E0,
1.461735595147E1));
#10895=CARTESIAN_POINT('',(1.111854426414E1,-1.328174470281E0,
1.467099795266E1));
#10896=CARTESIAN_POINT('',(1.117917192731E1,-1.363052274633E0,
1.471960348212E1));
#10897=CARTESIAN_POINT('',(1.123266922113E1,-1.404521947261E0,
1.476251548157E1));
#10898=CARTESIAN_POINT('',(1.127865768510E1,-1.451142451330E0,
1.479942294578E1));
#10899=CARTESIAN_POINT('',(1.131694147040E1,-1.501494994423E0,
1.483016126769E1));
#10900=CARTESIAN_POINT('',(1.134744167692E1,-1.554041821178E0,
1.485465997727E1));
#10901=CARTESIAN_POINT('',(1.137029772143E1,-1.607030391046E0,
1.487302469947E1));
#10902=CARTESIAN_POINT('',(1.138606026774E1,-1.658848454045E0,
1.488569292812E1));
#10903=CARTESIAN_POINT('',(1.139563443824E1,-1.708410068559E0,
1.489338884997E1));
#10904=CARTESIAN_POINT('',(1.140005947550E1,-1.755481822267E0,
1.489694610376E1));
#10905=CARTESIAN_POINT('',(1.140019593105E1,-1.813477792628E0,
1.489705578947E1));
#10906=CARTESIAN_POINT('',(1.139493080070E1,-1.855467347897E0,
1.489282323597E1));
#10907=CARTESIAN_POINT('',(1.138936988039E1,-1.881957998397E0,
1.488835316945E1));
#10908=CARTESIAN_POINT('',(1.076792903673E1,-1.293521733681E0,
1.446850854506E1));
#10909=CARTESIAN_POINT('',(1.079787993449E1,-1.285596467760E0,
1.449262385538E1));
#10910=CARTESIAN_POINT('',(1.085418637591E1,-1.275798276558E0,
1.453778754021E1));
#10911=CARTESIAN_POINT('',(1.093610087337E1,-1.275454419928E0,
1.460271191076E1));
#10912=CARTESIAN_POINT('',(1.101141676574E1,-1.286785268523E0,
1.466176968399E1));
#10913=CARTESIAN_POINT('',(1.108204072669E1,-1.308464473204E0,
1.471659890718E1));
#10914=CARTESIAN_POINT('',(1.114730689568E1,-1.339442157256E0,
1.476679650525E1));
#10915=CARTESIAN_POINT('',(1.120612862191E1,-1.378421367840E0,
1.481164949730E1));
#10916=CARTESIAN_POINT('',(1.125782683918E1,-1.424129605364E0,
1.485076828308E1));
#10917=CARTESIAN_POINT('',(1.130186472068E1,-1.475257391178E0,
1.488387103680E1));
#10918=CARTESIAN_POINT('',(1.133776984961E1,-1.530270985183E0,
1.491071654260E1));
#10919=CARTESIAN_POINT('',(1.136526775105E1,-1.587231938302E0,
1.493119481946E1));
#10920=CARTESIAN_POINT('',(1.138458503425E1,-1.644137648064E0,
1.494554276102E1));
#10921=CARTESIAN_POINT('',(1.139647879414E1,-1.699407076357E0,
1.495436300451E1));
#10922=CARTESIAN_POINT('',(1.140201983332E1,-1.752371184524E0,
1.495846887477E1));
#10923=CARTESIAN_POINT('',(1.140219088199E1,-1.817817085976E0,
1.495859581448E1));
#10924=CARTESIAN_POINT('',(1.139559719801E1,-1.865027807428E0,
1.495370907034E1));
#10925=CARTESIAN_POINT('',(1.138870051539E1,-1.894479586887E0,
1.494859675748E1));
#10926=CARTESIAN_POINT('',(1.074586055485E1,-1.341908052009E0,
1.449957384460E1));
#10927=CARTESIAN_POINT('',(1.077266784311E1,-1.332624339922E0,
1.452348109397E1));
#10928=CARTESIAN_POINT('',(1.082356660470E1,-1.319779562161E0,
1.456848386576E1));
#10929=CARTESIAN_POINT('',(1.089902915284E1,-1.313912347137E0,
1.463360322726E1));
#10930=CARTESIAN_POINT('',(1.096956817607E1,-1.319433543987E0,
1.469319053184E1));
#10931=CARTESIAN_POINT('',(1.103676751992E1,-1.335138470708E0,
1.474885966468E1));
#10932=CARTESIAN_POINT('',(1.109985223200E1,-1.360244343664E0,
1.480018358433E1));
#10933=CARTESIAN_POINT('',(1.115761461999E1,-1.393750890548E0,
1.484640974702E1));
#10934=CARTESIAN_POINT('',(1.120919829915E1,-1.434633414981E0,
1.488709294980E1));
#10935=CARTESIAN_POINT('',(1.125384435690E1,-1.481786618300E0,
1.492186843960E1));
#10936=CARTESIAN_POINT('',(1.129081086561E1,-1.533817606545E0,
1.495037420501E1));
#10937=CARTESIAN_POINT('',(1.131951992312E1,-1.588814562719E0,
1.497234773291E1));
#10938=CARTESIAN_POINT('',(1.133992094335E1,-1.644645226071E0,
1.498788400071E1));
#10939=CARTESIAN_POINT('',(1.135258573576E1,-1.699478038656E0,
1.499749965447E1));
#10940=CARTESIAN_POINT('',(1.135851400667E1,-1.752358721752E0,
1.500199364781E1));
#10941=CARTESIAN_POINT('',(1.135869712213E1,-1.817835456007E0,
1.500213279401E1));
#10942=CARTESIAN_POINT('',(1.135164221340E1,-1.864947153241E0,
1.499678323751E1));
#10943=CARTESIAN_POINT('',(1.134430578848E1,-1.894102518464E0,
1.499121656238E1));
#10944=CARTESIAN_POINT('',(1.075844439604E1,-1.402162829039E0,
1.449819399486E1));
#10945=CARTESIAN_POINT('',(1.078152222229E1,-1.393630571281E0,
1.452211048583E1));
#10946=CARTESIAN_POINT('',(1.082546372041E1,-1.381567907890E0,
1.456712040501E1));
#10947=CARTESIAN_POINT('',(1.089095694312E1,-1.375146023130E0,
1.463223110545E1));
#10948=CARTESIAN_POINT('',(1.095245388534E1,-1.378759749116E0,
1.469179488946E1));
#10949=CARTESIAN_POINT('',(1.101128778759E1,-1.391367674204E0,
1.474742671542E1));
#10950=CARTESIAN_POINT('',(1.106674737457E1,-1.412334606893E0,
1.479870060644E1));
#10951=CARTESIAN_POINT('',(1.111773499666E1,-1.440839025509E0,
1.484486577602E1));
#10952=CARTESIAN_POINT('',(1.116345210910E1,-1.476026962286E0,
1.488547949097E1));
#10953=CARTESIAN_POINT('',(1.120317672102E1,-1.516963346361E0,
1.492018068165E1));
#10954=CARTESIAN_POINT('',(1.123619143588E1,-1.562444100100E0,
1.494861270211E1));
#10955=CARTESIAN_POINT('',(1.126191682279E1,-1.610779776848E0,
1.497051981437E1));
#10956=CARTESIAN_POINT('',(1.128024684387E1,-1.660050953990E0,
1.498600329943E1));
#10957=CARTESIAN_POINT('',(1.129164766280E1,-1.708578184908E0,
1.499558362288E1));
#10958=CARTESIAN_POINT('',(1.129699008834E1,-1.755452296790E0,
1.500006037668E1));
#10959=CARTESIAN_POINT('',(1.129715513127E1,-1.813521312958E0,
1.500019898069E1));
#10960=CARTESIAN_POINT('',(1.129079731621E1,-1.855276270554E0,
1.499486998127E1));
#10961=CARTESIAN_POINT('',(1.128419460489E1,-1.881064687923E0,
1.498932348784E1));
#10962=(BOUNDED_SURFACE()B_SPLINE_SURFACE(3,3,((#10890,#10891,#10892,#10893,
#10894,#10895,#10896,#10897,#10898,#10899,#10900,#10901,#10902,#10903,#10904,
#10905,#10906,#10907),(#10908,#10909,#10910,#10911,#10912,#10913,#10914,#10915,
#10916,#10917,#10918,#10919,#10920,#10921,#10922,#10923,#10924,#10925),(#10926,
#10927,#10928,#10929,#10930,#10931,#10932,#10933,#10934,#10935,#10936,#10937,
#10938,#10939,#10940,#10941,#10942,#10943),(#10944,#10945,#10946,#10947,#10948,
#10949,#10950,#10951,#10952,#10953,#10954,#10955,#10956,#10957,#10958,#10959,
#10960,#10961)),.UNSPECIFIED.,.F.,.F.,.F.)B_SPLINE_SURFACE_WITH_KNOTS((4,4),(4,
1,1,1,1,1,1,1,1,1,1,1,1,1,1,4),(0.E0,1.E0),(-1.007274039368E-1,0.E0,
8.641990331196E-2,1.676434215913E-1,2.451920657985E-1,3.184866816174E-1,
3.872202328016E-1,4.513631589914E-1,5.113670022618E-1,5.671609832654E-1,
6.185039789252E-1,6.654876982090E-1,7.084466820333E-1,7.480381499113E-1,
7.856980973090E-1,8.554774525201E-1),.UNSPECIFIED.)GEOMETRIC_REPRESENTATION_ITEM()RATIONAL_B_SPLINE_SURFACE(((1.187262853654E0,1.187262853654E0,1.187262853654E0,
1.187262853654E0,1.187262853654E0,1.187262853654E0,1.187262853654E0,
1.187262853654E0,1.187262853654E0,1.187262853654E0,1.187262853654E0,
1.187262853654E0,1.187262853654E0,1.187262853654E0,1.187262853654E0,
1.187262853654E0,1.187262853654E0,1.187262853654E0),(9.375790487822E-1,
9.375790487822E-1,9.375790487822E-1,9.375790487822E-1,9.375790487822E-1,
9.375790487822E-1,9.375790487822E-1,9.375790487822E-1,9.375790487822E-1,
9.375790487822E-1,9.375790487822E-1,9.375790487822E-1,9.375790487822E-1,
9.375790487822E-1,9.375790487822E-1,9.375790487822E-1,9.375790487822E-1,
9.375790487822E-1),(9.375790487822E-1,9.375790487822E-1,9.375790487822E-1,
9.375790487822E-1,9.375790487822E-1,9.375790487822E-1,9.375790487822E-1,
9.375790487822E-1,9.375790487822E-1,9.375790487822E-1,9.375790487822E-1,
9.375790487822E-1,9.375790487822E-1,9.375790487822E-1,9.375790487822E-1,
9.375790487822E-1,9.375790487822E-1,9.375790487822E-1),(1.187262853654E0,
1.187262853654E0,1.187262853654E0,1.187262853654E0,1.187262853654E0,
1.187262853654E0,1.187262853654E0,1.187262853654E0,1.187262853654E0,
1.187262853654E0,1.187262853654E0,1.187262853654E0,1.187262853654E0,
1.187262853654E0,1.187262853654E0,1.187262853654E0,1.187262853654E0,
1.187262853654E0)))REPRESENTATION_ITEM('')SURFACE());
#10963=ORIENTED_EDGE('',*,*,#9436,.T.);
#10964=ORIENTED_EDGE('',*,*,#10883,.T.);
#10965=ORIENTED_EDGE('',*,*,#9591,.F.);
#10966=EDGE_LOOP('',(#10963,#10964,#10965));
#10967=FACE_OUTER_BOUND('',#10966,.F.);
#10968=ADVANCED_FACE('',(#10967),#10962,.T.);
#10969=CLOSED_SHELL('',(#5256,#5271,#5293,#5307,#5321,#5335,#5361,#5375,#5388,
#5779,#5794,#5808,#5822,#5836,#5850,#5864,#5878,#5892,#5906,#5920,#5934,#5948,
#5962,#5976,#5990,#6004,#6018,#6032,#6046,#6060,#6074,#6088,#6102,#6116,#6130,
#6144,#6158,#6172,#6186,#6200,#6214,#6228,#6242,#6256,#6270,#6284,#6298,#6312,
#6326,#6340,#6354,#6368,#6382,#6395,#6447,#6462,#6476,#6490,#6504,#6518,#6532,
#6546,#6560,#6574,#6588,#6602,#6616,#6630,#6644,#6658,#6672,#6686,#6700,#6714,
#6728,#6742,#6756,#6770,#6783,#6857,#6872,#6919,#6932,#6945,#6958,#6971,#6984,
#6997,#7010,#7023,#7036,#7049,#7062,#7075,#7088,#7101,#7114,#7127,#7140,#7153,
#7165,#7180,#7194,#7208,#7222,#7236,#7250,#7264,#7278,#7292,#7305,#7323,#7338,
#7352,#7366,#7380,#7394,#7408,#7422,#7436,#7450,#7464,#7478,#7492,#7506,#7520,
#7534,#7548,#7562,#7576,#7590,#7604,#7618,#7632,#7646,#7659,#7733,#7748,#7795,
#7808,#7821,#7834,#7847,#7860,#7873,#7886,#7899,#7912,#7925,#7938,#7951,#7964,
#7977,#7990,#8003,#8016,#8029,#8041,#8056,#8070,#8084,#8098,#8112,#8126,#8140,
#8154,#8168,#8182,#8196,#8210,#8224,#8238,#8252,#8266,#8280,#8294,#8308,#8322,
#8336,#8350,#8364,#8378,#8392,#8406,#8420,#8434,#8448,#8462,#8476,#8490,#8504,
#8518,#8532,#8546,#8560,#8574,#8588,#8602,#8616,#8630,#8644,#8657,#8709,#8724,
#8738,#8752,#8766,#8780,#8794,#8808,#8822,#8836,#8850,#8864,#8878,#8892,#8906,
#8920,#8934,#8948,#8962,#8976,#8990,#9004,#9018,#9032,#9045,#9119,#9134,#9181,
#9194,#9207,#9220,#9233,#9246,#9259,#9272,#9285,#9298,#9311,#9324,#9337,#9350,
#9363,#9376,#9389,#9402,#9415,#9427,#9442,#9456,#9470,#9484,#9498,#9520,#9533,
#9546,#9559,#9580,#9595,#9610,#9625,#9706,#9720,#9734,#9748,#9762,#9776,#9857,
#9871,#9886,#9899,#9920,#9935,#9949,#9962,#9977,#10038,#10053,#10067,#10081,
#10095,#10109,#10123,#10136,#10149,#10162,#10175,#10189,#10201,#10217,#10231,
#10243,#10256,#10269,#10283,#10298,#10316,#10336,#10349,#10362,#10375,#10393,
#10405,#10419,#10432,#10448,#10462,#10476,#10490,#10504,#10518,#10535,#10549,
#10562,#10575,#10587,#10599,#10611,#10624,#10637,#10650,#10663,#10675,#10688,
#10700,#10714,#10728,#10745,#10757,#10771,#10784,#10864,#10876,#10889,#10968));
#10970=MANIFOLD_SOLID_BREP('',#10969);
#10972=DIMENSIONAL_EXPONENTS(0.E0,0.E0,0.E0,0.E0,0.E0,0.E0,0.E0);
#10974=PLANE_ANGLE_MEASURE_WITH_UNIT(PLANE_ANGLE_MEASURE(1.745329251994E-2),
#10973);
#10975=(CONVERSION_BASED_UNIT('DEGREE',#10974)NAMED_UNIT(*)PLANE_ANGLE_UNIT());
#10977=UNCERTAINTY_MEASURE_WITH_UNIT(LENGTH_MEASURE(1.679904824696E-2),#10971,
'closure',
'Maximum model space distance between geometric entities at asserted connectivities');
#10978=(GEOMETRIC_REPRESENTATION_CONTEXT(3)GLOBAL_UNCERTAINTY_ASSIGNED_CONTEXT((
#10977))GLOBAL_UNIT_ASSIGNED_CONTEXT((#10971,#10975,#10976))REPRESENTATION_CONTEXT('ID1','3'));
#10979=CARTESIAN_POINT('',(0.E0,0.E0,0.E0));
#10980=DIRECTION('',(0.E0,0.E0,1.E0));
#10981=DIRECTION('',(1.E0,0.E0,0.E0));
#10984=APPLICATION_CONTEXT(
'CONFIGURATION CONTROLLED 3D DESIGNS OF MECHANICAL PARTS AND ASSEMBLIES');
#10985=APPLICATION_PROTOCOL_DEFINITION('international standard',
'config_control_design',1994,#10984);
#10986=DESIGN_CONTEXT('',#10984,'design');
#10987=MECHANICAL_CONTEXT('',#10984,'mechanical');
#10988=PRODUCT('GOGOGO_1_1_1','GOGOGO_1_1_1','NOT SPECIFIED',(#10987));
#10989=PRODUCT_DEFINITION_FORMATION_WITH_SPECIFIED_SOURCE('1','LAST_VERSION',
#10988,.MADE.);
#10998=CARTESIAN_POINT('',(5.E1,7.5E1,-1.5E1));
#10999=DIRECTION('',(0.E0,0.E0,1.E0));
#11000=DIRECTION('',(1.E0,0.E0,0.E0));
#11001=AXIS2_PLACEMENT_3D('',#10998,#10999,#11000);
#11002=ITEM_DEFINED_TRANSFORMATION('','',#10982,#11001);
#11003=(REPRESENTATION_RELATIONSHIP('','',#10983,#10995)REPRESENTATION_RELATIONSHIP_WITH_TRANSFORMATION(#11002)SHAPE_REPRESENTATION_RELATIONSHIP());
#11004=CONTEXT_DEPENDENT_SHAPE_REPRESENTATION(#11003,#10997);
#11006=DIMENSIONAL_EXPONENTS(0.E0,0.E0,0.E0,0.E0,0.E0,0.E0,0.E0);
#11008=PLANE_ANGLE_MEASURE_WITH_UNIT(PLANE_ANGLE_MEASURE(1.745329251994E-2),
#11007);
#11009=(CONVERSION_BASED_UNIT('DEGREE',#11008)NAMED_UNIT(*)PLANE_ANGLE_UNIT());
#11011=UNCERTAINTY_MEASURE_WITH_UNIT(LENGTH_MEASURE(1.679904824696E-2),#11005,
'closure',
'Maximum model space distance between geometric entities at asserted connectivities');
#11012=(GEOMETRIC_REPRESENTATION_CONTEXT(3)GLOBAL_UNCERTAINTY_ASSIGNED_CONTEXT((
#11011))GLOBAL_UNIT_ASSIGNED_CONTEXT((#11005,#11009,#11010))REPRESENTATION_CONTEXT('ID2','3'));
#11013=CARTESIAN_POINT('',(0.E0,0.E0,0.E0));
#11014=DIRECTION('',(0.E0,0.E0,1.E0));
#11015=DIRECTION('',(1.E0,0.E0,0.E0));
#11017=MECHANICAL_CONTEXT('',#10984,'mechanical');
#11018=PRODUCT('GO-NOGO_CARNIVAL_ASM','GO-NOGO_CARNIVAL_ASM','NOT SPECIFIED',(
#11017));
#11019=PRODUCT_DEFINITION_FORMATION_WITH_SPECIFIED_SOURCE('1','LAST_VERSION',
#11018,.MADE.);
#11021=PRODUCT_CATEGORY('part','');
#11022=PRODUCT_RELATED_PRODUCT_CATEGORY('assembly','',(#11018));
#11023=PRODUCT_CATEGORY_RELATIONSHIP('','',#11021,#11022);
#11024=PRODUCT_CATEGORY('part','');
#11025=PRODUCT_RELATED_PRODUCT_CATEGORY('detail','',(#10988));
#11026=PRODUCT_CATEGORY_RELATIONSHIP('','',#11024,#11025);
#11027=SECURITY_CLASSIFICATION_LEVEL('unclassified');
#11028=SECURITY_CLASSIFICATION('','',#11027);
#11029=CC_DESIGN_SECURITY_CLASSIFICATION(#11028,(#10989,#11019,#10996));
#11030=APPROVAL_STATUS('approved');
#11031=APPROVAL(#11030,'');
#11032=CC_DESIGN_APPROVAL(#11031,(#11028,#10989,#11019,#10990,#11020));
#11033=CALENDAR_DATE(126,19,8);
#11034=COORDINATED_UNIVERSAL_TIME_OFFSET(7,0,.AHEAD.);
#11035=LOCAL_TIME(10,7,2.3E1,#11034);
#11036=DATE_AND_TIME(#11033,#11035);
#11037=APPROVAL_DATE_TIME(#11036,#11031);
#11038=DATE_TIME_ROLE('creation_date');
#11039=CC_DESIGN_DATE_AND_TIME_ASSIGNMENT(#11036,#11038,(#10990,#11020));
#11040=DATE_TIME_ROLE('classification_date');
#11041=CC_DESIGN_DATE_AND_TIME_ASSIGNMENT(#11036,#11040,(#11028));
#11042=PERSON('UNSPECIFIED','UNSPECIFIED',$,$,$,$);
#11043=ORGANIZATION('UNSPECIFIED','UNSPECIFIED','UNSPECIFIED');
#11044=PERSON_AND_ORGANIZATION(#11042,#11043);
#11045=APPROVAL_ROLE('approver');
#11046=APPROVAL_PERSON_ORGANIZATION(#11044,#11031,#11045);
#11047=PERSON_AND_ORGANIZATION_ROLE('creator');
#11048=CC_DESIGN_PERSON_AND_ORGANIZATION_ASSIGNMENT(#11044,#11047,(#10989,
#11019,#10990,#11020));
#11049=PERSON_AND_ORGANIZATION_ROLE('design_supplier');
#11050=CC_DESIGN_PERSON_AND_ORGANIZATION_ASSIGNMENT(#11044,#11049,(#10989,
#11019));
#11051=PERSON_AND_ORGANIZATION_ROLE('classification_officer');
#11052=CC_DESIGN_PERSON_AND_ORGANIZATION_ASSIGNMENT(#11044,#11051,(#11028));
#11053=PERSON_AND_ORGANIZATION_ROLE('design_owner');
#11054=CC_DESIGN_PERSON_AND_ORGANIZATION_ASSIGNMENT(#11044,#11053,(#11018,
#10988));
#5=CIRCLE('',#4,5.E0);
#14=CIRCLE('',#13,5.E0);
#23=CIRCLE('',#22,5.E0);
#32=CIRCLE('',#31,5.E0);
#45=CIRCLE('',#44,5.E-1);
#58=CIRCLE('',#57,5.E-1);
#71=CIRCLE('',#70,5.E-1);
#84=CIRCLE('',#83,5.E-1);
#125=CIRCLE('',#124,5.E-1);
#134=CIRCLE('',#133,5.E-1);
#831=CIRCLE('',#830,5.E0);
#840=CIRCLE('',#839,5.E0);
#2925=CIRCLE('',#2924,1.E-1);
#2938=CIRCLE('',#2937,6.E-1);
#2943=CIRCLE('',#2942,5.E-1);
#2948=CIRCLE('',#2947,1.E-1);
#2957=CIRCLE('',#2956,1.E-1);
#2966=CIRCLE('',#2965,6.E-1);
#2971=CIRCLE('',#2970,5.E-1);
#2976=CIRCLE('',#2975,1.E-1);
#3001=CIRCLE('',#3000,5.E-1);
#3018=CIRCLE('',#3017,5.E-1);
#3051=B_SPLINE_CURVE_WITH_KNOTS('',3,(#3035,#3036,#3037,#3038,#3039,#3040,#3041,
#3042,#3043,#3044,#3045,#3046,#3047,#3048,#3049,#3050),.UNSPECIFIED.,.F.,.F.,(4,
1,1,1,1,1,1,1,1,1,1,1,1,4),(0.E0,2.581828352457E-2,7.737886788753E-2,
1.333250206406E-1,1.945126489771E-1,2.613774307357E-1,3.340387999314E-1,
4.121827382309E-1,4.957170685893E-1,5.852298412736E-1,6.806825593674E-1,
7.816753647921E-1,8.874540158743E-1,1.E0),.UNSPECIFIED.);
#3064=CIRCLE('',#3063,1.E-1);
#3076=B_SPLINE_CURVE_WITH_KNOTS('',3,(#3065,#3066,#3067,#3068,#3069,#3070,#3071,
#3072,#3073,#3074,#3075),.UNSPECIFIED.,.F.,.F.,(4,1,1,1,1,1,1,1,4),(0.E0,
1.25E-1,2.5E-1,3.75E-1,5.E-1,6.25E-1,7.5E-1,8.75E-1,1.E0),.UNSPECIFIED.);
#3081=CIRCLE('',#3080,1.E-1);
#3094=CIRCLE('',#3093,6.E-1);
#3099=CIRCLE('',#3098,5.E-1);
#3104=CIRCLE('',#3103,1.E-1);
#3113=CIRCLE('',#3112,1.E-1);
#3122=CIRCLE('',#3121,6.E-1);
#3127=CIRCLE('',#3126,5.E-1);
#3132=CIRCLE('',#3131,1.E-1);
#3145=CIRCLE('',#3144,1.E-1);
#3157=B_SPLINE_CURVE_WITH_KNOTS('',3,(#3146,#3147,#3148,#3149,#3150,#3151,#3152,
#3153,#3154,#3155,#3156),.UNSPECIFIED.,.F.,.F.,(4,1,1,1,1,1,1,1,4),(0.E0,
1.25E-1,2.5E-1,3.75E-1,5.E-1,6.25E-1,7.5E-1,8.75E-1,1.E0),.UNSPECIFIED.);
#3174=B_SPLINE_CURVE_WITH_KNOTS('',3,(#3166,#3167,#3168,#3169,#3170,#3171,#3172,
#3173),.UNSPECIFIED.,.F.,.F.,(4,1,1,1,1,4),(0.E0,2.E-1,4.E-1,6.E-1,8.E-1,1.E0),
.UNSPECIFIED.);
#3191=CIRCLE('',#3190,5.E-1);
#3196=CIRCLE('',#3195,5.E-1);
#3205=CIRCLE('',#3204,5.E-1);
#3210=CIRCLE('',#3209,5.E-1);
#3223=CIRCLE('',#3222,5.E-1);
#3228=CIRCLE('',#3227,5.E-1);
#3233=CIRCLE('',#3232,5.E-1);
#3248=B_SPLINE_CURVE_WITH_KNOTS('',3,(#3242,#3243,#3244,#3245,#3246,#3247),
.UNSPECIFIED.,.F.,.F.,(4,1,1,4),(0.E0,3.333333333333E-1,6.666666666667E-1,1.E0),
.UNSPECIFIED.);
#3255=B_SPLINE_CURVE_WITH_KNOTS('',3,(#3249,#3250,#3251,#3252,#3253,#3254),
.UNSPECIFIED.,.F.,.F.,(4,1,1,4),(0.E0,3.333333333333E-1,6.666666666667E-1,1.E0),
.UNSPECIFIED.);
#3262=B_SPLINE_CURVE_WITH_KNOTS('',3,(#3256,#3257,#3258,#3259,#3260,#3261),
.UNSPECIFIED.,.F.,.F.,(4,1,1,4),(0.E0,3.333333333333E-1,6.666666666667E-1,1.E0),
.UNSPECIFIED.);
#3271=CIRCLE('',#3270,5.E0);
#3276=CIRCLE('',#3275,5.E0);
#3289=CIRCLE('',#3288,5.E-1);
#3298=CIRCLE('',#3297,1.E-1);
#3311=CIRCLE('',#3310,6.E-1);
#3316=CIRCLE('',#3315,5.E-1);
#3321=CIRCLE('',#3320,1.E-1);
#3330=CIRCLE('',#3329,1.E-1);
#3339=CIRCLE('',#3338,6.E-1);
#3344=CIRCLE('',#3343,5.E-1);
#3349=CIRCLE('',#3348,1.E-1);
#3374=CIRCLE('',#3373,5.E-1);
#3391=CIRCLE('',#3390,5.E-1);
#3408=CIRCLE('',#3407,1.E-1);
#3421=CIRCLE('',#3420,9.999997603584E-1);
#3430=CIRCLE('',#3429,1.E-1);
#3435=CIRCLE('',#3434,5.E-1);
#3440=CIRCLE('',#3439,4.999997603584E-1);
#3461=CIRCLE('',#3460,5.E-1);
#3466=CIRCLE('',#3465,5.E-1);
#3471=CIRCLE('',#3470,5.E-1);
#3488=CIRCLE('',#3487,5.E-1);
#3493=CIRCLE('',#3492,5.E-1);
#3502=CIRCLE('',#3501,5.E-1);
#3507=CIRCLE('',#3506,5.E-1);
#3520=CIRCLE('',#3519,5.E-1);
#3537=CIRCLE('',#3536,5.E-1);
#3570=B_SPLINE_CURVE_WITH_KNOTS('',3,(#3554,#3555,#3556,#3557,#3558,#3559,#3560,
#3561,#3562,#3563,#3564,#3565,#3566,#3567,#3568,#3569),.UNSPECIFIED.,.F.,.F.,(4,
1,1,1,1,1,1,1,1,1,1,1,1,4),(0.E0,2.581828352473E-2,7.737886788768E-2,
1.333250206410E-1,1.945126489774E-1,2.613774307361E-1,3.340387999319E-1,
4.121827382312E-1,4.957170685897E-1,5.852298412739E-1,6.806825593677E-1,
7.816753647922E-1,8.874540158743E-1,1.E0),.UNSPECIFIED.);
#3583=CIRCLE('',#3582,5.E-1);
#3588=CIRCLE('',#3587,4.999998181726E-1);
#3593=CIRCLE('',#3592,9.999998181726E-1);
#3602=CIRCLE('',#3601,1.E-1);
#3607=CIRCLE('',#3606,1.E-1);
#3620=CIRCLE('',#3619,6.E-1);
#3625=CIRCLE('',#3624,5.E-1);
#3630=CIRCLE('',#3629,1.E-1);
#3639=CIRCLE('',#3638,1.E-1);
#3648=CIRCLE('',#3647,6.E-1);
#3653=CIRCLE('',#3652,5.E-1);
#3658=CIRCLE('',#3657,1.E-1);
#3671=CIRCLE('',#3670,9.999998181725E-1);
#3680=CIRCLE('',#3679,1.E-1);
#3689=CIRCLE('',#3688,4.999998181726E-1);
#3694=CIRCLE('',#3693,5.E-1);
#3707=CIRCLE('',#3706,5.E-1);
#3712=CIRCLE('',#3711,5.E-1);
#3717=CIRCLE('',#3716,5.E-1);
#3754=CIRCLE('',#3753,5.E-1);
#3771=CIRCLE('',#3770,5.E-1);
#3808=B_SPLINE_CURVE_WITH_KNOTS('',3,(#3800,#3801,#3802,#3803,#3804,#3805,#3806,
#3807),.UNSPECIFIED.,.F.,.F.,(4,1,1,1,1,4),(0.E0,2.E-1,4.E-1,6.E-1,8.E-1,1.E0),
.UNSPECIFIED.);
#3821=CIRCLE('',#3820,5.E-1);
#3838=CIRCLE('',#3837,5.E-1);
#3855=B_SPLINE_CURVE_WITH_KNOTS('',3,(#3847,#3848,#3849,#3850,#3851,#3852,#3853,
#3854),.UNSPECIFIED.,.F.,.F.,(4,1,1,1,1,4),(0.E0,2.E-1,4.E-1,6.E-1,8.E-1,1.E0),
.UNSPECIFIED.);
#3872=CIRCLE('',#3871,1.E-1);
#3884=B_SPLINE_CURVE_WITH_KNOTS('',3,(#3873,#3874,#3875,#3876,#3877,#3878,#3879,
#3880,#3881,#3882,#3883),.UNSPECIFIED.,.F.,.F.,(4,1,1,1,1,1,1,1,4),(0.E0,
1.25E-1,2.5E-1,3.75E-1,5.E-1,6.25E-1,7.5E-1,8.75E-1,1.E0),.UNSPECIFIED.);
#3909=B_SPLINE_CURVE_WITH_KNOTS('',3,(#3893,#3894,#3895,#3896,#3897,#3898,#3899,
#3900,#3901,#3902,#3903,#3904,#3905,#3906,#3907,#3908),.UNSPECIFIED.,.F.,.F.,(4,
1,1,1,1,1,1,1,1,1,1,1,1,4),(0.E0,2.581828352882E-2,7.737886789266E-2,
1.333250206470E-1,1.945126489843E-1,2.613774307436E-1,3.340387999395E-1,
4.121827382384E-1,4.957170685959E-1,5.852298412792E-1,6.806825593718E-1,
7.816753647951E-1,8.874540158755E-1,1.E0),.UNSPECIFIED.);
#3934=B_SPLINE_CURVE_WITH_KNOTS('',3,(#3918,#3919,#3920,#3921,#3922,#3923,#3924,
#3925,#3926,#3927,#3928,#3929,#3930,#3931,#3932,#3933),.UNSPECIFIED.,.F.,.F.,(4,
1,1,1,1,1,1,1,1,1,1,1,1,4),(0.E0,2.581828352879E-2,7.737886789262E-2,
1.333250206468E-1,1.945126489842E-1,2.613774307434E-1,3.340387999392E-1,
4.121827382382E-1,4.957170685957E-1,5.852298412790E-1,6.806825593716E-1,
7.816753647949E-1,8.874540158753E-1,1.E0),.UNSPECIFIED.);
#3939=CIRCLE('',#3938,1.E-1);
#3951=B_SPLINE_CURVE_WITH_KNOTS('',3,(#3940,#3941,#3942,#3943,#3944,#3945,#3946,
#3947,#3948,#3949,#3950),.UNSPECIFIED.,.F.,.F.,(4,1,1,1,1,1,1,1,4),(0.E0,
1.25E-1,2.5E-1,3.75E-1,5.E-1,6.25E-1,7.5E-1,8.75E-1,1.E0),.UNSPECIFIED.);
#5178=EDGE_CURVE('',#3954,#3955,#5,.T.);
#5180=EDGE_CURVE('',#3955,#3957,#9,.T.);
#5182=EDGE_CURVE('',#3957,#3959,#14,.T.);
#5184=EDGE_CURVE('',#3959,#3961,#18,.T.);
#5186=EDGE_CURVE('',#3961,#3963,#23,.T.);
#5188=EDGE_CURVE('',#3963,#3965,#27,.T.);
#5190=EDGE_CURVE('',#3965,#3967,#32,.T.);
#5192=EDGE_CURVE('',#3967,#3954,#36,.T.);
#5196=EDGE_CURVE('',#5140,#5132,#3013,.T.);
#5198=EDGE_CURVE('',#5144,#5140,#3018,.T.);
#5200=EDGE_CURVE('',#5144,#3976,#40,.T.);
#5202=EDGE_CURVE('',#3976,#3977,#45,.T.);
#5204=EDGE_CURVE('',#3977,#3979,#49,.T.);
#5206=EDGE_CURVE('',#5080,#3979,#3365,.T.);
#5208=EDGE_CURVE('',#5084,#5080,#3374,.T.);
#5210=EDGE_CURVE('',#5092,#5084,#3386,.T.);
#5212=EDGE_CURVE('',#5096,#5092,#3391,.T.);
#5214=EDGE_CURVE('',#3970,#5096,#3399,.T.);
#5216=EDGE_CURVE('',#3970,#3971,#53,.T.);
#5218=EDGE_CURVE('',#3971,#3973,#58,.T.);
#5220=EDGE_CURVE('',#5128,#3973,#2992,.T.);
#5222=EDGE_CURVE('',#5132,#5128,#3001,.T.);
#5226=EDGE_CURVE('',#3985,#5152,#62,.T.);
#5228=EDGE_CURVE('',#5156,#5152,#3520,.T.);
#5230=EDGE_CURVE('',#5164,#5156,#3532,.T.);
#5232=EDGE_CURVE('',#5168,#5164,#3537,.T.);
#5234=EDGE_CURVE('',#5168,#3988,#66,.T.);
#5236=EDGE_CURVE('',#3988,#3989,#71,.T.);
#5238=EDGE_CURVE('',#3989,#3991,#75,.T.);
#5240=EDGE_CURVE('',#5116,#3991,#3779,.T.);
#5242=EDGE_CURVE('',#5120,#5116,#3771,.T.);
#5244=EDGE_CURVE('',#5104,#5120,#3762,.T.);
#5246=EDGE_CURVE('',#5108,#5104,#3754,.T.);
#5248=EDGE_CURVE('',#3982,#5108,#3749,.T.);
#5250=EDGE_CURVE('',#3982,#3983,#79,.T.);
#5252=EDGE_CURVE('',#3983,#3985,#84,.T.);
#5263=EDGE_CURVE('',#3954,#4092,#88,.T.);
#5265=EDGE_CURVE('',#4090,#4092,#840,.T.);
#5267=EDGE_CURVE('',#4090,#3955,#92,.T.);
#5279=EDGE_CURVE('',#4031,#3967,#108,.T.);
#5281=EDGE_CURVE('',#4028,#4031,#3266,.T.);
#5283=EDGE_CURVE('',#5058,#4028,#3799,.T.);
#5285=EDGE_CURVE('',#5058,#5060,#96,.T.);
#5287=EDGE_CURVE('',#4094,#5060,#3182,.T.);
#5289=EDGE_CURVE('',#4094,#4092,#100,.T.);
#5300=EDGE_CURVE('',#3965,#4033,#104,.T.);
#5302=EDGE_CURVE('',#4031,#4033,#3271,.T.);
#5313=EDGE_CURVE('',#4035,#3963,#120,.T.);
#5315=EDGE_CURVE('',#4035,#4033,#112,.T.);
#5328=EDGE_CURVE('',#3961,#4037,#116,.T.);
#5330=EDGE_CURVE('',#4035,#4037,#3276,.T.);
#5341=EDGE_CURVE('',#4086,#3959,#142,.T.);
#5343=EDGE_CURVE('',#4083,#4086,#826,.T.);
#5345=EDGE_CURVE('',#4083,#5054,#125,.T.);
#5347=EDGE_CURVE('',#5056,#5054,#3859,.T.);
#5349=EDGE_CURVE('',#5052,#5056,#3829,.T.);
#5351=EDGE_CURVE('',#5052,#5050,#129,.T.);
#5353=EDGE_CURVE('',#5050,#4039,#134,.T.);
#5355=EDGE_CURVE('',#4037,#4039,#3280,.T.);
#5368=EDGE_CURVE('',#3957,#4088,#138,.T.);
#5370=EDGE_CURVE('',#4086,#4088,#831,.T.);
#5382=EDGE_CURVE('',#4088,#4090,#835,.T.);
#5394=EDGE_CURVE('',#5148,#4080,#2929,.T.);
#5396=EDGE_CURVE('',#5146,#5148,#2938,.T.);
#5398=EDGE_CURVE('',#5136,#5146,#2952,.T.);
#5400=EDGE_CURVE('',#5134,#5136,#2966,.T.);
#5402=EDGE_CURVE('',#4084,#5134,#2984,.T.);
#5404=EDGE_CURVE('',#4083,#4084,#3892,.T.);
#5411=EDGE_CURVE('',#4096,#4094,#3165,.T.);
#5413=EDGE_CURVE('',#5172,#4096,#3136,.T.);
#5415=EDGE_CURVE('',#5170,#5172,#3122,.T.);
#5417=EDGE_CURVE('',#5160,#5170,#3108,.T.);
#5419=EDGE_CURVE('',#5158,#5160,#3094,.T.);
#5421=EDGE_CURVE('',#4077,#5158,#3089,.T.);
#5423=EDGE_CURVE('',#4080,#4077,#3917,.T.);
#5427=EDGE_CURVE('',#4187,#4188,#322,.T.);
#5429=EDGE_CURVE('',#4188,#4190,#326,.T.);
#5431=EDGE_CURVE('',#4190,#4192,#330,.T.);
#5433=EDGE_CURVE('',#4192,#4194,#334,.T.);
#5435=EDGE_CURVE('',#4194,#4196,#338,.T.);
#5437=EDGE_CURVE('',#4196,#4198,#342,.T.);
#5439=EDGE_CURVE('',#4198,#4200,#346,.T.);
#5441=EDGE_CURVE('',#4200,#4202,#350,.T.);
#5443=EDGE_CURVE('',#4202,#4204,#354,.T.);
#5445=EDGE_CURVE('',#4204,#4206,#358,.T.);
#5447=EDGE_CURVE('',#4206,#4208,#362,.T.);
#5449=EDGE_CURVE('',#4208,#4210,#366,.T.);
#5451=EDGE_CURVE('',#4210,#4212,#370,.T.);
#5453=EDGE_CURVE('',#4212,#4214,#374,.T.);
#5455=EDGE_CURVE('',#4214,#4216,#378,.T.);
#5457=EDGE_CURVE('',#4216,#4218,#382,.T.);
#5459=EDGE_CURVE('',#4218,#4220,#386,.T.);
#5461=EDGE_CURVE('',#4220,#4222,#390,.T.);
#5463=EDGE_CURVE('',#4222,#4224,#394,.T.);
#5465=EDGE_CURVE('',#4224,#4226,#398,.T.);
#5467=EDGE_CURVE('',#4226,#4228,#402,.T.);
#5469=EDGE_CURVE('',#4228,#4230,#406,.T.);
#5471=EDGE_CURVE('',#4230,#4232,#410,.T.);
#5473=EDGE_CURVE('',#4232,#4187,#414,.T.);
#5477=EDGE_CURVE('',#4235,#4236,#418,.T.);
#5479=EDGE_CURVE('',#4236,#4238,#422,.T.);
#5481=EDGE_CURVE('',#4238,#4240,#426,.T.);
#5483=EDGE_CURVE('',#4240,#4242,#430,.T.);
#5485=EDGE_CURVE('',#4242,#4244,#434,.T.);
#5487=EDGE_CURVE('',#4244,#4246,#438,.T.);
#5489=EDGE_CURVE('',#4246,#4248,#442,.T.);
#5491=EDGE_CURVE('',#4248,#4250,#446,.T.);
#5493=EDGE_CURVE('',#4250,#4252,#450,.T.);
#5495=EDGE_CURVE('',#4252,#4235,#454,.T.);
#5499=EDGE_CURVE('',#4255,#4256,#458,.T.);
#5501=EDGE_CURVE('',#4256,#4258,#462,.T.);
#5503=EDGE_CURVE('',#4258,#4260,#466,.T.);
#5505=EDGE_CURVE('',#4260,#4262,#470,.T.);
#5507=EDGE_CURVE('',#4262,#4264,#474,.T.);
#5509=EDGE_CURVE('',#4264,#4266,#478,.T.);
#5511=EDGE_CURVE('',#4266,#4268,#482,.T.);
#5513=EDGE_CURVE('',#4268,#4270,#486,.T.);
#5515=EDGE_CURVE('',#4270,#4272,#490,.T.);
#5517=EDGE_CURVE('',#4272,#4274,#494,.T.);
#5519=EDGE_CURVE('',#4274,#4276,#498,.T.);
#5521=EDGE_CURVE('',#4276,#4278,#502,.T.);
#5523=EDGE_CURVE('',#4278,#4280,#506,.T.);
#5525=EDGE_CURVE('',#4280,#4282,#510,.T.);
#5527=EDGE_CURVE('',#4282,#4284,#514,.T.);
#5529=EDGE_CURVE('',#4284,#4286,#518,.T.);
#5531=EDGE_CURVE('',#4286,#4288,#522,.T.);
#5533=EDGE_CURVE('',#4288,#4290,#526,.T.);
#5535=EDGE_CURVE('',#4290,#4292,#530,.T.);
#5537=EDGE_CURVE('',#4292,#4294,#534,.T.);
#5539=EDGE_CURVE('',#4294,#4296,#538,.T.);
#5541=EDGE_CURVE('',#4296,#4298,#542,.T.);
#5543=EDGE_CURVE('',#4298,#4300,#546,.T.);
#5545=EDGE_CURVE('',#4300,#4255,#550,.T.);
#5549=EDGE_CURVE('',#4303,#4304,#554,.T.);
#5551=EDGE_CURVE('',#4304,#4306,#558,.T.);
#5553=EDGE_CURVE('',#4306,#4308,#562,.T.);
#5555=EDGE_CURVE('',#4308,#4310,#566,.T.);
#5557=EDGE_CURVE('',#4310,#4312,#570,.T.);
#5559=EDGE_CURVE('',#4312,#4314,#574,.T.);
#5561=EDGE_CURVE('',#4314,#4316,#578,.T.);
#5563=EDGE_CURVE('',#4316,#4318,#582,.T.);
#5565=EDGE_CURVE('',#4318,#4320,#586,.T.);
#5567=EDGE_CURVE('',#4320,#4322,#590,.T.);
#5569=EDGE_CURVE('',#4322,#4324,#594,.T.);
#5571=EDGE_CURVE('',#4324,#4326,#598,.T.);
#5573=EDGE_CURVE('',#4326,#4328,#602,.T.);
#5575=EDGE_CURVE('',#4328,#4330,#606,.T.);
#5577=EDGE_CURVE('',#4330,#4332,#610,.T.);
#5579=EDGE_CURVE('',#4332,#4334,#614,.T.);
#5581=EDGE_CURVE('',#4334,#4336,#618,.T.);
#5583=EDGE_CURVE('',#4336,#4338,#622,.T.);
#5585=EDGE_CURVE('',#4338,#4340,#626,.T.);
#5587=EDGE_CURVE('',#4340,#4342,#630,.T.);
#5589=EDGE_CURVE('',#4342,#4344,#634,.T.);
#5591=EDGE_CURVE('',#4344,#4346,#638,.T.);
#5593=EDGE_CURVE('',#4346,#4348,#642,.T.);
#5595=EDGE_CURVE('',#4348,#4350,#646,.T.);
#5597=EDGE_CURVE('',#4350,#4352,#650,.T.);
#5599=EDGE_CURVE('',#4352,#4354,#654,.T.);
#5601=EDGE_CURVE('',#4354,#4356,#658,.T.);
#5603=EDGE_CURVE('',#4356,#4358,#662,.T.);
#5605=EDGE_CURVE('',#4358,#4360,#666,.T.);
#5607=EDGE_CURVE('',#4360,#4362,#670,.T.);
#5609=EDGE_CURVE('',#4362,#4364,#674,.T.);
#5611=EDGE_CURVE('',#4364,#4366,#678,.T.);
#5613=EDGE_CURVE('',#4366,#4368,#682,.T.);
#5615=EDGE_CURVE('',#4368,#4370,#686,.T.);
#5617=EDGE_CURVE('',#4370,#4372,#690,.T.);
#5619=EDGE_CURVE('',#4372,#4374,#694,.T.);
#5621=EDGE_CURVE('',#4374,#4376,#698,.T.);
#5623=EDGE_CURVE('',#4376,#4378,#702,.T.);
#5625=EDGE_CURVE('',#4378,#4380,#706,.T.);
#5627=EDGE_CURVE('',#4380,#4382,#710,.T.);
#5629=EDGE_CURVE('',#4382,#4384,#714,.T.);
#5631=EDGE_CURVE('',#4384,#4386,#718,.T.);
#5633=EDGE_CURVE('',#4386,#4388,#722,.T.);
#5635=EDGE_CURVE('',#4388,#4303,#726,.T.);
#5639=EDGE_CURVE('',#4391,#4392,#730,.T.);
#5641=EDGE_CURVE('',#4392,#4394,#734,.T.);
#5643=EDGE_CURVE('',#4394,#4396,#738,.T.);
#5645=EDGE_CURVE('',#4396,#4398,#742,.T.);
#5647=EDGE_CURVE('',#4398,#4400,#746,.T.);
#5649=EDGE_CURVE('',#4400,#4402,#750,.T.);
#5651=EDGE_CURVE('',#4402,#4404,#754,.T.);
#5653=EDGE_CURVE('',#4404,#4406,#758,.T.);
#5655=EDGE_CURVE('',#4406,#4408,#762,.T.);
#5657=EDGE_CURVE('',#4408,#4410,#766,.T.);
#5659=EDGE_CURVE('',#4410,#4412,#770,.T.);
#5661=EDGE_CURVE('',#4412,#4414,#774,.T.);
#5663=EDGE_CURVE('',#4414,#4416,#778,.T.);
#5665=EDGE_CURVE('',#4416,#4418,#782,.T.);
#5667=EDGE_CURVE('',#4418,#4420,#786,.T.);
#5669=EDGE_CURVE('',#4420,#4422,#790,.T.);
#5671=EDGE_CURVE('',#4422,#4424,#794,.T.);
#5673=EDGE_CURVE('',#4424,#4426,#798,.T.);
#5675=EDGE_CURVE('',#4426,#4428,#802,.T.);
#5677=EDGE_CURVE('',#4428,#4430,#806,.T.);
#5679=EDGE_CURVE('',#4430,#4432,#810,.T.);
#5681=EDGE_CURVE('',#4432,#4434,#814,.T.);
#5683=EDGE_CURVE('',#4434,#4436,#818,.T.);
#5685=EDGE_CURVE('',#4436,#4391,#822,.T.);
#5689=EDGE_CURVE('',#4099,#4100,#146,.T.);
#5691=EDGE_CURVE('',#4100,#4102,#150,.T.);
#5693=EDGE_CURVE('',#4102,#4104,#154,.T.);
#5695=EDGE_CURVE('',#4104,#4106,#158,.T.);
#5697=EDGE_CURVE('',#4106,#4108,#162,.T.);
#5699=EDGE_CURVE('',#4108,#4110,#166,.T.);
#5701=EDGE_CURVE('',#4110,#4112,#170,.T.);
#5703=EDGE_CURVE('',#4112,#4114,#174,.T.);
#5705=EDGE_CURVE('',#4114,#4116,#178,.T.);
#5707=EDGE_CURVE('',#4116,#4118,#182,.T.);
#5709=EDGE_CURVE('',#4118,#4120,#186,.T.);
#5711=EDGE_CURVE('',#4120,#4122,#190,.T.);
#5713=EDGE_CURVE('',#4122,#4124,#194,.T.);
#5715=EDGE_CURVE('',#4124,#4126,#198,.T.);
#5717=EDGE_CURVE('',#4126,#4128,#202,.T.);
#5719=EDGE_CURVE('',#4128,#4130,#206,.T.);
#5721=EDGE_CURVE('',#4130,#4132,#210,.T.);
#5723=EDGE_CURVE('',#4132,#4134,#214,.T.);
#5725=EDGE_CURVE('',#4134,#4136,#218,.T.);
#5727=EDGE_CURVE('',#4136,#4138,#222,.T.);
#5729=EDGE_CURVE('',#4138,#4140,#226,.T.);
#5731=EDGE_CURVE('',#4140,#4142,#230,.T.);
#5733=EDGE_CURVE('',#4142,#4144,#234,.T.);
#5735=EDGE_CURVE('',#4144,#4146,#238,.T.);
#5737=EDGE_CURVE('',#4146,#4148,#242,.T.);
#5739=EDGE_CURVE('',#4148,#4150,#246,.T.);
#5741=EDGE_CURVE('',#4150,#4152,#250,.T.);
#5743=EDGE_CURVE('',#4152,#4154,#254,.T.);
#5745=EDGE_CURVE('',#4154,#4156,#258,.T.);
#5747=EDGE_CURVE('',#4156,#4158,#262,.T.);
#5749=EDGE_CURVE('',#4158,#4160,#266,.T.);
#5751=EDGE_CURVE('',#4160,#4162,#270,.T.);
#5753=EDGE_CURVE('',#4162,#4164,#274,.T.);
#5755=EDGE_CURVE('',#4164,#4166,#278,.T.);
#5757=EDGE_CURVE('',#4166,#4168,#282,.T.);
#5759=EDGE_CURVE('',#4168,#4170,#286,.T.);
#5761=EDGE_CURVE('',#4170,#4172,#290,.T.);
#5763=EDGE_CURVE('',#4172,#4174,#294,.T.);
#5765=EDGE_CURVE('',#4174,#4176,#298,.T.);
#5767=EDGE_CURVE('',#4176,#4178,#302,.T.);
#5769=EDGE_CURVE('',#4178,#4180,#306,.T.);
#5771=EDGE_CURVE('',#4180,#4182,#310,.T.);
#5773=EDGE_CURVE('',#4182,#4184,#314,.T.);
#5775=EDGE_CURVE('',#4184,#4099,#318,.T.);
#5786=EDGE_CURVE('',#4099,#4566,#844,.T.);
#5788=EDGE_CURVE('',#4566,#4568,#848,.T.);
#5790=EDGE_CURVE('',#4100,#4568,#1060,.T.);
#5801=EDGE_CURVE('',#4184,#4570,#852,.T.);
#5803=EDGE_CURVE('',#4566,#4570,#1068,.T.);
#5815=EDGE_CURVE('',#4182,#4572,#856,.T.);
#5817=EDGE_CURVE('',#4570,#4572,#1072,.T.);
#5829=EDGE_CURVE('',#4180,#4574,#860,.T.);
#5831=EDGE_CURVE('',#4572,#4574,#1076,.T.);
#5843=EDGE_CURVE('',#4178,#4576,#864,.T.);
#5845=EDGE_CURVE('',#4574,#4576,#1080,.T.);
#5857=EDGE_CURVE('',#4176,#4578,#868,.T.);
#5859=EDGE_CURVE('',#4578,#4576,#872,.T.);
#5871=EDGE_CURVE('',#4174,#4580,#876,.T.);
#5873=EDGE_CURVE('',#4578,#4580,#1084,.T.);
#5885=EDGE_CURVE('',#4172,#4582,#880,.T.);
#5887=EDGE_CURVE('',#4580,#4582,#1088,.T.);
#5899=EDGE_CURVE('',#4170,#4584,#884,.T.);
#5901=EDGE_CURVE('',#4582,#4584,#1092,.T.);
#5913=EDGE_CURVE('',#4168,#4586,#888,.T.);
#5915=EDGE_CURVE('',#4584,#4586,#1096,.T.);
#5927=EDGE_CURVE('',#4166,#4588,#892,.T.);
#5929=EDGE_CURVE('',#4586,#4588,#1100,.T.);
#5941=EDGE_CURVE('',#4164,#4590,#896,.T.);
#5943=EDGE_CURVE('',#4590,#4588,#900,.T.);
#5955=EDGE_CURVE('',#4162,#4592,#904,.T.);
#5957=EDGE_CURVE('',#4590,#4592,#1104,.T.);
#5969=EDGE_CURVE('',#4160,#4594,#908,.T.);
#5971=EDGE_CURVE('',#4592,#4594,#1108,.T.);
#5983=EDGE_CURVE('',#4158,#4596,#912,.T.);
#5985=EDGE_CURVE('',#4594,#4596,#1112,.T.);
#5997=EDGE_CURVE('',#4156,#4598,#916,.T.);
#5999=EDGE_CURVE('',#4596,#4598,#1116,.T.);
#6011=EDGE_CURVE('',#4154,#4600,#920,.T.);
#6013=EDGE_CURVE('',#4598,#4600,#1120,.T.);
#6025=EDGE_CURVE('',#4152,#4602,#924,.T.);
#6027=EDGE_CURVE('',#4602,#4600,#928,.T.);
#6039=EDGE_CURVE('',#4150,#4604,#932,.T.);
#6041=EDGE_CURVE('',#4602,#4604,#1124,.T.);
#6053=EDGE_CURVE('',#4148,#4606,#936,.T.);
#6055=EDGE_CURVE('',#4604,#4606,#1128,.T.);
#6067=EDGE_CURVE('',#4146,#4608,#940,.T.);
#6069=EDGE_CURVE('',#4606,#4608,#1132,.T.);
#6081=EDGE_CURVE('',#4144,#4610,#944,.T.);
#6083=EDGE_CURVE('',#4608,#4610,#1136,.T.);
#6095=EDGE_CURVE('',#4142,#4612,#948,.T.);
#6097=EDGE_CURVE('',#4612,#4610,#952,.T.);
#6109=EDGE_CURVE('',#4140,#4614,#956,.T.);
#6111=EDGE_CURVE('',#4612,#4614,#1140,.T.);
#6123=EDGE_CURVE('',#4138,#4616,#960,.T.);
#6125=EDGE_CURVE('',#4614,#4616,#1144,.T.);
#6137=EDGE_CURVE('',#4136,#4618,#964,.T.);
#6139=EDGE_CURVE('',#4616,#4618,#1148,.T.);
#6151=EDGE_CURVE('',#4134,#4620,#968,.T.);
#6153=EDGE_CURVE('',#4620,#4618,#972,.T.);
#6165=EDGE_CURVE('',#4132,#4622,#976,.T.);
#6167=EDGE_CURVE('',#4620,#4622,#1152,.T.);
#6179=EDGE_CURVE('',#4130,#4624,#980,.T.);
#6181=EDGE_CURVE('',#4622,#4624,#1156,.T.);
#6193=EDGE_CURVE('',#4128,#4626,#984,.T.);
#6195=EDGE_CURVE('',#4624,#4626,#1160,.T.);
#6207=EDGE_CURVE('',#4126,#4628,#988,.T.);
#6209=EDGE_CURVE('',#4626,#4628,#1164,.T.);
#6221=EDGE_CURVE('',#4124,#4630,#992,.T.);
#6223=EDGE_CURVE('',#4630,#4628,#996,.T.);
#6235=EDGE_CURVE('',#4122,#4632,#1000,.T.);
#6237=EDGE_CURVE('',#4630,#4632,#1168,.T.);
#6249=EDGE_CURVE('',#4120,#4634,#1004,.T.);
#6251=EDGE_CURVE('',#4632,#4634,#1172,.T.);
#6263=EDGE_CURVE('',#4118,#4636,#1008,.T.);
#6265=EDGE_CURVE('',#4634,#4636,#1176,.T.);
#6277=EDGE_CURVE('',#4116,#4638,#1012,.T.);
#6279=EDGE_CURVE('',#4636,#4638,#1180,.T.);
#6291=EDGE_CURVE('',#4114,#4640,#1016,.T.);
#6293=EDGE_CURVE('',#4640,#4638,#1020,.T.);
#6305=EDGE_CURVE('',#4112,#4642,#1024,.T.);
#6307=EDGE_CURVE('',#4640,#4642,#1184,.T.);
#6319=EDGE_CURVE('',#4110,#4644,#1028,.T.);
#6321=EDGE_CURVE('',#4642,#4644,#1188,.T.);
#6333=EDGE_CURVE('',#4108,#4646,#1032,.T.);
#6335=EDGE_CURVE('',#4644,#4646,#1192,.T.);
#6347=EDGE_CURVE('',#4106,#4648,#1036,.T.);
#6349=EDGE_CURVE('',#4648,#4646,#1040,.T.);
#6361=EDGE_CURVE('',#4104,#4650,#1044,.T.);
#6363=EDGE_CURVE('',#4650,#4648,#1048,.T.);
#6375=EDGE_CURVE('',#4102,#4652,#1052,.T.);
#6377=EDGE_CURVE('',#4652,#4650,#1056,.T.);
#6390=EDGE_CURVE('',#4568,#4652,#1064,.T.);
#6454=EDGE_CURVE('',#4187,#4654,#1196,.T.);
#6456=EDGE_CURVE('',#4656,#4654,#1308,.T.);
#6458=EDGE_CURVE('',#4188,#4656,#1304,.T.);
#6469=EDGE_CURVE('',#4232,#4658,#1200,.T.);
#6471=EDGE_CURVE('',#4658,#4654,#1204,.T.);
#6483=EDGE_CURVE('',#4230,#4660,#1208,.T.);
#6485=EDGE_CURVE('',#4658,#4660,#1312,.T.);
#6497=EDGE_CURVE('',#4228,#4662,#1212,.T.);
#6499=EDGE_CURVE('',#4660,#4662,#1316,.T.);
#6511=EDGE_CURVE('',#4226,#4664,#1216,.T.);
#6513=EDGE_CURVE('',#4662,#4664,#1320,.T.);
#6525=EDGE_CURVE('',#4224,#4666,#1220,.T.);
#6527=EDGE_CURVE('',#4664,#4666,#1324,.T.);
#6539=EDGE_CURVE('',#4222,#4668,#1224,.T.);
#6541=EDGE_CURVE('',#4666,#4668,#1328,.T.);
#6553=EDGE_CURVE('',#4220,#4670,#1228,.T.);
#6555=EDGE_CURVE('',#4670,#4668,#1232,.T.);
#6567=EDGE_CURVE('',#4218,#4672,#1236,.T.);
#6569=EDGE_CURVE('',#4670,#4672,#1332,.T.);
#6581=EDGE_CURVE('',#4216,#4674,#1240,.T.);
#6583=EDGE_CURVE('',#4672,#4674,#1336,.T.);
#6595=EDGE_CURVE('',#4214,#4676,#1244,.T.);
#6597=EDGE_CURVE('',#4674,#4676,#1340,.T.);
#6609=EDGE_CURVE('',#4212,#4678,#1248,.T.);
#6611=EDGE_CURVE('',#4676,#4678,#1344,.T.);
#6623=EDGE_CURVE('',#4210,#4680,#1252,.T.);
#6625=EDGE_CURVE('',#4678,#4680,#1348,.T.);
#6637=EDGE_CURVE('',#4208,#4682,#1256,.T.);
#6639=EDGE_CURVE('',#4682,#4680,#1260,.T.);
#6651=EDGE_CURVE('',#4206,#4684,#1264,.T.);
#6653=EDGE_CURVE('',#4682,#4684,#1352,.T.);
#6665=EDGE_CURVE('',#4204,#4686,#1268,.T.);
#6667=EDGE_CURVE('',#4684,#4686,#1356,.T.);
#6679=EDGE_CURVE('',#4202,#4688,#1272,.T.);
#6681=EDGE_CURVE('',#4686,#4688,#1360,.T.);
#6693=EDGE_CURVE('',#4200,#4690,#1276,.T.);
#6695=EDGE_CURVE('',#4688,#4690,#1364,.T.);
#6707=EDGE_CURVE('',#4198,#4692,#1280,.T.);
#6709=EDGE_CURVE('',#4690,#4692,#1368,.T.);
#6721=EDGE_CURVE('',#4196,#4694,#1284,.T.);
#6723=EDGE_CURVE('',#4694,#4692,#1288,.T.);
#6735=EDGE_CURVE('',#4194,#4696,#1292,.T.);
#6737=EDGE_CURVE('',#4694,#4696,#1372,.T.);
#6749=EDGE_CURVE('',#4192,#4698,#1296,.T.);
#6751=EDGE_CURVE('',#4696,#4698,#1376,.T.);
#6763=EDGE_CURVE('',#4190,#4700,#1300,.T.);
#6765=EDGE_CURVE('',#4698,#4700,#1380,.T.);
#6778=EDGE_CURVE('',#4700,#4656,#1384,.T.);
#6815=EDGE_CURVE('',#4703,#4704,#1456,.T.);
#6817=EDGE_CURVE('',#4703,#4706,#1388,.T.);
#6819=EDGE_CURVE('',#4706,#4708,#1392,.T.);
#6821=EDGE_CURVE('',#4708,#4710,#1396,.T.);
#6823=EDGE_CURVE('',#4710,#4712,#1400,.T.);
#6825=EDGE_CURVE('',#4714,#4712,#1608,.T.);
#6827=EDGE_CURVE('',#4714,#4716,#1404,.T.);
#6829=EDGE_CURVE('',#4716,#4718,#1408,.T.);
#6831=EDGE_CURVE('',#4718,#4720,#1412,.T.);
#6833=EDGE_CURVE('',#4720,#4722,#1416,.T.);
#6835=EDGE_CURVE('',#4724,#4722,#1584,.T.);
#6837=EDGE_CURVE('',#4724,#4726,#1420,.T.);
#6839=EDGE_CURVE('',#4726,#4728,#1424,.T.);
#6841=EDGE_CURVE('',#4728,#4730,#1428,.T.);
#6843=EDGE_CURVE('',#4730,#4732,#1432,.T.);
#6845=EDGE_CURVE('',#4734,#4732,#1560,.T.);
#6847=EDGE_CURVE('',#4734,#4736,#1436,.T.);
#6849=EDGE_CURVE('',#4736,#4738,#1440,.T.);
#6851=EDGE_CURVE('',#4738,#4740,#1444,.T.);
#6853=EDGE_CURVE('',#4740,#4704,#1448,.T.);
#6863=EDGE_CURVE('',#4743,#4744,#1460,.T.);
#6865=EDGE_CURVE('',#4743,#4703,#1452,.T.);
#6868=EDGE_CURVE('',#4744,#4704,#1540,.T.);
#6879=EDGE_CURVE('',#4744,#4746,#1464,.T.);
#6881=EDGE_CURVE('',#4746,#4748,#1468,.T.);
#6883=EDGE_CURVE('',#4748,#4750,#1472,.T.);
#6885=EDGE_CURVE('',#4750,#4752,#1476,.T.);
#6887=EDGE_CURVE('',#4752,#4754,#1480,.T.);
#6889=EDGE_CURVE('',#4754,#4756,#1484,.T.);
#6891=EDGE_CURVE('',#4756,#4758,#1488,.T.);
#6893=EDGE_CURVE('',#4758,#4760,#1492,.T.);
#6895=EDGE_CURVE('',#4760,#4762,#1496,.T.);
#6897=EDGE_CURVE('',#4762,#4764,#1500,.T.);
#6899=EDGE_CURVE('',#4764,#4766,#1504,.T.);
#6901=EDGE_CURVE('',#4766,#4768,#1508,.T.);
#6903=EDGE_CURVE('',#4768,#4770,#1512,.T.);
#6905=EDGE_CURVE('',#4770,#4772,#1516,.T.);
#6907=EDGE_CURVE('',#4772,#4774,#1520,.T.);
#6909=EDGE_CURVE('',#4774,#4776,#1524,.T.);
#6911=EDGE_CURVE('',#4776,#4778,#1528,.T.);
#6913=EDGE_CURVE('',#4778,#4780,#1532,.T.);
#6915=EDGE_CURVE('',#4780,#4743,#1536,.T.);
#6928=EDGE_CURVE('',#4746,#4740,#1544,.T.);
#6941=EDGE_CURVE('',#4748,#4738,#1548,.T.);
#6954=EDGE_CURVE('',#4750,#4736,#1552,.T.);
#6967=EDGE_CURVE('',#4752,#4734,#1556,.T.);
#6980=EDGE_CURVE('',#4754,#4732,#1564,.T.);
#6993=EDGE_CURVE('',#4756,#4730,#1568,.T.);
#7006=EDGE_CURVE('',#4758,#4728,#1572,.T.);
#7019=EDGE_CURVE('',#4760,#4726,#1576,.T.);
#7032=EDGE_CURVE('',#4762,#4724,#1580,.T.);
#7045=EDGE_CURVE('',#4764,#4722,#1588,.T.);
#7058=EDGE_CURVE('',#4766,#4720,#1592,.T.);
#7071=EDGE_CURVE('',#4768,#4718,#1596,.T.);
#7084=EDGE_CURVE('',#4770,#4716,#1600,.T.);
#7097=EDGE_CURVE('',#4772,#4714,#1604,.T.);
#7110=EDGE_CURVE('',#4774,#4712,#1612,.T.);
#7123=EDGE_CURVE('',#4776,#4710,#1616,.T.);
#7136=EDGE_CURVE('',#4778,#4708,#1620,.T.);
#7149=EDGE_CURVE('',#4780,#4706,#1624,.T.);
#7172=EDGE_CURVE('',#4235,#4782,#1628,.T.);
#7174=EDGE_CURVE('',#4782,#4784,#1632,.T.);
#7176=EDGE_CURVE('',#4236,#4784,#1696,.T.);
#7187=EDGE_CURVE('',#4252,#4786,#1636,.T.);
#7189=EDGE_CURVE('',#4786,#4782,#1640,.T.);
#7201=EDGE_CURVE('',#4250,#4788,#1644,.T.);
#7203=EDGE_CURVE('',#4788,#4786,#1648,.T.);
#7215=EDGE_CURVE('',#4248,#4790,#1652,.T.);
#7217=EDGE_CURVE('',#4790,#4788,#1656,.T.);
#7229=EDGE_CURVE('',#4246,#4792,#1660,.T.);
#7231=EDGE_CURVE('',#4790,#4792,#1700,.T.);
#7243=EDGE_CURVE('',#4244,#4794,#1664,.T.);
#7245=EDGE_CURVE('',#4794,#4792,#1668,.T.);
#7257=EDGE_CURVE('',#4242,#4796,#1672,.T.);
#7259=EDGE_CURVE('',#4796,#4794,#1676,.T.);
#7271=EDGE_CURVE('',#4240,#4798,#1680,.T.);
#7273=EDGE_CURVE('',#4798,#4796,#1684,.T.);
#7285=EDGE_CURVE('',#4238,#4800,#1688,.T.);
#7287=EDGE_CURVE('',#4800,#4798,#1692,.T.);
#7300=EDGE_CURVE('',#4800,#4784,#1704,.T.);
#7330=EDGE_CURVE('',#4255,#4802,#1708,.T.);
#7332=EDGE_CURVE('',#4804,#4802,#1820,.T.);
#7334=EDGE_CURVE('',#4256,#4804,#1816,.T.);
#7345=EDGE_CURVE('',#4300,#4806,#1712,.T.);
#7347=EDGE_CURVE('',#4806,#4802,#1716,.T.);
#7359=EDGE_CURVE('',#4298,#4808,#1720,.T.);
#7361=EDGE_CURVE('',#4806,#4808,#1824,.T.);
#7373=EDGE_CURVE('',#4296,#4810,#1724,.T.);
#7375=EDGE_CURVE('',#4808,#4810,#1828,.T.);
#7387=EDGE_CURVE('',#4294,#4812,#1728,.T.);
#7389=EDGE_CURVE('',#4810,#4812,#1832,.T.);
#7401=EDGE_CURVE('',#4292,#4814,#1732,.T.);
#7403=EDGE_CURVE('',#4812,#4814,#1836,.T.);
#7415=EDGE_CURVE('',#4290,#4816,#1736,.T.);
#7417=EDGE_CURVE('',#4814,#4816,#1840,.T.);
#7429=EDGE_CURVE('',#4288,#4818,#1740,.T.);
#7431=EDGE_CURVE('',#4818,#4816,#1744,.T.);
#7443=EDGE_CURVE('',#4286,#4820,#1748,.T.);
#7445=EDGE_CURVE('',#4818,#4820,#1844,.T.);
#7457=EDGE_CURVE('',#4284,#4822,#1752,.T.);
#7459=EDGE_CURVE('',#4820,#4822,#1848,.T.);
#7471=EDGE_CURVE('',#4282,#4824,#1756,.T.);
#7473=EDGE_CURVE('',#4822,#4824,#1852,.T.);
#7485=EDGE_CURVE('',#4280,#4826,#1760,.T.);
#7487=EDGE_CURVE('',#4824,#4826,#1856,.T.);
#7499=EDGE_CURVE('',#4278,#4828,#1764,.T.);
#7501=EDGE_CURVE('',#4826,#4828,#1860,.T.);
#7513=EDGE_CURVE('',#4276,#4830,#1768,.T.);
#7515=EDGE_CURVE('',#4830,#4828,#1772,.T.);
#7527=EDGE_CURVE('',#4274,#4832,#1776,.T.);
#7529=EDGE_CURVE('',#4830,#4832,#1864,.T.);
#7541=EDGE_CURVE('',#4272,#4834,#1780,.T.);
#7543=EDGE_CURVE('',#4832,#4834,#1868,.T.);
#7555=EDGE_CURVE('',#4270,#4836,#1784,.T.);
#7557=EDGE_CURVE('',#4834,#4836,#1872,.T.);
#7569=EDGE_CURVE('',#4268,#4838,#1788,.T.);
#7571=EDGE_CURVE('',#4836,#4838,#1876,.T.);
#7583=EDGE_CURVE('',#4266,#4840,#1792,.T.);
#7585=EDGE_CURVE('',#4838,#4840,#1880,.T.);
#7597=EDGE_CURVE('',#4264,#4842,#1796,.T.);
#7599=EDGE_CURVE('',#4842,#4840,#1800,.T.);
#7611=EDGE_CURVE('',#4262,#4844,#1804,.T.);
#7613=EDGE_CURVE('',#4842,#4844,#1884,.T.);
#7625=EDGE_CURVE('',#4260,#4846,#1808,.T.);
#7627=EDGE_CURVE('',#4844,#4846,#1888,.T.);
#7639=EDGE_CURVE('',#4258,#4848,#1812,.T.);
#7641=EDGE_CURVE('',#4846,#4848,#1892,.T.);
#7654=EDGE_CURVE('',#4848,#4804,#1896,.T.);
#7691=EDGE_CURVE('',#4851,#4852,#1968,.T.);
#7693=EDGE_CURVE('',#4851,#4854,#1900,.T.);
#7695=EDGE_CURVE('',#4854,#4856,#1904,.T.);
#7697=EDGE_CURVE('',#4856,#4858,#1908,.T.);
#7699=EDGE_CURVE('',#4858,#4860,#1912,.T.);
#7701=EDGE_CURVE('',#4862,#4860,#2120,.T.);
#7703=EDGE_CURVE('',#4862,#4864,#1916,.T.);
#7705=EDGE_CURVE('',#4864,#4866,#1920,.T.);
#7707=EDGE_CURVE('',#4866,#4868,#1924,.T.);
#7709=EDGE_CURVE('',#4868,#4870,#1928,.T.);
#7711=EDGE_CURVE('',#4872,#4870,#2096,.T.);
#7713=EDGE_CURVE('',#4872,#4874,#1932,.T.);
#7715=EDGE_CURVE('',#4874,#4876,#1936,.T.);
#7717=EDGE_CURVE('',#4876,#4878,#1940,.T.);
#7719=EDGE_CURVE('',#4878,#4880,#1944,.T.);
#7721=EDGE_CURVE('',#4882,#4880,#2072,.T.);
#7723=EDGE_CURVE('',#4882,#4884,#1948,.T.);
#7725=EDGE_CURVE('',#4884,#4886,#1952,.T.);
#7727=EDGE_CURVE('',#4886,#4888,#1956,.T.);
#7729=EDGE_CURVE('',#4888,#4852,#1960,.T.);
#7739=EDGE_CURVE('',#4891,#4892,#1972,.T.);
#7741=EDGE_CURVE('',#4891,#4851,#1964,.T.);
#7744=EDGE_CURVE('',#4892,#4852,#2052,.T.);
#7755=EDGE_CURVE('',#4892,#4894,#1976,.T.);
#7757=EDGE_CURVE('',#4894,#4896,#1980,.T.);
#7759=EDGE_CURVE('',#4896,#4898,#1984,.T.);
#7761=EDGE_CURVE('',#4898,#4900,#1988,.T.);
#7763=EDGE_CURVE('',#4900,#4902,#1992,.T.);
#7765=EDGE_CURVE('',#4902,#4904,#1996,.T.);
#7767=EDGE_CURVE('',#4904,#4906,#2000,.T.);
#7769=EDGE_CURVE('',#4906,#4908,#2004,.T.);
#7771=EDGE_CURVE('',#4908,#4910,#2008,.T.);
#7773=EDGE_CURVE('',#4910,#4912,#2012,.T.);
#7775=EDGE_CURVE('',#4912,#4914,#2016,.T.);
#7777=EDGE_CURVE('',#4914,#4916,#2020,.T.);
#7779=EDGE_CURVE('',#4916,#4918,#2024,.T.);
#7781=EDGE_CURVE('',#4918,#4920,#2028,.T.);
#7783=EDGE_CURVE('',#4920,#4922,#2032,.T.);
#7785=EDGE_CURVE('',#4922,#4924,#2036,.T.);
#7787=EDGE_CURVE('',#4924,#4926,#2040,.T.);
#7789=EDGE_CURVE('',#4926,#4928,#2044,.T.);
#7791=EDGE_CURVE('',#4928,#4891,#2048,.T.);
#7804=EDGE_CURVE('',#4894,#4888,#2056,.T.);
#7817=EDGE_CURVE('',#4896,#4886,#2060,.T.);
#7830=EDGE_CURVE('',#4898,#4884,#2064,.T.);
#7843=EDGE_CURVE('',#4900,#4882,#2068,.T.);
#7856=EDGE_CURVE('',#4902,#4880,#2076,.T.);
#7869=EDGE_CURVE('',#4904,#4878,#2080,.T.);
#7882=EDGE_CURVE('',#4906,#4876,#2084,.T.);
#7895=EDGE_CURVE('',#4908,#4874,#2088,.T.);
#7908=EDGE_CURVE('',#4910,#4872,#2092,.T.);
#7921=EDGE_CURVE('',#4912,#4870,#2100,.T.);
#7934=EDGE_CURVE('',#4914,#4868,#2104,.T.);
#7947=EDGE_CURVE('',#4916,#4866,#2108,.T.);
#7960=EDGE_CURVE('',#4918,#4864,#2112,.T.);
#7973=EDGE_CURVE('',#4920,#4862,#2116,.T.);
#7986=EDGE_CURVE('',#4922,#4860,#2124,.T.);
#7999=EDGE_CURVE('',#4924,#4858,#2128,.T.);
#8012=EDGE_CURVE('',#4926,#4856,#2132,.T.);
#8025=EDGE_CURVE('',#4928,#4854,#2136,.T.);
#8048=EDGE_CURVE('',#4303,#4930,#2140,.T.);
#8050=EDGE_CURVE('',#4930,#4932,#2144,.T.);
#8052=EDGE_CURVE('',#4304,#4932,#2356,.T.);
#8063=EDGE_CURVE('',#4388,#4934,#2148,.T.);
#8065=EDGE_CURVE('',#4930,#4934,#2364,.T.);
#8077=EDGE_CURVE('',#4386,#4936,#2152,.T.);
#8079=EDGE_CURVE('',#4934,#4936,#2368,.T.);
#8091=EDGE_CURVE('',#4384,#4938,#2156,.T.);
#8093=EDGE_CURVE('',#4936,#4938,#2372,.T.);
#8105=EDGE_CURVE('',#4382,#4940,#2160,.T.);
#8107=EDGE_CURVE('',#4938,#4940,#2376,.T.);
#8119=EDGE_CURVE('',#4380,#4942,#2164,.T.);
#8121=EDGE_CURVE('',#4942,#4940,#2168,.T.);
#8133=EDGE_CURVE('',#4378,#4944,#2172,.T.);
#8135=EDGE_CURVE('',#4942,#4944,#2380,.T.);
#8147=EDGE_CURVE('',#4376,#4946,#2176,.T.);
#8149=EDGE_CURVE('',#4944,#4946,#2384,.T.);
#8161=EDGE_CURVE('',#4374,#4948,#2180,.T.);
#8163=EDGE_CURVE('',#4946,#4948,#2388,.T.);
#8175=EDGE_CURVE('',#4372,#4950,#2184,.T.);
#8177=EDGE_CURVE('',#4948,#4950,#2392,.T.);
#8189=EDGE_CURVE('',#4370,#4952,#2188,.T.);
#8191=EDGE_CURVE('',#4950,#4952,#2396,.T.);
#8203=EDGE_CURVE('',#4368,#4954,#2192,.T.);
#8205=EDGE_CURVE('',#4954,#4952,#2196,.T.);
#8217=EDGE_CURVE('',#4366,#4956,#2200,.T.);
#8219=EDGE_CURVE('',#4954,#4956,#2400,.T.);
#8231=EDGE_CURVE('',#4364,#4958,#2204,.T.);
#8233=EDGE_CURVE('',#4956,#4958,#2404,.T.);
#8245=EDGE_CURVE('',#4362,#4960,#2208,.T.);
#8247=EDGE_CURVE('',#4958,#4960,#2408,.T.);
#8259=EDGE_CURVE('',#4360,#4962,#2212,.T.);
#8261=EDGE_CURVE('',#4960,#4962,#2412,.T.);
#8273=EDGE_CURVE('',#4358,#4964,#2216,.T.);
#8275=EDGE_CURVE('',#4962,#4964,#2416,.T.);
#8287=EDGE_CURVE('',#4356,#4966,#2220,.T.);
#8289=EDGE_CURVE('',#4966,#4964,#2224,.T.);
#8301=EDGE_CURVE('',#4354,#4968,#2228,.T.);
#8303=EDGE_CURVE('',#4966,#4968,#2420,.T.);
#8315=EDGE_CURVE('',#4352,#4970,#2232,.T.);
#8317=EDGE_CURVE('',#4968,#4970,#2424,.T.);
#8329=EDGE_CURVE('',#4350,#4972,#2236,.T.);
#8331=EDGE_CURVE('',#4970,#4972,#2428,.T.);
#8343=EDGE_CURVE('',#4348,#4974,#2240,.T.);
#8345=EDGE_CURVE('',#4972,#4974,#2432,.T.);
#8357=EDGE_CURVE('',#4346,#4976,#2244,.T.);
#8359=EDGE_CURVE('',#4976,#4974,#2248,.T.);
#8371=EDGE_CURVE('',#4344,#4978,#2252,.T.);
#8373=EDGE_CURVE('',#4976,#4978,#2436,.T.);
#8385=EDGE_CURVE('',#4342,#4980,#2256,.T.);
#8387=EDGE_CURVE('',#4978,#4980,#2440,.T.);
#8399=EDGE_CURVE('',#4340,#4982,#2260,.T.);
#8401=EDGE_CURVE('',#4980,#4982,#2444,.T.);
#8413=EDGE_CURVE('',#4338,#4984,#2264,.T.);
#8415=EDGE_CURVE('',#4984,#4982,#2268,.T.);
#8427=EDGE_CURVE('',#4336,#4986,#2272,.T.);
#8429=EDGE_CURVE('',#4984,#4986,#2448,.T.);
#8441=EDGE_CURVE('',#4334,#4988,#2276,.T.);
#8443=EDGE_CURVE('',#4986,#4988,#2452,.T.);
#8455=EDGE_CURVE('',#4332,#4990,#2280,.T.);
#8457=EDGE_CURVE('',#4988,#4990,#2456,.T.);
#8469=EDGE_CURVE('',#4330,#4992,#2284,.T.);
#8471=EDGE_CURVE('',#4990,#4992,#2460,.T.);
#8483=EDGE_CURVE('',#4328,#4994,#2288,.T.);
#8485=EDGE_CURVE('',#4994,#4992,#2292,.T.);
#8497=EDGE_CURVE('',#4326,#4996,#2296,.T.);
#8499=EDGE_CURVE('',#4994,#4996,#2464,.T.);
#8511=EDGE_CURVE('',#4324,#4998,#2300,.T.);
#8513=EDGE_CURVE('',#4996,#4998,#2468,.T.);
#8525=EDGE_CURVE('',#4322,#5000,#2304,.T.);
#8527=EDGE_CURVE('',#4998,#5000,#2472,.T.);
#8539=EDGE_CURVE('',#4320,#5002,#2308,.T.);
#8541=EDGE_CURVE('',#5000,#5002,#2476,.T.);
#8553=EDGE_CURVE('',#4318,#5004,#2312,.T.);
#8555=EDGE_CURVE('',#5004,#5002,#2316,.T.);
#8567=EDGE_CURVE('',#4316,#5006,#2320,.T.);
#8569=EDGE_CURVE('',#5004,#5006,#2480,.T.);
#8581=EDGE_CURVE('',#4314,#5008,#2324,.T.);
#8583=EDGE_CURVE('',#5006,#5008,#2484,.T.);
#8595=EDGE_CURVE('',#4312,#5010,#2328,.T.);
#8597=EDGE_CURVE('',#5008,#5010,#2488,.T.);
#8609=EDGE_CURVE('',#4310,#5012,#2332,.T.);
#8611=EDGE_CURVE('',#5012,#5010,#2336,.T.);
#8623=EDGE_CURVE('',#4308,#5014,#2340,.T.);
#8625=EDGE_CURVE('',#5014,#5012,#2344,.T.);
#8637=EDGE_CURVE('',#4306,#5016,#2348,.T.);
#8639=EDGE_CURVE('',#5016,#5014,#2352,.T.);
#8652=EDGE_CURVE('',#4932,#5016,#2360,.T.);
#8716=EDGE_CURVE('',#4391,#4438,#2492,.T.);
#8718=EDGE_CURVE('',#4440,#4438,#2604,.T.);
#8720=EDGE_CURVE('',#4392,#4440,#2600,.T.);
#8731=EDGE_CURVE('',#4436,#4442,#2496,.T.);
#8733=EDGE_CURVE('',#4442,#4438,#2500,.T.);
#8745=EDGE_CURVE('',#4434,#4444,#2504,.T.);
#8747=EDGE_CURVE('',#4442,#4444,#2608,.T.);
#8759=EDGE_CURVE('',#4432,#4446,#2508,.T.);
#8761=EDGE_CURVE('',#4444,#4446,#2612,.T.);
#8773=EDGE_CURVE('',#4430,#4448,#2512,.T.);
#8775=EDGE_CURVE('',#4446,#4448,#2616,.T.);
#8787=EDGE_CURVE('',#4428,#4450,#2516,.T.);
#8789=EDGE_CURVE('',#4448,#4450,#2620,.T.);
#8801=EDGE_CURVE('',#4426,#4452,#2520,.T.);
#8803=EDGE_CURVE('',#4450,#4452,#2624,.T.);
#8815=EDGE_CURVE('',#4424,#4454,#2524,.T.);
#8817=EDGE_CURVE('',#4454,#4452,#2528,.T.);
#8829=EDGE_CURVE('',#4422,#4456,#2532,.T.);
#8831=EDGE_CURVE('',#4454,#4456,#2628,.T.);
#8843=EDGE_CURVE('',#4420,#4458,#2536,.T.);
#8845=EDGE_CURVE('',#4456,#4458,#2632,.T.);
#8857=EDGE_CURVE('',#4418,#4460,#2540,.T.);
#8859=EDGE_CURVE('',#4458,#4460,#2636,.T.);
#8871=EDGE_CURVE('',#4416,#4462,#2544,.T.);
#8873=EDGE_CURVE('',#4460,#4462,#2640,.T.);
#8885=EDGE_CURVE('',#4414,#4464,#2548,.T.);
#8887=EDGE_CURVE('',#4462,#4464,#2644,.T.);
#8899=EDGE_CURVE('',#4412,#4466,#2552,.T.);
#8901=EDGE_CURVE('',#4466,#4464,#2556,.T.);
#8913=EDGE_CURVE('',#4410,#4468,#2560,.T.);
#8915=EDGE_CURVE('',#4466,#4468,#2648,.T.);
#8927=EDGE_CURVE('',#4408,#4470,#2564,.T.);
#8929=EDGE_CURVE('',#4468,#4470,#2652,.T.);
#8941=EDGE_CURVE('',#4406,#4472,#2568,.T.);
#8943=EDGE_CURVE('',#4470,#4472,#2656,.T.);
#8955=EDGE_CURVE('',#4404,#4474,#2572,.T.);
#8957=EDGE_CURVE('',#4472,#4474,#2660,.T.);
#8969=EDGE_CURVE('',#4402,#4476,#2576,.T.);
#8971=EDGE_CURVE('',#4474,#4476,#2664,.T.);
#8983=EDGE_CURVE('',#4400,#4478,#2580,.T.);
#8985=EDGE_CURVE('',#4478,#4476,#2584,.T.);
#8997=EDGE_CURVE('',#4398,#4480,#2588,.T.);
#8999=EDGE_CURVE('',#4478,#4480,#2668,.T.);
#9011=EDGE_CURVE('',#4396,#4482,#2592,.T.);
#9013=EDGE_CURVE('',#4480,#4482,#2672,.T.);
#9025=EDGE_CURVE('',#4394,#4484,#2596,.T.);
#9027=EDGE_CURVE('',#4482,#4484,#2676,.T.);
#9040=EDGE_CURVE('',#4484,#4440,#2680,.T.);
#9077=EDGE_CURVE('',#4487,#4488,#2752,.T.);
#9079=EDGE_CURVE('',#4487,#4490,#2684,.T.);
#9081=EDGE_CURVE('',#4490,#4492,#2688,.T.);
#9083=EDGE_CURVE('',#4492,#4494,#2692,.T.);
#9085=EDGE_CURVE('',#4494,#4496,#2696,.T.);
#9087=EDGE_CURVE('',#4498,#4496,#2904,.T.);
#9089=EDGE_CURVE('',#4498,#4500,#2700,.T.);
#9091=EDGE_CURVE('',#4500,#4502,#2704,.T.);
#9093=EDGE_CURVE('',#4502,#4504,#2708,.T.);
#9095=EDGE_CURVE('',#4504,#4506,#2712,.T.);
#9097=EDGE_CURVE('',#4508,#4506,#2880,.T.);
#9099=EDGE_CURVE('',#4508,#4510,#2716,.T.);
#9101=EDGE_CURVE('',#4510,#4512,#2720,.T.);
#9103=EDGE_CURVE('',#4512,#4514,#2724,.T.);
#9105=EDGE_CURVE('',#4514,#4516,#2728,.T.);
#9107=EDGE_CURVE('',#4518,#4516,#2856,.T.);
#9109=EDGE_CURVE('',#4518,#4520,#2732,.T.);
#9111=EDGE_CURVE('',#4520,#4522,#2736,.T.);
#9113=EDGE_CURVE('',#4522,#4524,#2740,.T.);
#9115=EDGE_CURVE('',#4524,#4488,#2744,.T.);
#9125=EDGE_CURVE('',#4527,#4528,#2756,.T.);
#9127=EDGE_CURVE('',#4527,#4487,#2748,.T.);
#9130=EDGE_CURVE('',#4528,#4488,#2836,.T.);
#9141=EDGE_CURVE('',#4528,#4530,#2760,.T.);
#9143=EDGE_CURVE('',#4530,#4532,#2764,.T.);
#9145=EDGE_CURVE('',#4532,#4534,#2768,.T.);
#9147=EDGE_CURVE('',#4534,#4536,#2772,.T.);
#9149=EDGE_CURVE('',#4536,#4538,#2776,.T.);
#9151=EDGE_CURVE('',#4538,#4540,#2780,.T.);
#9153=EDGE_CURVE('',#4540,#4542,#2784,.T.);
#9155=EDGE_CURVE('',#4542,#4544,#2788,.T.);
#9157=EDGE_CURVE('',#4544,#4546,#2792,.T.);
#9159=EDGE_CURVE('',#4546,#4548,#2796,.T.);
#9161=EDGE_CURVE('',#4548,#4550,#2800,.T.);
#9163=EDGE_CURVE('',#4550,#4552,#2804,.T.);
#9165=EDGE_CURVE('',#4552,#4554,#2808,.T.);
#9167=EDGE_CURVE('',#4554,#4556,#2812,.T.);
#9169=EDGE_CURVE('',#4556,#4558,#2816,.T.);
#9171=EDGE_CURVE('',#4558,#4560,#2820,.T.);
#9173=EDGE_CURVE('',#4560,#4562,#2824,.T.);
#9175=EDGE_CURVE('',#4562,#4564,#2828,.T.);
#9177=EDGE_CURVE('',#4564,#4527,#2832,.T.);
#9190=EDGE_CURVE('',#4530,#4524,#2840,.T.);
#9203=EDGE_CURVE('',#4532,#4522,#2844,.T.);
#9216=EDGE_CURVE('',#4534,#4520,#2848,.T.);
#9229=EDGE_CURVE('',#4536,#4518,#2852,.T.);
#9242=EDGE_CURVE('',#4538,#4516,#2860,.T.);
#9255=EDGE_CURVE('',#4540,#4514,#2864,.T.);
#9268=EDGE_CURVE('',#4542,#4512,#2868,.T.);
#9281=EDGE_CURVE('',#4544,#4510,#2872,.T.);
#9294=EDGE_CURVE('',#4546,#4508,#2876,.T.);
#9307=EDGE_CURVE('',#4548,#4506,#2884,.T.);
#9320=EDGE_CURVE('',#4550,#4504,#2888,.T.);
#9333=EDGE_CURVE('',#4552,#4502,#2892,.T.);
#9346=EDGE_CURVE('',#4554,#4500,#2896,.T.);
#9359=EDGE_CURVE('',#4556,#4498,#2900,.T.);
#9372=EDGE_CURVE('',#4558,#4496,#2908,.T.);
#9385=EDGE_CURVE('',#4560,#4494,#2912,.T.);
#9398=EDGE_CURVE('',#4562,#4492,#2916,.T.);
#9411=EDGE_CURVE('',#4564,#4490,#2920,.T.);
#9433=EDGE_CURVE('',#5143,#5148,#2925,.T.);
#9436=EDGE_CURVE('',#5032,#4080,#3939,.T.);
#9438=EDGE_CURVE('',#5032,#5143,#2933,.T.);
#9448=EDGE_CURVE('',#5139,#5146,#2957,.T.);
#9452=EDGE_CURVE('',#5139,#5143,#2943,.T.);
#9462=EDGE_CURVE('',#5131,#5136,#2948,.T.);
#9466=EDGE_CURVE('',#5139,#5131,#2961,.T.);
#9476=EDGE_CURVE('',#5127,#5134,#2976,.T.);
#9480=EDGE_CURVE('',#5127,#5131,#2971,.T.);
#9491=EDGE_CURVE('',#5127,#5034,#2980,.T.);
#9493=EDGE_CURVE('',#4084,#5034,#3872,.T.);
#9504=EDGE_CURVE('',#5127,#5128,#2988,.T.);
#9507=EDGE_CURVE('',#4043,#3973,#3416,.T.);
#9509=EDGE_CURVE('',#4041,#4043,#3284,.T.);
#9511=EDGE_CURVE('',#5036,#4041,#3846,.T.);
#9513=EDGE_CURVE('',#5036,#5038,#2996,.T.);
#9515=EDGE_CURVE('',#5034,#5038,#3867,.T.);
#9528=EDGE_CURVE('',#5131,#5132,#3005,.T.);
#9541=EDGE_CURVE('',#5139,#5140,#3009,.T.);
#9554=EDGE_CURVE('',#5143,#5144,#3022,.T.);
#9567=EDGE_CURVE('',#5030,#5032,#3034,.T.);
#9569=EDGE_CURVE('',#5030,#4021,#3026,.T.);
#9571=EDGE_CURVE('',#4019,#4021,#3479,.T.);
#9573=EDGE_CURVE('',#4025,#4019,#3456,.T.);
#9575=EDGE_CURVE('',#3976,#4025,#3444,.T.);
#9586=EDGE_CURVE('',#5020,#5024,#3030,.T.);
#9588=EDGE_CURVE('',#5030,#5024,#3493,.T.);
#9591=EDGE_CURVE('',#5032,#5020,#3051,.T.);
#9601=EDGE_CURVE('',#5022,#5019,#3055,.T.);
#9603=EDGE_CURVE('',#5024,#5022,#3497,.T.);
#9606=EDGE_CURVE('',#5019,#5020,#3913,.T.);
#9617=EDGE_CURVE('',#4078,#5019,#3076,.T.);
#9619=EDGE_CURVE('',#4078,#5026,#3059,.T.);
#9621=EDGE_CURVE('',#5022,#5026,#3502,.T.);
#9699=EDGE_CURVE('',#4077,#4078,#3064,.T.);
#9702=EDGE_CURVE('',#4077,#5019,#3934,.T.);
#9712=EDGE_CURVE('',#5151,#5158,#3081,.T.);
#9714=EDGE_CURVE('',#5151,#4078,#3085,.T.);
#9728=EDGE_CURVE('',#5155,#5160,#3104,.T.);
#9730=EDGE_CURVE('',#5151,#5155,#3099,.T.);
#9742=EDGE_CURVE('',#5163,#5170,#3113,.T.);
#9744=EDGE_CURVE('',#5163,#5155,#3117,.T.);
#9756=EDGE_CURVE('',#5167,#5172,#3132,.T.);
#9758=EDGE_CURVE('',#5163,#5167,#3127,.T.);
#9770=EDGE_CURVE('',#4072,#4096,#3145,.T.);
#9772=EDGE_CURVE('',#4072,#5167,#3140,.T.);
#9851=EDGE_CURVE('',#4096,#5070,#3157,.T.);
#9853=EDGE_CURVE('',#4072,#5070,#3570,.T.);
#9863=EDGE_CURVE('',#5072,#5070,#3161,.T.);
#9867=EDGE_CURVE('',#4094,#5072,#3174,.T.);
#9877=EDGE_CURVE('',#5068,#5072,#3178,.T.);
#9879=EDGE_CURVE('',#5066,#5068,#3200,.T.);
#9881=EDGE_CURVE('',#5070,#5066,#3549,.T.);
#9895=EDGE_CURVE('',#5068,#5060,#3205,.T.);
#9905=EDGE_CURVE('',#5062,#5064,#3186,.T.);
#9907=EDGE_CURVE('',#5064,#4074,#3191,.T.);
#9909=EDGE_CURVE('',#4071,#4074,#3545,.T.);
#9911=EDGE_CURVE('',#4071,#5066,#3196,.T.);
#9916=EDGE_CURVE('',#5058,#5062,#3210,.T.);
#9926=EDGE_CURVE('',#5064,#4058,#3214,.T.);
#9929=EDGE_CURVE('',#4060,#5062,#3795,.T.);
#9931=EDGE_CURVE('',#4058,#4060,#3791,.T.);
#9942=EDGE_CURVE('',#4062,#4058,#3228,.T.);
#9944=EDGE_CURVE('',#4062,#4074,#3218,.T.);
#9955=EDGE_CURVE('',#4029,#4062,#3223,.T.);
#9958=EDGE_CURVE('',#4058,#4029,#3233,.T.);
#9969=EDGE_CURVE('',#4029,#4056,#3237,.T.);
#9971=EDGE_CURVE('',#4064,#4056,#3588,.T.);
#9973=EDGE_CURVE('',#4064,#4062,#3241,.T.);
#9983=EDGE_CURVE('',#5100,#4047,#3302,.T.);
#9985=EDGE_CURVE('',#5098,#5100,#3311,.T.);
#9987=EDGE_CURVE('',#5088,#5098,#3325,.T.);
#9989=EDGE_CURVE('',#5086,#5088,#3339,.T.);
#9991=EDGE_CURVE('',#4051,#5086,#3357,.T.);
#9993=EDGE_CURVE('',#4050,#4051,#3425,.T.);
#9995=EDGE_CURVE('',#4050,#4023,#3248,.T.);
#9997=EDGE_CURVE('',#4013,#4023,#3452,.T.);
#9999=EDGE_CURVE('',#4007,#4013,#3725,.T.);
#10001=EDGE_CURVE('',#4002,#4007,#3702,.T.);
#10003=EDGE_CURVE('',#4002,#3994,#3255,.T.);
#10005=EDGE_CURVE('',#3999,#3994,#3684,.T.);
#10007=EDGE_CURVE('',#5112,#3999,#3662,.T.);
#10009=EDGE_CURVE('',#5110,#5112,#3648,.T.);
#10011=EDGE_CURVE('',#5124,#5110,#3643,.T.);
#10013=EDGE_CURVE('',#5122,#5124,#3620,.T.);
#10015=EDGE_CURVE('',#4055,#5122,#3615,.T.);
#10017=EDGE_CURVE('',#4054,#4055,#3597,.T.);
#10019=EDGE_CURVE('',#4054,#4056,#3262,.T.);
#10022=EDGE_CURVE('',#4028,#4029,#3787,.T.);
#10029=EDGE_CURVE('',#4041,#4039,#3816,.T.);
#10032=EDGE_CURVE('',#4043,#4045,#3289,.T.);
#10034=EDGE_CURVE('',#4045,#4047,#3293,.T.);
#10044=EDGE_CURVE('',#5095,#5100,#3298,.T.);
#10047=EDGE_CURVE('',#5040,#4047,#3408,.T.);
#10049=EDGE_CURVE('',#5040,#5095,#3306,.T.);
#10059=EDGE_CURVE('',#5091,#5098,#3330,.T.);
#10063=EDGE_CURVE('',#5091,#5095,#3316,.T.);
#10073=EDGE_CURVE('',#5083,#5088,#3321,.T.);
#10077=EDGE_CURVE('',#5091,#5083,#3334,.T.);
#10087=EDGE_CURVE('',#5079,#5086,#3349,.T.);
#10091=EDGE_CURVE('',#5079,#5083,#3344,.T.);
#10102=EDGE_CURVE('',#5079,#5042,#3353,.T.);
#10104=EDGE_CURVE('',#4051,#5042,#3430,.T.);
#10115=EDGE_CURVE('',#5079,#5080,#3361,.T.);
#10118=EDGE_CURVE('',#3979,#5042,#3369,.T.);
#10131=EDGE_CURVE('',#5083,#5084,#3378,.T.);
#10144=EDGE_CURVE('',#5091,#5092,#3382,.T.);
#10157=EDGE_CURVE('',#5095,#5096,#3395,.T.);
#10170=EDGE_CURVE('',#3970,#5040,#3403,.T.);
#10181=EDGE_CURVE('',#3971,#4045,#3412,.T.);
#10207=EDGE_CURVE('',#5044,#4050,#3421,.T.);
#10213=EDGE_CURVE('',#5044,#3977,#3448,.T.);
#10224=EDGE_CURVE('',#5044,#4025,#3435,.T.);
#10226=EDGE_CURVE('',#4025,#4023,#3440,.T.);
#10249=EDGE_CURVE('',#4013,#4019,#3461,.T.);
#10263=EDGE_CURVE('',#4019,#4011,#3466,.T.);
#10265=EDGE_CURVE('',#4011,#4013,#3471,.T.);
#10275=EDGE_CURVE('',#4015,#4011,#3475,.T.);
#10279=EDGE_CURVE('',#4015,#4021,#3488,.T.);
#10290=EDGE_CURVE('',#4017,#4015,#3483,.T.);
#10292=EDGE_CURVE('',#4009,#4017,#3733,.T.);
#10294=EDGE_CURVE('',#4011,#4009,#3721,.T.);
#10310=EDGE_CURVE('',#5028,#5026,#3515,.T.);
#10312=EDGE_CURVE('',#5028,#4017,#3507,.T.);
#10322=EDGE_CURVE('',#5151,#5152,#3511,.T.);
#10325=EDGE_CURVE('',#4003,#3985,#3741,.T.);
#10327=EDGE_CURVE('',#4006,#4003,#3698,.T.);
#10329=EDGE_CURVE('',#5028,#4006,#3729,.T.);
#10344=EDGE_CURVE('',#5155,#5156,#3524,.T.);
#10357=EDGE_CURVE('',#5163,#5164,#3528,.T.);
#10370=EDGE_CURVE('',#5167,#5168,#3541,.T.);
#10383=EDGE_CURVE('',#4071,#4072,#3553,.T.);
#10388=EDGE_CURVE('',#3988,#4064,#3574,.T.);
#10412=EDGE_CURVE('',#4066,#4064,#3583,.T.);
#10414=EDGE_CURVE('',#4066,#3989,#3578,.T.);
#10425=EDGE_CURVE('',#4066,#4054,#3593,.T.);
#10440=EDGE_CURVE('',#4055,#4068,#3602,.T.);
#10442=EDGE_CURVE('',#3991,#4068,#3783,.T.);
#10454=EDGE_CURVE('',#5115,#5122,#3607,.T.);
#10456=EDGE_CURVE('',#5115,#4068,#3611,.T.);
#10470=EDGE_CURVE('',#5119,#5124,#3639,.T.);
#10472=EDGE_CURVE('',#5115,#5119,#3625,.T.);
#10482=EDGE_CURVE('',#5103,#5110,#3630,.T.);
#10484=EDGE_CURVE('',#5103,#5119,#3634,.T.);
#10498=EDGE_CURVE('',#5107,#5112,#3658,.T.);
#10500=EDGE_CURVE('',#5103,#5107,#3653,.T.);
#10512=EDGE_CURVE('',#3997,#3999,#3680,.T.);
#10514=EDGE_CURVE('',#3997,#5107,#3666,.T.);
#10524=EDGE_CURVE('',#3994,#3995,#3671,.T.);
#10526=EDGE_CURVE('',#3983,#3995,#3737,.T.);
#10529=EDGE_CURVE('',#3982,#3997,#3675,.T.);
#10541=EDGE_CURVE('',#4002,#4003,#3689,.T.);
#10543=EDGE_CURVE('',#4003,#3995,#3694,.T.);
#10555=EDGE_CURVE('',#4006,#4007,#3707,.T.);
#10569=EDGE_CURVE('',#4007,#4009,#3712,.T.);
#10571=EDGE_CURVE('',#4009,#4006,#3717,.T.);
#10617=EDGE_CURVE('',#5107,#5108,#3745,.T.);
#10630=EDGE_CURVE('',#5103,#5104,#3758,.T.);
#10645=EDGE_CURVE('',#5119,#5120,#3766,.T.);
#10656=EDGE_CURVE('',#5115,#5116,#3775,.T.);
#10684=EDGE_CURVE('',#4028,#4060,#3808,.T.);
#10707=EDGE_CURVE('',#5050,#5047,#3812,.T.);
#10709=EDGE_CURVE('',#4041,#5047,#3855,.T.);
#10722=EDGE_CURVE('',#5048,#5052,#3825,.T.);
#10724=EDGE_CURVE('',#5047,#5048,#3842,.T.);
#10735=EDGE_CURVE('',#5036,#5048,#3821,.T.);
#10739=EDGE_CURVE('',#5056,#5076,#3833,.T.);
#10741=EDGE_CURVE('',#5076,#5038,#3838,.T.);
#10763=EDGE_CURVE('',#5076,#5074,#3863,.T.);
#10767=EDGE_CURVE('',#5074,#5054,#3888,.T.);
#10778=EDGE_CURVE('',#5034,#5074,#3884,.T.);
#10860=EDGE_CURVE('',#4084,#5074,#3909,.T.);
#10883=EDGE_CURVE('',#4080,#5020,#3951,.T.);
#10971=(LENGTH_UNIT()NAMED_UNIT(*)SI_UNIT(.MILLI.,.METRE.));
#10973=(NAMED_UNIT(*)PLANE_ANGLE_UNIT()SI_UNIT($,.RADIAN.));
#10976=(NAMED_UNIT(*)SI_UNIT($,.STERADIAN.)SOLID_ANGLE_UNIT());
#10982=AXIS2_PLACEMENT_3D('',#10979,#10980,#10981);
#10983=ADVANCED_BREP_SHAPE_REPRESENTATION('',(#10982,#10970),#10978);
#10990=PRODUCT_DEFINITION('design','',#10989,#10986);
#10991=PRODUCT_DEFINITION_SHAPE('','SHAPE FOR GOGOGO_1_1_1.',#10990);
#10992=SHAPE_DEFINITION_REPRESENTATION(#10991,#10983);
#10993=SHAPE_DEFINITION_REPRESENTATION(#10994,#10995);
#10994=PRODUCT_DEFINITION_SHAPE('','SHAPE FOR GO-NOGO_CARNIVAL_ASM.',#11020);
#10995=SHAPE_REPRESENTATION('',(#11001,#11016),#11012);
#10996=NEXT_ASSEMBLY_USAGE_OCCURRENCE('454','Next assembly relationship',
'GOGOGO',#11020,#10990,$);
#10997=PRODUCT_DEFINITION_SHAPE('Placement #454',
'Placement of GOGOGO_1_1_1 with respect to GO-NOGO_CARNIVAL_ASM',#10996);
#11005=(LENGTH_UNIT()NAMED_UNIT(*)SI_UNIT(.MILLI.,.METRE.));
#11007=(NAMED_UNIT(*)PLANE_ANGLE_UNIT()SI_UNIT($,.RADIAN.));
#11010=(NAMED_UNIT(*)SI_UNIT($,.STERADIAN.)SOLID_ANGLE_UNIT());
#11016=AXIS2_PLACEMENT_3D('',#11013,#11014,#11015);
#11020=PRODUCT_DEFINITION('design','',#11019,#10986);
ENDSEC;
END-ISO-10303-21;
